OrderID,OrderDate,CustomerID,CustomerName,Region,Category,ProductName,Quantity,UnitPrice,Discount%,TotalAmount,PaymentMethod,CustomerType
ORD-2025001,2025-01-01,CUST-1039,Aarav Joshi,North,Stationery,Gel Pen Pack,2,99,0,198.0,Credit Card,Returning
ORD-2025002,2025-01-01,CUST-1212,Komal Joshi,East,Stationery,Notebook Set,3,199,15,507.45,Debit Card,New
ORD-2025003,2025-01-01,CUST-1132,Shreya Sharma,West,Electronics,Wireless Mouse,1,599,0,599.0,UPI,New
ORD-2025004,2025-01-01,CUST-1272,Aarav Saxena,South,Beauty,Herbal Shampoo,1,249,15,211.65,Credit Card,Returning
ORD-2025005,2025-01-01,CUST-1083,Komal Kapoor,East,Electronics,Smartwatch,1,2999,0,2999.0,Cash,Returning
ORD-2025006,2025-01-01,CUST-1013,Divya Joshi,Central,Home & Kitchen,Non-stick Pan Set,1,1299,0,1299.0,Credit Card,Returning
ORD-2025007,2025-01-01,CUST-1166,Divya Mehta,South,Home & Kitchen,LED Desk Lamp,2,799,0,1598.0,Debit Card,New
ORD-2025008,2025-01-02,CUST-1212,Komal Joshi,East,Apparel,Denim Jacket,1,1999,0,1999.0,UPI,Returning
ORD-2025009,2025-01-02,CUST-1125,Muskan Malhotra,North,Groceries,Organic Honey 500g,1,349,0,349.0,Credit Card,Returning
ORD-2025010,2025-01-02,CUST-1317,Aditya Kapoor,North,Home & Kitchen,Non-stick Pan Set,4,1299,5,4936.2,Debit Card,Returning
ORD-2025011,2025-01-02,CUST-1369,Rohan Sharma,South,Apparel,Denim Jacket,2,1999,0,3998.0,UPI,Returning
ORD-2025012,2025-01-02,CUST-1250,Shreya Saxena,Central,Electronics,Smartwatch,4,2999,0,11996.0,UPI,Returning
ORD-2025013,2025-01-02,CUST-1159,Isha Kapoor,North,Electronics,Wireless Mouse,2,599,15,1018.3,Debit Card,Returning
ORD-2025014,2025-01-02,CUST-1047,Isha Kapoor,West,Electronics,Smartwatch,2,2999,0,5998.0,Net Banking,Returning
ORD-2025015,2025-01-03,CUST-1290,Kabir Mehta,South,Groceries,Basmati Rice 5kg,1,549,20,439.2,Net Banking,New
ORD-2025016,2025-01-03,CUST-1211,Rohan Sharma,South,Apparel,Formal Shirt,2,899,10,1618.2,Credit Card,Returning
ORD-2025017,2025-01-03,CUST-1274,Muskan Singh,East,Apparel,Cotton T-Shirt,2,499,0,998.0,Debit Card,Returning
ORD-2025018,2025-01-03,CUST-1242,Sakshi Malhotra,East,Stationery,Notebook Set,1,199,20,159.2,Credit Card,Returning
ORD-2025019,2025-01-03,CUST-1352,Nandini Mehta,South,Groceries,Basmati Rice 5kg,2,549,0,1098.0,Debit Card,Returning
ORD-2025020,2025-01-03,CUST-1324,Rahul Verma,South,Sports,Cricket Bat,3,1499,20,3597.6,Credit Card,Returning
ORD-2025021,2025-01-03,CUST-1371,Rahul Verma,North,Apparel,Denim Jacket,1,1999,20,1599.2,UPI,Returning
ORD-2025022,2025-01-04,CUST-1258,Muskan Joshi,South,Groceries,Basmati Rice 5kg,1,549,20,439.2,Debit Card,Returning
ORD-2025023,2025-01-04,CUST-1289,Kunal Verma,East,Apparel,Cotton T-Shirt,4,499,0,1996.0,Net Banking,New
ORD-2025024,2025-01-04,CUST-1395,Rahul Verma,Central,Electronics,Wireless Mouse,2,599,20,958.4,UPI,New
ORD-2025025,2025-01-04,CUST-1351,Tanya Mehta,West,Sports,Cricket Bat,3,1499,5,4272.15,Credit Card,Returning
ORD-2025026,2025-01-05,CUST-1214,Rohan Sharma,West,Groceries,Organic Honey 500g,1,349,15,296.65,UPI,New
ORD-2025027,2025-01-05,CUST-1145,Kunal Joshi,West,Sports,Yoga Mat,2,699,0,1398.0,Cash,Returning
ORD-2025028,2025-01-05,CUST-1272,Aarav Saxena,East,Beauty,Herbal Shampoo,1,249,0,249.0,Credit Card,New
ORD-2025029,2025-01-05,CUST-1053,Vivaan Malhotra,South,Home & Kitchen,LED Desk Lamp,1,799,20,639.2,Net Banking,New
ORD-2025030,2025-01-05,CUST-1305,Muskan Joshi,East,Apparel,Denim Jacket,2,1999,15,3398.3,Debit Card,New
ORD-2025031,2025-01-05,CUST-1291,Arjun Saxena,West,Electronics,Bluetooth Headphones,2,1799,0,3598.0,Net Banking,Returning
ORD-2025032,2025-01-05,CUST-1022,Tanya Verma,West,Groceries,Organic Honey 500g,5,349,0,1745.0,Credit Card,Returning
ORD-2025033,2025-01-06,CUST-1207,Rohan Malhotra,South,Stationery,Notebook Set,3,199,5,567.15,Credit Card,Returning
ORD-2025034,2025-01-06,CUST-1092,Arjun Mehta,Central,Home & Kitchen,Non-stick Pan Set,1,1299,0,1299.0,Cash,Returning
ORD-2025035,2025-01-06,CUST-1206,Aditya Gupta,Central,Beauty,Face Wash 100ml,3,299,5,852.15,Credit Card,Returning
ORD-2025036,2025-01-06,CUST-1385,Aman Kapoor,North,Sports,Yoga Mat,3,699,10,1887.3,Debit Card,New
ORD-2025037,2025-01-06,CUST-1164,Kabir Malhotra,North,Stationery,Gel Pen Pack,3,99,5,282.15,Credit Card,Returning
ORD-2025038,2025-01-06,CUST-1317,Aditya Kapoor,East,Stationery,Gel Pen Pack,3,99,5,282.15,Credit Card,Returning
ORD-2025039,2025-01-07,CUST-1242,Sakshi Malhotra,South,Groceries,Basmati Rice 5kg,1,549,10,494.1,UPI,Returning
ORD-2025040,2025-01-07,CUST-1176,Meera Sharma,West,Sports,Cricket Bat,3,1499,20,3597.6,Credit Card,Returning
ORD-2025041,2025-01-07,CUST-1351,Tanya Mehta,East,Groceries,Organic Honey 500g,1,349,15,296.65,Cash,New
ORD-2025042,2025-01-07,CUST-1335,Divya Saxena,West,Apparel,Cotton T-Shirt,1,499,20,399.2,UPI,Returning
ORD-2025043,2025-01-07,CUST-1270,Nandini Verma,South,Sports,Yoga Mat,1,699,20,559.2,UPI,New
ORD-2025044,2025-01-07,CUST-1191,Nandini Malhotra,South,Electronics,Smartwatch,2,2999,10,5398.2,Debit Card,Returning
ORD-2025045,2025-01-07,CUST-1055,Rohan Saxena,West,Sports,Yoga Mat,4,699,20,2236.8,Net Banking,New
ORD-2025046,2025-01-08,CUST-1098,Rohan Patel,West,Sports,Yoga Mat,1,699,0,699.0,Credit Card,Returning
ORD-2025047,2025-01-09,CUST-1171,Ankit Verma,North,Home & Kitchen,Non-stick Pan Set,2,1299,10,2338.2,UPI,New
ORD-2025048,2025-01-09,CUST-1145,Kunal Joshi,West,Apparel,Cotton T-Shirt,3,499,20,1197.6,Debit Card,New
ORD-2025049,2025-01-09,CUST-1249,Kabir Sharma,South,Electronics,Bluetooth Headphones,3,1799,5,5127.15,Credit Card,Returning
ORD-2025050,2025-01-09,CUST-1013,Divya Joshi,East,Stationery,Gel Pen Pack,1,99,0,99.0,Cash,Returning
ORD-2025051,2025-01-09,CUST-1362,Shreya Malhotra,East,Sports,Yoga Mat,1,699,20,559.2,Net Banking,Returning
ORD-2025052,2025-01-09,CUST-1135,Shreya Joshi,North,Groceries,Basmati Rice 5kg,2,549,0,1098.0,Credit Card,New
ORD-2025053,2025-01-09,CUST-1019,Aarav Joshi,Central,Apparel,Denim Jacket,3,1999,10,5397.3,UPI,Returning
ORD-2025054,2025-01-09,CUST-1043,Divya Kapoor,North,Home & Kitchen,LED Desk Lamp,1,799,15,679.15,Debit Card,New
ORD-2025055,2025-01-09,CUST-1243,Aman Joshi,West,Beauty,Herbal Shampoo,1,249,0,249.0,Cash,Returning
ORD-2025056,2025-01-09,CUST-1273,Aman Saxena,South,Beauty,Face Wash 100ml,2,299,0,598.0,Cash,Returning
ORD-2025057,2025-01-10,CUST-1085,Shreya Mehta,Central,Sports,Yoga Mat,1,699,0,699.0,Debit Card,New
ORD-2025058,2025-01-10,CUST-1093,Kabir Mehta,South,Electronics,Smartwatch,1,2999,0,2999.0,Cash,Returning
ORD-2025059,2025-01-10,CUST-1327,Kunal Malhotra,West,Home & Kitchen,LED Desk Lamp,2,799,0,1598.0,Credit Card,Returning
ORD-2025060,2025-01-10,CUST-1027,Aditya Gupta,East,Stationery,Gel Pen Pack,3,99,0,297.0,Debit Card,New
ORD-2025061,2025-01-10,CUST-1185,Meera Sharma,East,Groceries,Basmati Rice 5kg,1,549,0,549.0,UPI,Returning
ORD-2025062,2025-01-10,CUST-1017,Aarav Verma,Central,Beauty,Face Wash 100ml,3,299,0,897.0,Credit Card,New
ORD-2025063,2025-01-11,CUST-1162,Aarav Kapoor,Central,Home & Kitchen,LED Desk Lamp,1,799,10,719.1,Cash,Returning
ORD-2025064,2025-01-11,CUST-1081,Nandini Verma,West,Electronics,Bluetooth Headphones,1,1799,5,1709.05,Debit Card,Returning
ORD-2025065,2025-01-12,CUST-1351,Tanya Mehta,West,Sports,Cricket Bat,2,1499,0,2998.0,Debit Card,Returning
ORD-2025066,2025-01-12,CUST-1247,Meera Malhotra,East,Electronics,Bluetooth Headphones,1,1799,10,1619.1,Net Banking,Returning
ORD-2025067,2025-01-12,CUST-1064,Ankit Mehta,West,Groceries,Basmati Rice 5kg,1,549,0,549.0,Credit Card,New
ORD-2025068,2025-01-12,CUST-1169,Nandini Patel,North,Apparel,Denim Jacket,1,1999,15,1699.15,Debit Card,Returning
ORD-2025069,2025-01-12,CUST-1356,Isha Verma,East,Sports,Cricket Bat,3,1499,0,4497.0,UPI,Returning
ORD-2025070,2025-01-12,CUST-1252,Arjun Singh,Central,Home & Kitchen,LED Desk Lamp,3,799,0,2397.0,Credit Card,New
ORD-2025071,2025-01-13,CUST-1243,Aman Joshi,Central,Groceries,Organic Honey 500g,1,349,0,349.0,Cash,Returning
ORD-2025072,2025-01-13,CUST-1030,Rahul Kapoor,Central,Home & Kitchen,LED Desk Lamp,3,799,0,2397.0,Credit Card,Returning
ORD-2025073,2025-01-13,CUST-1326,Rohan Verma,Central,Beauty,Face Wash 100ml,1,299,15,254.15,UPI,Returning
ORD-2025074,2025-01-13,CUST-1391,Kunal Gupta,North,Stationery,Notebook Set,3,199,15,507.45,UPI,New
ORD-2025075,2025-01-13,CUST-1356,Isha Verma,South,Home & Kitchen,Non-stick Pan Set,2,1299,5,2468.1,Cash,Returning
ORD-2025076,2025-01-13,CUST-1319,Rohan Sharma,South,Sports,Yoga Mat,1,699,5,664.05,Cash,New
ORD-2025077,2025-01-13,CUST-1314,Kunal Sharma,West,Stationery,Gel Pen Pack,1,99,5,94.05,UPI,Returning
ORD-2025078,2025-01-13,CUST-1400,Aarav Gupta,South,Home & Kitchen,Non-stick Pan Set,2,1299,0,2598.0,Net Banking,Returning
ORD-2025079,2025-01-13,CUST-1400,Aarav Gupta,South,Beauty,Herbal Shampoo,1,249,20,199.2,Debit Card,Returning
ORD-2025080,2025-01-13,CUST-1091,Kabir Gupta,East,Apparel,Cotton T-Shirt,1,499,15,424.15,Credit Card,Returning
ORD-2025081,2025-01-14,CUST-1277,Vivaan Sharma,Central,Groceries,Basmati Rice 5kg,1,549,0,549.0,Net Banking,New
ORD-2025082,2025-01-14,CUST-1067,Nandini Gupta,North,Home & Kitchen,LED Desk Lamp,1,799,5,759.05,Debit Card,Returning
ORD-2025083,2025-01-15,CUST-1365,Meera Singh,West,Beauty,Herbal Shampoo,2,249,0,498.0,Debit Card,New
ORD-2025084,2025-01-15,CUST-1135,Shreya Joshi,West,Home & Kitchen,LED Desk Lamp,3,799,0,2397.0,UPI,Returning
ORD-2025085,2025-01-15,CUST-1283,Aditya Mehta,East,Apparel,Formal Shirt,4,899,0,3596.0,UPI,Returning
ORD-2025086,2025-01-15,CUST-1178,Komal Sharma,East,Apparel,Formal Shirt,1,899,5,854.05,Cash,Returning
ORD-2025087,2025-01-15,CUST-1375,Kunal Joshi,South,Home & Kitchen,Non-stick Pan Set,1,1299,5,1234.05,Net Banking,Returning
ORD-2025088,2025-01-15,CUST-1062,Tanya Sharma,Central,Stationery,Notebook Set,1,199,10,179.1,Debit Card,New
ORD-2025089,2025-01-15,CUST-1223,Meera Saxena,North,Beauty,Herbal Shampoo,1,249,20,199.2,Credit Card,New
ORD-2025090,2025-01-15,CUST-1187,Kabir Saxena,South,Electronics,Smartwatch,1,2999,10,2699.1,Debit Card,New
ORD-2025091,2025-01-15,CUST-1033,Meera Joshi,East,Stationery,Gel Pen Pack,3,99,0,297.0,Debit Card,Returning
ORD-2025092,2025-01-15,CUST-1213,Ankit Patel,Central,Sports,Cricket Bat,1,1499,20,1199.2,Credit Card,Returning
ORD-2025093,2025-01-16,CUST-1316,Komal Saxena,West,Home & Kitchen,Non-stick Pan Set,1,1299,5,1234.05,UPI,Returning
ORD-2025094,2025-01-16,CUST-1228,Aarav Mehta,North,Home & Kitchen,LED Desk Lamp,1,799,15,679.15,Debit Card,Returning
ORD-2025095,2025-01-16,CUST-1061,Muskan Patel,Central,Groceries,Organic Honey 500g,1,349,0,349.0,UPI,Returning
ORD-2025096,2025-01-16,CUST-1002,Shreya Mehta,South,Electronics,Smartwatch,2,2999,10,5398.2,Credit Card,New
ORD-2025097,2025-01-16,CUST-1283,Aditya Mehta,North,Stationery,Notebook Set,3,199,10,537.3,Debit Card,Returning
ORD-2025098,2025-01-16,CUST-1154,Aditya Malhotra,South,Apparel,Cotton T-Shirt,3,499,10,1347.3,UPI,New
ORD-2025099,2025-01-16,CUST-1224,Swati Verma,South,Stationery,Notebook Set,1,199,20,159.2,Net Banking,Returning
ORD-2025100,2025-01-16,CUST-1227,Rohan Joshi,South,Stationery,Notebook Set,3,199,0,597.0,Credit Card,Returning
ORD-2025101,2025-01-17,CUST-1373,Rahul Verma,East,Groceries,Organic Honey 500g,1,349,5,331.55,UPI,Returning
ORD-2025102,2025-01-17,CUST-1063,Aman Sharma,Central,Electronics,Wireless Mouse,3,599,5,1707.15,Debit Card,New
ORD-2025103,2025-01-17,CUST-1084,Kunal Saxena,East,Apparel,Cotton T-Shirt,1,499,0,499.0,Net Banking,Returning
ORD-2025104,2025-01-17,CUST-1062,Tanya Sharma,South,Stationery,Gel Pen Pack,1,99,10,89.1,Cash,Returning
ORD-2025105,2025-01-17,CUST-1338,Komal Malhotra,North,Apparel,Formal Shirt,3,899,0,2697.0,Credit Card,New
ORD-2025106,2025-01-17,CUST-1278,Meera Verma,Central,Beauty,Face Wash 100ml,2,299,0,598.0,UPI,Returning
ORD-2025107,2025-01-17,CUST-1342,Vivaan Saxena,East,Groceries,Basmati Rice 5kg,1,549,10,494.1,Cash,New
ORD-2025108,2025-01-18,CUST-1191,Nandini Malhotra,West,Sports,Cricket Bat,1,1499,10,1349.1,Credit Card,Returning
ORD-2025109,2025-01-18,CUST-1264,Vivaan Malhotra,North,Beauty,Face Wash 100ml,1,299,15,254.15,Credit Card,New
ORD-2025110,2025-01-18,CUST-1015,Swati Joshi,South,Electronics,Smartwatch,1,2999,20,2399.2,Net Banking,New
ORD-2025111,2025-01-18,CUST-1157,Arjun Verma,Central,Stationery,Notebook Set,4,199,5,756.2,UPI,Returning
ORD-2025112,2025-01-18,CUST-1077,Tanya Mehta,South,Sports,Cricket Bat,3,1499,10,4047.3,Cash,New
ORD-2025113,2025-01-18,CUST-1128,Sakshi Malhotra,Central,Electronics,Smartwatch,1,2999,0,2999.0,Credit Card,New
ORD-2025114,2025-01-19,CUST-1010,Kabir Singh,West,Sports,Yoga Mat,4,699,0,2796.0,Credit Card,Returning
ORD-2025115,2025-01-19,CUST-1280,Muskan Kapoor,South,Apparel,Formal Shirt,1,899,5,854.05,Debit Card,New
ORD-2025116,2025-01-19,CUST-1059,Kunal Verma,North,Apparel,Formal Shirt,5,899,5,4270.25,Cash,Returning
ORD-2025117,2025-01-19,CUST-1001,Rohan Patel,West,Electronics,Bluetooth Headphones,1,1799,0,1799.0,UPI,New
ORD-2025118,2025-01-19,CUST-1377,Sakshi Patel,North,Apparel,Formal Shirt,2,899,0,1798.0,Credit Card,Returning
ORD-2025119,2025-01-19,CUST-1123,Shreya Gupta,South,Stationery,Gel Pen Pack,4,99,0,396.0,Debit Card,Returning
ORD-2025120,2025-01-20,CUST-1243,Aman Joshi,Central,Stationery,Gel Pen Pack,1,99,0,99.0,UPI,Returning
ORD-2025121,2025-01-20,CUST-1138,Tanya Singh,East,Beauty,Herbal Shampoo,2,249,0,498.0,Debit Card,Returning
ORD-2025122,2025-01-20,CUST-1387,Rohan Patel,North,Stationery,Gel Pen Pack,1,99,10,89.1,Credit Card,New
ORD-2025123,2025-01-21,CUST-1279,Tanya Kapoor,Central,Groceries,Organic Honey 500g,1,349,10,314.1,Net Banking,Returning
ORD-2025124,2025-01-21,CUST-1254,Meera Malhotra,East,Home & Kitchen,LED Desk Lamp,1,799,10,719.1,UPI,Returning
ORD-2025125,2025-01-21,CUST-1096,Kunal Saxena,North,Apparel,Denim Jacket,3,1999,0,5997.0,UPI,Returning
ORD-2025126,2025-01-21,CUST-1177,Aditya Malhotra,West,Electronics,Smartwatch,2,2999,20,4798.4,Debit Card,Returning
ORD-2025127,2025-01-21,CUST-1030,Rahul Kapoor,West,Apparel,Denim Jacket,3,1999,0,5997.0,Debit Card,New
ORD-2025128,2025-01-22,CUST-1177,Aditya Malhotra,South,Sports,Yoga Mat,4,699,20,2236.8,Cash,Returning
ORD-2025129,2025-01-22,CUST-1028,Swati Joshi,South,Electronics,Bluetooth Headphones,1,1799,5,1709.05,Debit Card,Returning
ORD-2025130,2025-01-22,CUST-1138,Tanya Singh,East,Apparel,Cotton T-Shirt,2,499,20,798.4,Credit Card,New
ORD-2025131,2025-01-22,CUST-1033,Meera Joshi,Central,Apparel,Denim Jacket,1,1999,0,1999.0,Net Banking,New
ORD-2025132,2025-01-22,CUST-1331,Arjun Singh,West,Apparel,Formal Shirt,1,899,15,764.15,Debit Card,New
ORD-2025133,2025-01-22,CUST-1038,Rohan Joshi,East,Apparel,Cotton T-Shirt,2,499,5,948.1,Net Banking,New
ORD-2025134,2025-01-22,CUST-1103,Muskan Gupta,South,Stationery,Gel Pen Pack,3,99,10,267.3,UPI,Returning
ORD-2025135,2025-01-23,CUST-1013,Divya Joshi,East,Sports,Yoga Mat,3,699,0,2097.0,Debit Card,New
ORD-2025136,2025-01-23,CUST-1237,Divya Sharma,East,Sports,Cricket Bat,2,1499,0,2998.0,Debit Card,Returning
ORD-2025137,2025-01-23,CUST-1228,Aarav Mehta,North,Apparel,Formal Shirt,1,899,10,809.1,Debit Card,New
ORD-2025138,2025-01-23,CUST-1239,Rohan Malhotra,Central,Beauty,Herbal Shampoo,1,249,20,199.2,Debit Card,New
ORD-2025139,2025-01-23,CUST-1213,Ankit Patel,Central,Stationery,Notebook Set,2,199,0,398.0,Net Banking,Returning
ORD-2025140,2025-01-23,CUST-1046,Rohan Kapoor,East,Home & Kitchen,LED Desk Lamp,2,799,0,1598.0,Cash,New
ORD-2025141,2025-01-23,CUST-1044,Swati Saxena,West,Groceries,Basmati Rice 5kg,4,549,0,2196.0,Cash,Returning
ORD-2025142,2025-01-24,CUST-1093,Kabir Mehta,South,Beauty,Herbal Shampoo,4,249,0,996.0,Cash,New
ORD-2025143,2025-01-24,CUST-1191,Nandini Malhotra,Central,Apparel,Denim Jacket,1,1999,10,1799.1,Credit Card,Returning
ORD-2025144,2025-01-24,CUST-1306,Sakshi Malhotra,East,Apparel,Cotton T-Shirt,2,499,15,848.3,Debit Card,Returning
ORD-2025145,2025-01-24,CUST-1264,Vivaan Malhotra,West,Sports,Cricket Bat,2,1499,0,2998.0,Cash,New
ORD-2025146,2025-01-24,CUST-1368,Isha Patel,South,Electronics,Wireless Mouse,3,599,0,1797.0,Net Banking,New
ORD-2025147,2025-01-24,CUST-1228,Aarav Mehta,South,Sports,Cricket Bat,4,1499,0,5996.0,UPI,Returning
ORD-2025148,2025-01-24,CUST-1196,Aditya Patel,East,Stationery,Notebook Set,1,199,10,179.1,Debit Card,Returning
ORD-2025149,2025-01-24,CUST-1049,Kunal Gupta,Central,Beauty,Herbal Shampoo,1,249,5,236.55,Net Banking,Returning
ORD-2025150,2025-01-24,CUST-1232,Aman Patel,Central,Sports,Cricket Bat,1,1499,0,1499.0,Debit Card,Returning
ORD-2025151,2025-01-25,CUST-1247,Meera Malhotra,West,Electronics,Smartwatch,2,2999,0,5998.0,UPI,Returning
ORD-2025152,2025-01-25,CUST-1225,Aarav Kapoor,South,Home & Kitchen,Non-stick Pan Set,2,1299,15,2208.3,Cash,Returning
ORD-2025153,2025-01-25,CUST-1105,Rohan Singh,North,Electronics,Smartwatch,3,2999,5,8547.15,Credit Card,Returning
ORD-2025154,2025-01-25,CUST-1128,Sakshi Malhotra,West,Sports,Cricket Bat,3,1499,5,4272.15,Cash,Returning
ORD-2025155,2025-01-25,CUST-1321,Isha Mehta,Central,Home & Kitchen,LED Desk Lamp,1,799,0,799.0,UPI,Returning
ORD-2025156,2025-01-25,CUST-1314,Kunal Sharma,Central,Groceries,Basmati Rice 5kg,1,549,15,466.65,UPI,Returning
ORD-2025157,2025-01-25,CUST-1228,Aarav Mehta,Central,Apparel,Formal Shirt,1,899,20,719.2,Cash,Returning
ORD-2025158,2025-01-25,CUST-1227,Rohan Joshi,South,Beauty,Face Wash 100ml,3,299,5,852.15,UPI,Returning
ORD-2025159,2025-01-26,CUST-1291,Arjun Saxena,Central,Electronics,Wireless Mouse,1,599,20,479.2,Credit Card,Returning
ORD-2025160,2025-01-26,CUST-1296,Vivaan Kapoor,West,Stationery,Gel Pen Pack,1,99,20,79.2,Debit Card,New
ORD-2025161,2025-01-26,CUST-1384,Vivaan Singh,Central,Sports,Cricket Bat,2,1499,10,2698.2,UPI,New
ORD-2025162,2025-01-26,CUST-1002,Shreya Mehta,East,Groceries,Organic Honey 500g,1,349,0,349.0,Debit Card,Returning
ORD-2025163,2025-01-26,CUST-1400,Aarav Gupta,West,Electronics,Smartwatch,2,2999,0,5998.0,Debit Card,New
ORD-2025164,2025-01-26,CUST-1364,Rahul Malhotra,North,Groceries,Basmati Rice 5kg,1,549,10,494.1,Debit Card,New
ORD-2025165,2025-01-26,CUST-1379,Divya Verma,West,Electronics,Smartwatch,3,2999,5,8547.15,UPI,Returning
ORD-2025166,2025-01-26,CUST-1257,Shreya Saxena,Central,Sports,Yoga Mat,1,699,0,699.0,Credit Card,New
ORD-2025167,2025-01-26,CUST-1307,Swati Kapoor,South,Beauty,Face Wash 100ml,1,299,0,299.0,Credit Card,Returning
ORD-2025168,2025-01-26,CUST-1073,Rahul Kapoor,Central,Sports,Yoga Mat,4,699,0,2796.0,UPI,Returning
ORD-2025169,2025-01-27,CUST-1362,Shreya Malhotra,Central,Stationery,Gel Pen Pack,3,99,0,297.0,UPI,Returning
ORD-2025170,2025-01-27,CUST-1320,Ankit Kapoor,East,Home & Kitchen,Non-stick Pan Set,1,1299,5,1234.05,Credit Card,Returning
ORD-2025171,2025-01-28,CUST-1159,Isha Kapoor,East,Electronics,Bluetooth Headphones,1,1799,10,1619.1,Credit Card,New
ORD-2025172,2025-01-29,CUST-1094,Swati Kapoor,North,Stationery,Gel Pen Pack,2,99,0,198.0,Credit Card,New
ORD-2025173,2025-01-29,CUST-1362,Shreya Malhotra,West,Electronics,Smartwatch,3,2999,10,8097.3,Credit Card,Returning
ORD-2025174,2025-01-29,CUST-1100,Vivaan Saxena,Central,Stationery,Notebook Set,2,199,0,398.0,Net Banking,Returning
ORD-2025175,2025-01-29,CUST-1260,Ankit Verma,North,Apparel,Cotton T-Shirt,1,499,15,424.15,Credit Card,Returning
ORD-2025176,2025-01-30,CUST-1089,Arjun Verma,South,Apparel,Formal Shirt,2,899,0,1798.0,Debit Card,Returning
ORD-2025177,2025-01-30,CUST-1218,Rahul Singh,Central,Sports,Cricket Bat,3,1499,0,4497.0,Debit Card,Returning
ORD-2025178,2025-01-30,CUST-1390,Rahul Saxena,South,Home & Kitchen,LED Desk Lamp,2,799,5,1518.1,Credit Card,New
ORD-2025179,2025-01-30,CUST-1357,Kabir Mehta,North,Beauty,Face Wash 100ml,1,299,10,269.1,Cash,Returning
ORD-2025180,2025-01-30,CUST-1212,Komal Joshi,Central,Stationery,Notebook Set,1,199,15,169.15,Debit Card,Returning
ORD-2025181,2025-01-31,CUST-1200,Swati Saxena,North,Stationery,Gel Pen Pack,5,99,0,495.0,Credit Card,Returning
ORD-2025182,2025-01-31,CUST-1349,Rohan Mehta,West,Apparel,Cotton T-Shirt,3,499,20,1197.6,Debit Card,Returning
ORD-2025183,2025-01-31,CUST-1142,Divya Singh,North,Apparel,Cotton T-Shirt,2,499,10,898.2,Cash,New
ORD-2025184,2025-01-31,CUST-1366,Vivaan Joshi,East,Beauty,Herbal Shampoo,3,249,0,747.0,Credit Card,New
ORD-2025185,2025-01-31,CUST-1140,Tanya Verma,North,Electronics,Bluetooth Headphones,1,1799,0,1799.0,Debit Card,New
ORD-2025186,2025-02-01,CUST-1332,Rahul Malhotra,Central,Electronics,Bluetooth Headphones,1,1799,20,1439.2,Debit Card,New
ORD-2025187,2025-02-01,CUST-1140,Tanya Verma,East,Sports,Yoga Mat,3,699,0,2097.0,Net Banking,New
ORD-2025188,2025-02-01,CUST-1142,Divya Singh,South,Home & Kitchen,LED Desk Lamp,4,799,0,3196.0,Cash,Returning
ORD-2025189,2025-02-01,CUST-1357,Kabir Mehta,East,Beauty,Herbal Shampoo,2,249,0,498.0,Debit Card,New
ORD-2025190,2025-02-01,CUST-1027,Aditya Gupta,West,Sports,Cricket Bat,4,1499,15,5096.6,Credit Card,New
ORD-2025191,2025-02-01,CUST-1343,Tanya Sharma,West,Groceries,Basmati Rice 5kg,3,549,10,1482.3,Cash,Returning
ORD-2025192,2025-02-01,CUST-1363,Arjun Joshi,East,Beauty,Face Wash 100ml,3,299,20,717.6,Net Banking,Returning
ORD-2025193,2025-02-01,CUST-1072,Tanya Sharma,East,Sports,Cricket Bat,3,1499,20,3597.6,Cash,Returning
ORD-2025194,2025-02-02,CUST-1248,Meera Saxena,West,Apparel,Cotton T-Shirt,2,499,0,998.0,Credit Card,Returning
ORD-2025195,2025-02-02,CUST-1082,Aarav Mehta,East,Home & Kitchen,LED Desk Lamp,1,799,5,759.05,Credit Card,Returning
ORD-2025196,2025-02-02,CUST-1373,Rahul Verma,East,Electronics,Bluetooth Headphones,2,1799,10,3238.2,Credit Card,Returning
ORD-2025197,2025-02-03,CUST-1300,Vivaan Mehta,North,Sports,Yoga Mat,1,699,0,699.0,Credit Card,Returning
ORD-2025198,2025-02-03,CUST-1100,Vivaan Saxena,West,Electronics,Wireless Mouse,5,599,5,2845.25,UPI,Returning
ORD-2025199,2025-02-03,CUST-1331,Arjun Singh,North,Sports,Yoga Mat,3,699,15,1782.45,UPI,New
ORD-2025200,2025-02-03,CUST-1055,Rohan Saxena,West,Groceries,Basmati Rice 5kg,2,549,5,1043.1,Net Banking,New
ORD-2025201,2025-02-04,CUST-1134,Komal Patel,West,Apparel,Cotton T-Shirt,3,499,0,1497.0,Credit Card,Returning
ORD-2025202,2025-02-04,CUST-1024,Tanya Singh,North,Electronics,Smartwatch,1,2999,10,2699.1,Cash,Returning
ORD-2025203,2025-02-04,CUST-1364,Rahul Malhotra,East,Sports,Cricket Bat,1,1499,20,1199.2,Credit Card,Returning
ORD-2025204,2025-02-04,CUST-1283,Aditya Mehta,Central,Electronics,Smartwatch,2,2999,5,5698.1,Debit Card,Returning
ORD-2025205,2025-02-04,CUST-1254,Meera Malhotra,Central,Sports,Yoga Mat,1,699,0,699.0,Credit Card,Returning
ORD-2025206,2025-02-04,CUST-1132,Shreya Sharma,North,Apparel,Formal Shirt,2,899,0,1798.0,Net Banking,Returning
ORD-2025207,2025-02-04,CUST-1284,Arjun Kapoor,North,Apparel,Denim Jacket,3,1999,0,5997.0,Credit Card,New
ORD-2025208,2025-02-05,CUST-1115,Divya Kapoor,North,Stationery,Notebook Set,1,199,10,179.1,Debit Card,New
ORD-2025209,2025-02-05,CUST-1320,Ankit Kapoor,Central,Home & Kitchen,Non-stick Pan Set,1,1299,20,1039.2,UPI,Returning
ORD-2025210,2025-02-05,CUST-1374,Isha Sharma,East,Electronics,Bluetooth Headphones,1,1799,5,1709.05,Debit Card,Returning
ORD-2025211,2025-02-05,CUST-1237,Divya Sharma,South,Sports,Yoga Mat,3,699,0,2097.0,Debit Card,Returning
ORD-2025212,2025-02-05,CUST-1059,Kunal Verma,North,Beauty,Herbal Shampoo,3,249,0,747.0,Credit Card,New
ORD-2025213,2025-02-05,CUST-1119,Rahul Gupta,East,Apparel,Cotton T-Shirt,2,499,5,948.1,Cash,Returning
ORD-2025214,2025-02-05,CUST-1395,Rahul Verma,East,Apparel,Cotton T-Shirt,1,499,0,499.0,Credit Card,Returning
ORD-2025215,2025-02-05,CUST-1324,Rahul Verma,South,Sports,Cricket Bat,2,1499,0,2998.0,Credit Card,New
ORD-2025216,2025-02-05,CUST-1158,Shreya Singh,South,Stationery,Gel Pen Pack,1,99,5,94.05,Credit Card,Returning
ORD-2025217,2025-02-06,CUST-1375,Kunal Joshi,West,Home & Kitchen,LED Desk Lamp,3,799,20,1917.6,Net Banking,Returning
ORD-2025218,2025-02-06,CUST-1006,Sakshi Singh,East,Electronics,Wireless Mouse,1,599,15,509.15,Net Banking,Returning
ORD-2025219,2025-02-06,CUST-1346,Vivaan Gupta,North,Beauty,Face Wash 100ml,3,299,0,897.0,Debit Card,Returning
ORD-2025220,2025-02-06,CUST-1174,Rahul Singh,West,Home & Kitchen,LED Desk Lamp,2,799,5,1518.1,Debit Card,Returning
ORD-2025221,2025-02-07,CUST-1037,Aarav Gupta,North,Stationery,Notebook Set,4,199,0,796.0,Credit Card,New
ORD-2025222,2025-02-07,CUST-1189,Vivaan Mehta,East,Groceries,Organic Honey 500g,1,349,10,314.1,Credit Card,Returning
ORD-2025223,2025-02-07,CUST-1184,Rahul Joshi,West,Groceries,Basmati Rice 5kg,3,549,20,1317.6,Net Banking,Returning
ORD-2025224,2025-02-07,CUST-1399,Vivaan Verma,East,Electronics,Smartwatch,2,2999,5,5698.1,Debit Card,Returning
ORD-2025225,2025-02-08,CUST-1268,Aman Verma,North,Beauty,Face Wash 100ml,1,299,0,299.0,Cash,Returning
ORD-2025226,2025-02-08,CUST-1173,Ankit Gupta,Central,Beauty,Face Wash 100ml,3,299,0,897.0,Net Banking,New
ORD-2025227,2025-02-08,CUST-1085,Shreya Mehta,North,Stationery,Gel Pen Pack,1,99,10,89.1,Debit Card,Returning
ORD-2025228,2025-02-08,CUST-1169,Nandini Patel,West,Home & Kitchen,LED Desk Lamp,4,799,20,2556.8,Net Banking,Returning
ORD-2025229,2025-02-08,CUST-1351,Tanya Mehta,East,Groceries,Basmati Rice 5kg,1,549,10,494.1,UPI,New
ORD-2025230,2025-02-08,CUST-1110,Aman Malhotra,East,Apparel,Cotton T-Shirt,1,499,20,399.2,Debit Card,Returning
ORD-2025231,2025-02-08,CUST-1342,Vivaan Saxena,East,Electronics,Bluetooth Headphones,2,1799,15,3058.3,Credit Card,Returning
ORD-2025232,2025-02-08,CUST-1221,Kunal Singh,North,Beauty,Face Wash 100ml,3,299,0,897.0,Cash,Returning
ORD-2025233,2025-02-08,CUST-1395,Rahul Verma,North,Home & Kitchen,Non-stick Pan Set,2,1299,10,2338.2,Credit Card,Returning
ORD-2025234,2025-02-08,CUST-1365,Meera Singh,West,Beauty,Herbal Shampoo,1,249,0,249.0,UPI,New
ORD-2025235,2025-02-09,CUST-1190,Rahul Patel,Central,Home & Kitchen,Non-stick Pan Set,1,1299,20,1039.2,UPI,Returning
ORD-2025236,2025-02-09,CUST-1103,Muskan Gupta,North,Groceries,Basmati Rice 5kg,1,549,0,549.0,Cash,Returning
ORD-2025237,2025-02-09,CUST-1398,Sakshi Patel,South,Home & Kitchen,LED Desk Lamp,3,799,0,2397.0,Cash,Returning
ORD-2025238,2025-02-09,CUST-1068,Isha Verma,North,Stationery,Gel Pen Pack,1,99,0,99.0,Credit Card,New
ORD-2025239,2025-02-09,CUST-1221,Kunal Singh,East,Groceries,Organic Honey 500g,2,349,0,698.0,Credit Card,Returning
ORD-2025240,2025-02-10,CUST-1030,Rahul Kapoor,West,Home & Kitchen,LED Desk Lamp,2,799,20,1278.4,Debit Card,New
ORD-2025241,2025-02-10,CUST-1387,Rohan Patel,East,Apparel,Formal Shirt,1,899,15,764.15,Net Banking,New
ORD-2025242,2025-02-10,CUST-1062,Tanya Sharma,Central,Home & Kitchen,LED Desk Lamp,2,799,5,1518.1,Debit Card,Returning
ORD-2025243,2025-02-10,CUST-1254,Meera Malhotra,North,Apparel,Formal Shirt,1,899,5,854.05,UPI,Returning
ORD-2025244,2025-02-10,CUST-1048,Divya Mehta,East,Apparel,Cotton T-Shirt,1,499,0,499.0,Net Banking,Returning
ORD-2025245,2025-02-10,CUST-1205,Aman Sharma,West,Electronics,Wireless Mouse,4,599,0,2396.0,Net Banking,Returning
ORD-2025246,2025-02-10,CUST-1149,Aarav Verma,Central,Stationery,Notebook Set,1,199,5,189.05,Cash,Returning
ORD-2025247,2025-02-10,CUST-1278,Meera Verma,North,Beauty,Herbal Shampoo,3,249,0,747.0,Debit Card,Returning
ORD-2025248,2025-02-11,CUST-1326,Rohan Verma,South,Beauty,Herbal Shampoo,3,249,20,597.6,Cash,New
ORD-2025249,2025-02-11,CUST-1208,Arjun Singh,East,Apparel,Denim Jacket,4,1999,0,7996.0,UPI,Returning
ORD-2025250,2025-02-11,CUST-1092,Arjun Mehta,West,Sports,Yoga Mat,3,699,5,1992.15,UPI,Returning
ORD-2025251,2025-02-11,CUST-1032,Shreya Mehta,West,Groceries,Organic Honey 500g,3,349,10,942.3,Net Banking,Returning
ORD-2025252,2025-02-12,CUST-1365,Meera Singh,West,Electronics,Smartwatch,3,2999,5,8547.15,Debit Card,Returning
ORD-2025253,2025-02-12,CUST-1358,Aman Patel,West,Electronics,Smartwatch,1,2999,0,2999.0,UPI,Returning
ORD-2025254,2025-02-12,CUST-1357,Kabir Mehta,South,Electronics,Bluetooth Headphones,1,1799,15,1529.15,Net Banking,Returning
ORD-2025255,2025-02-12,CUST-1188,Shreya Malhotra,North,Electronics,Bluetooth Headphones,2,1799,0,3598.0,Cash,Returning
ORD-2025256,2025-02-12,CUST-1020,Rohan Malhotra,West,Stationery,Notebook Set,1,199,0,199.0,Credit Card,Returning
ORD-2025257,2025-02-12,CUST-1121,Rahul Kapoor,South,Groceries,Organic Honey 500g,1,349,0,349.0,UPI,Returning
ORD-2025258,2025-02-13,CUST-1256,Rohan Singh,South,Beauty,Herbal Shampoo,2,249,15,423.3,Debit Card,Returning
ORD-2025259,2025-02-13,CUST-1162,Aarav Kapoor,North,Sports,Cricket Bat,2,1499,0,2998.0,UPI,Returning
ORD-2025260,2025-02-13,CUST-1292,Aman Singh,South,Stationery,Notebook Set,1,199,20,159.2,Credit Card,Returning
ORD-2025261,2025-02-13,CUST-1112,Komal Gupta,West,Beauty,Face Wash 100ml,1,299,0,299.0,Credit Card,New
ORD-2025262,2025-02-14,CUST-1342,Vivaan Saxena,North,Apparel,Denim Jacket,3,1999,5,5697.15,Cash,Returning
ORD-2025263,2025-02-14,CUST-1044,Swati Saxena,North,Stationery,Notebook Set,4,199,5,756.2,Debit Card,Returning
ORD-2025264,2025-02-14,CUST-1007,Aarav Sharma,South,Electronics,Wireless Mouse,3,599,10,1617.3,Debit Card,New
ORD-2025265,2025-02-14,CUST-1233,Rahul Joshi,North,Sports,Yoga Mat,3,699,20,1677.6,Cash,Returning
ORD-2025266,2025-02-14,CUST-1224,Swati Verma,Central,Sports,Cricket Bat,1,1499,5,1424.05,UPI,Returning
ORD-2025267,2025-02-14,CUST-1090,Aarav Joshi,West,Stationery,Notebook Set,2,199,20,318.4,UPI,Returning
ORD-2025268,2025-02-15,CUST-1214,Rohan Sharma,South,Stationery,Notebook Set,2,199,15,338.3,Credit Card,Returning
ORD-2025269,2025-02-15,CUST-1138,Tanya Singh,East,Electronics,Smartwatch,3,2999,0,8997.0,Cash,Returning
ORD-2025270,2025-02-15,CUST-1292,Aman Singh,Central,Electronics,Bluetooth Headphones,1,1799,0,1799.0,Credit Card,New
ORD-2025271,2025-02-15,CUST-1151,Aman Patel,Central,Stationery,Notebook Set,2,199,0,398.0,Credit Card,New
ORD-2025272,2025-02-15,CUST-1384,Vivaan Singh,South,Sports,Yoga Mat,2,699,15,1188.3,Cash,Returning
ORD-2025273,2025-02-15,CUST-1335,Divya Saxena,Central,Sports,Cricket Bat,1,1499,5,1424.05,Debit Card,Returning
ORD-2025274,2025-02-16,CUST-1042,Kunal Saxena,South,Apparel,Cotton T-Shirt,1,499,5,474.05,UPI,Returning
ORD-2025275,2025-02-16,CUST-1172,Nandini Saxena,East,Electronics,Bluetooth Headphones,2,1799,20,2878.4,UPI,Returning
ORD-2025276,2025-02-16,CUST-1338,Komal Malhotra,South,Apparel,Cotton T-Shirt,4,499,10,1796.4,Cash,Returning
ORD-2025277,2025-02-16,CUST-1163,Sakshi Mehta,West,Electronics,Wireless Mouse,1,599,15,509.15,Debit Card,New
ORD-2025278,2025-02-17,CUST-1009,Shreya Gupta,North,Sports,Yoga Mat,2,699,5,1328.1,UPI,Returning
ORD-2025279,2025-02-18,CUST-1283,Aditya Mehta,West,Groceries,Basmati Rice 5kg,1,549,0,549.0,Credit Card,New
ORD-2025280,2025-02-18,CUST-1165,Rahul Singh,East,Stationery,Gel Pen Pack,1,99,10,89.1,Cash,Returning
ORD-2025281,2025-02-18,CUST-1129,Nandini Patel,Central,Beauty,Herbal Shampoo,1,249,0,249.0,Credit Card,New
ORD-2025282,2025-02-18,CUST-1104,Nandini Saxena,East,Sports,Yoga Mat,4,699,5,2656.2,UPI,Returning
ORD-2025283,2025-02-19,CUST-1324,Rahul Verma,Central,Sports,Yoga Mat,1,699,10,629.1,Credit Card,New
ORD-2025284,2025-02-19,CUST-1029,Swati Patel,North,Beauty,Face Wash 100ml,1,299,0,299.0,UPI,Returning
ORD-2025285,2025-02-19,CUST-1378,Rahul Mehta,West,Beauty,Face Wash 100ml,1,299,0,299.0,UPI,New
ORD-2025286,2025-02-19,CUST-1277,Vivaan Sharma,North,Electronics,Bluetooth Headphones,2,1799,15,3058.3,Credit Card,New
ORD-2025287,2025-02-19,CUST-1176,Meera Sharma,Central,Groceries,Organic Honey 500g,1,349,20,279.2,UPI,Returning
ORD-2025288,2025-02-20,CUST-1106,Ankit Saxena,North,Home & Kitchen,LED Desk Lamp,1,799,0,799.0,UPI,Returning
ORD-2025289,2025-02-20,CUST-1076,Tanya Saxena,North,Beauty,Face Wash 100ml,2,299,5,568.1,Debit Card,Returning
ORD-2025290,2025-02-20,CUST-1006,Sakshi Singh,Central,Electronics,Bluetooth Headphones,1,1799,20,1439.2,Credit Card,Returning
ORD-2025291,2025-02-20,CUST-1201,Tanya Joshi,South,Stationery,Notebook Set,1,199,20,159.2,Credit Card,Returning
ORD-2025292,2025-02-20,CUST-1098,Rohan Patel,West,Electronics,Smartwatch,1,2999,0,2999.0,Cash,Returning
ORD-2025293,2025-02-20,CUST-1383,Aman Gupta,Central,Home & Kitchen,Non-stick Pan Set,3,1299,0,3897.0,Debit Card,New
ORD-2025294,2025-02-21,CUST-1373,Rahul Verma,Central,Electronics,Bluetooth Headphones,2,1799,20,2878.4,Debit Card,New
ORD-2025295,2025-02-21,CUST-1081,Nandini Verma,East,Stationery,Notebook Set,1,199,5,189.05,Credit Card,Returning
ORD-2025296,2025-02-21,CUST-1218,Rahul Singh,West,Sports,Cricket Bat,1,1499,0,1499.0,UPI,New
ORD-2025297,2025-02-21,CUST-1219,Sakshi Patel,East,Stationery,Notebook Set,3,199,10,537.3,UPI,New
ORD-2025298,2025-02-21,CUST-1358,Aman Patel,North,Beauty,Face Wash 100ml,3,299,0,897.0,Credit Card,Returning
ORD-2025299,2025-02-21,CUST-1206,Aditya Gupta,South,Stationery,Gel Pen Pack,1,99,0,99.0,Credit Card,Returning
ORD-2025300,2025-02-21,CUST-1173,Ankit Gupta,East,Stationery,Gel Pen Pack,1,99,10,89.1,UPI,New
ORD-2025301,2025-02-21,CUST-1198,Vivaan Joshi,North,Stationery,Notebook Set,3,199,15,507.45,UPI,Returning
ORD-2025302,2025-02-21,CUST-1355,Aditya Joshi,Central,Groceries,Basmati Rice 5kg,3,549,10,1482.3,Debit Card,New
ORD-2025303,2025-02-21,CUST-1350,Isha Kapoor,West,Sports,Yoga Mat,1,699,0,699.0,Cash,Returning
ORD-2025304,2025-02-22,CUST-1331,Arjun Singh,South,Sports,Yoga Mat,5,699,0,3495.0,Cash,Returning
ORD-2025305,2025-02-22,CUST-1048,Divya Mehta,Central,Beauty,Herbal Shampoo,1,249,0,249.0,Debit Card,Returning
ORD-2025306,2025-02-22,CUST-1075,Divya Patel,East,Electronics,Smartwatch,1,2999,10,2699.1,UPI,Returning
ORD-2025307,2025-02-22,CUST-1054,Kunal Patel,East,Home & Kitchen,Non-stick Pan Set,2,1299,0,2598.0,Debit Card,Returning
ORD-2025308,2025-02-22,CUST-1325,Aarav Saxena,Central,Home & Kitchen,LED Desk Lamp,2,799,15,1358.3,Debit Card,Returning
ORD-2025309,2025-02-22,CUST-1066,Kunal Verma,West,Beauty,Face Wash 100ml,1,299,0,299.0,Net Banking,New
ORD-2025310,2025-02-23,CUST-1102,Aarav Patel,South,Groceries,Organic Honey 500g,1,349,15,296.65,Cash,Returning
ORD-2025311,2025-02-23,CUST-1118,Sakshi Malhotra,Central,Groceries,Basmati Rice 5kg,1,549,5,521.55,Debit Card,Returning
ORD-2025312,2025-02-23,CUST-1106,Ankit Saxena,Central,Home & Kitchen,LED Desk Lamp,1,799,5,759.05,Cash,Returning
ORD-2025313,2025-02-23,CUST-1211,Rohan Sharma,North,Beauty,Face Wash 100ml,1,299,20,239.2,Credit Card,New
ORD-2025314,2025-02-23,CUST-1400,Aarav Gupta,West,Stationery,Gel Pen Pack,1,99,0,99.0,Cash,Returning
ORD-2025315,2025-02-23,CUST-1247,Meera Malhotra,South,Groceries,Basmati Rice 5kg,1,549,5,521.55,Net Banking,Returning
ORD-2025316,2025-02-24,CUST-1018,Aditya Gupta,North,Electronics,Wireless Mouse,3,599,5,1707.15,Cash,Returning
ORD-2025317,2025-02-24,CUST-1288,Aditya Mehta,Central,Electronics,Bluetooth Headphones,1,1799,5,1709.05,Credit Card,Returning
ORD-2025318,2025-02-24,CUST-1026,Rahul Saxena,Central,Electronics,Wireless Mouse,1,599,0,599.0,Credit Card,Returning
ORD-2025319,2025-02-24,CUST-1239,Rohan Malhotra,South,Electronics,Wireless Mouse,3,599,10,1617.3,Debit Card,New
ORD-2025320,2025-02-24,CUST-1261,Shreya Patel,Central,Home & Kitchen,Non-stick Pan Set,2,1299,0,2598.0,Credit Card,New
ORD-2025321,2025-02-25,CUST-1041,Divya Malhotra,East,Home & Kitchen,Non-stick Pan Set,2,1299,0,2598.0,Credit Card,Returning
ORD-2025322,2025-02-25,CUST-1365,Meera Singh,North,Electronics,Wireless Mouse,1,599,0,599.0,Credit Card,New
ORD-2025323,2025-02-25,CUST-1301,Shreya Sharma,North,Electronics,Wireless Mouse,1,599,0,599.0,UPI,Returning
ORD-2025324,2025-02-25,CUST-1313,Kunal Joshi,East,Stationery,Gel Pen Pack,1,99,20,79.2,Credit Card,Returning
ORD-2025325,2025-02-25,CUST-1143,Muskan Saxena,Central,Apparel,Formal Shirt,2,899,5,1708.1,Net Banking,New
ORD-2025326,2025-02-25,CUST-1340,Aman Kapoor,West,Apparel,Formal Shirt,1,899,0,899.0,Net Banking,Returning
ORD-2025327,2025-02-25,CUST-1314,Kunal Sharma,Central,Electronics,Wireless Mouse,2,599,0,1198.0,Credit Card,Returning
ORD-2025328,2025-02-25,CUST-1329,Swati Gupta,South,Electronics,Bluetooth Headphones,1,1799,15,1529.15,Credit Card,Returning
ORD-2025329,2025-02-25,CUST-1390,Rahul Saxena,Central,Beauty,Herbal Shampoo,2,249,0,498.0,Credit Card,Returning
ORD-2025330,2025-02-25,CUST-1346,Vivaan Gupta,West,Sports,Cricket Bat,3,1499,15,3822.45,Debit Card,New
ORD-2025331,2025-02-25,CUST-1302,Arjun Saxena,North,Stationery,Gel Pen Pack,1,99,20,79.2,Credit Card,New
ORD-2025332,2025-02-26,CUST-1272,Aarav Saxena,East,Electronics,Bluetooth Headphones,2,1799,0,3598.0,UPI,Returning
ORD-2025333,2025-02-26,CUST-1365,Meera Singh,West,Groceries,Basmati Rice 5kg,2,549,20,878.4,Credit Card,New
ORD-2025334,2025-02-26,CUST-1234,Meera Sharma,North,Apparel,Formal Shirt,1,899,0,899.0,UPI,Returning
ORD-2025335,2025-02-26,CUST-1089,Arjun Verma,West,Sports,Yoga Mat,1,699,0,699.0,Credit Card,New
ORD-2025336,2025-02-26,CUST-1224,Swati Verma,East,Electronics,Wireless Mouse,3,599,5,1707.15,UPI,Returning
ORD-2025337,2025-02-26,CUST-1033,Meera Joshi,West,Sports,Yoga Mat,2,699,10,1258.2,UPI,Returning
ORD-2025338,2025-02-26,CUST-1132,Shreya Sharma,West,Home & Kitchen,Non-stick Pan Set,1,1299,20,1039.2,Credit Card,Returning
ORD-2025339,2025-02-26,CUST-1359,Arjun Mehta,West,Electronics,Smartwatch,1,2999,10,2699.1,Credit Card,New
ORD-2025340,2025-02-26,CUST-1332,Rahul Malhotra,Central,Beauty,Face Wash 100ml,1,299,10,269.1,Cash,Returning
ORD-2025341,2025-02-27,CUST-1386,Swati Patel,East,Apparel,Cotton T-Shirt,3,499,10,1347.3,Debit Card,Returning
ORD-2025342,2025-02-27,CUST-1104,Nandini Saxena,South,Home & Kitchen,LED Desk Lamp,2,799,0,1598.0,Cash,Returning
ORD-2025343,2025-02-27,CUST-1384,Vivaan Singh,Central,Electronics,Bluetooth Headphones,1,1799,20,1439.2,UPI,New
ORD-2025344,2025-02-27,CUST-1020,Rohan Malhotra,North,Apparel,Cotton T-Shirt,3,499,0,1497.0,Cash,Returning
ORD-2025345,2025-02-27,CUST-1151,Aman Patel,South,Apparel,Cotton T-Shirt,1,499,15,424.15,UPI,New
ORD-2025346,2025-02-27,CUST-1055,Rohan Saxena,North,Stationery,Gel Pen Pack,1,99,0,99.0,UPI,Returning
ORD-2025347,2025-02-27,CUST-1176,Meera Sharma,East,Beauty,Face Wash 100ml,1,299,0,299.0,Credit Card,Returning
ORD-2025348,2025-02-27,CUST-1188,Shreya Malhotra,Central,Electronics,Smartwatch,1,2999,5,2849.05,Credit Card,Returning
ORD-2025349,2025-02-28,CUST-1102,Aarav Patel,North,Sports,Yoga Mat,2,699,15,1188.3,Cash,Returning
ORD-2025350,2025-02-28,CUST-1210,Meera Sharma,Central,Home & Kitchen,LED Desk Lamp,1,799,5,759.05,Net Banking,Returning
ORD-2025351,2025-02-28,CUST-1373,Rahul Verma,Central,Apparel,Formal Shirt,1,899,0,899.0,Debit Card,Returning
ORD-2025352,2025-02-28,CUST-1025,Aditya Singh,West,Apparel,Cotton T-Shirt,2,499,10,898.2,Cash,Returning
ORD-2025353,2025-02-28,CUST-1174,Rahul Singh,South,Electronics,Smartwatch,1,2999,15,2549.15,UPI,Returning
ORD-2025354,2025-03-01,CUST-1361,Vivaan Kapoor,Central,Groceries,Basmati Rice 5kg,2,549,0,1098.0,Debit Card,Returning
ORD-2025355,2025-03-01,CUST-1149,Aarav Verma,Central,Apparel,Cotton T-Shirt,1,499,10,449.1,Credit Card,New
ORD-2025356,2025-03-01,CUST-1259,Rahul Singh,South,Beauty,Herbal Shampoo,2,249,0,498.0,Debit Card,Returning
ORD-2025357,2025-03-01,CUST-1054,Kunal Patel,South,Beauty,Face Wash 100ml,1,299,0,299.0,Credit Card,Returning
ORD-2025358,2025-03-01,CUST-1006,Sakshi Singh,North,Stationery,Notebook Set,1,199,15,169.15,Net Banking,Returning
ORD-2025359,2025-03-01,CUST-1131,Aarav Sharma,Central,Sports,Yoga Mat,1,699,0,699.0,Credit Card,Returning
ORD-2025360,2025-03-01,CUST-1211,Rohan Sharma,Central,Beauty,Herbal Shampoo,4,249,10,896.4,Credit Card,Returning
ORD-2025361,2025-03-01,CUST-1136,Kunal Patel,East,Electronics,Bluetooth Headphones,4,1799,5,6836.2,Net Banking,Returning
ORD-2025362,2025-03-01,CUST-1004,Tanya Malhotra,Central,Sports,Cricket Bat,2,1499,10,2698.2,Credit Card,New
ORD-2025363,2025-03-01,CUST-1231,Divya Gupta,South,Home & Kitchen,LED Desk Lamp,3,799,10,2157.3,Credit Card,Returning
ORD-2025364,2025-03-02,CUST-1223,Meera Saxena,North,Electronics,Smartwatch,1,2999,20,2399.2,UPI,Returning
ORD-2025365,2025-03-02,CUST-1177,Aditya Malhotra,West,Electronics,Smartwatch,2,2999,0,5998.0,Cash,Returning
ORD-2025366,2025-03-02,CUST-1242,Sakshi Malhotra,Central,Beauty,Herbal Shampoo,2,249,20,398.4,Cash,New
ORD-2025367,2025-03-02,CUST-1331,Arjun Singh,Central,Apparel,Cotton T-Shirt,1,499,0,499.0,Cash,Returning
ORD-2025368,2025-03-02,CUST-1348,Ankit Malhotra,North,Apparel,Cotton T-Shirt,1,499,5,474.05,UPI,Returning
ORD-2025369,2025-03-02,CUST-1111,Swati Joshi,West,Electronics,Bluetooth Headphones,1,1799,20,1439.2,UPI,New
ORD-2025370,2025-03-02,CUST-1192,Kunal Singh,North,Apparel,Cotton T-Shirt,1,499,15,424.15,Debit Card,Returning
ORD-2025371,2025-03-02,CUST-1027,Aditya Gupta,North,Groceries,Basmati Rice 5kg,2,549,0,1098.0,Cash,New
ORD-2025372,2025-03-02,CUST-1195,Komal Gupta,East,Apparel,Denim Jacket,1,1999,15,1699.15,Net Banking,Returning
ORD-2025373,2025-03-02,CUST-1209,Meera Mehta,East,Electronics,Bluetooth Headphones,2,1799,10,3238.2,Debit Card,Returning
ORD-2025374,2025-03-03,CUST-1074,Kabir Kapoor,West,Home & Kitchen,LED Desk Lamp,1,799,5,759.05,Credit Card,Returning
ORD-2025375,2025-03-03,CUST-1312,Sakshi Saxena,Central,Sports,Cricket Bat,2,1499,15,2548.3,Credit Card,New
ORD-2025376,2025-03-03,CUST-1288,Aditya Mehta,North,Home & Kitchen,LED Desk Lamp,4,799,0,3196.0,UPI,Returning
ORD-2025377,2025-03-03,CUST-1103,Muskan Gupta,East,Beauty,Herbal Shampoo,1,249,0,249.0,Credit Card,New
ORD-2025378,2025-03-04,CUST-1213,Ankit Patel,Central,Apparel,Cotton T-Shirt,1,499,15,424.15,Cash,Returning
ORD-2025379,2025-03-04,CUST-1071,Kabir Malhotra,West,Beauty,Face Wash 100ml,1,299,0,299.0,Net Banking,New
ORD-2025380,2025-03-04,CUST-1122,Aditya Kapoor,South,Apparel,Cotton T-Shirt,1,499,15,424.15,Credit Card,Returning
ORD-2025381,2025-03-04,CUST-1116,Sakshi Mehta,Central,Apparel,Cotton T-Shirt,1,499,20,399.2,Net Banking,New
ORD-2025382,2025-03-04,CUST-1136,Kunal Patel,Central,Beauty,Face Wash 100ml,3,299,15,762.45,UPI,Returning
ORD-2025383,2025-03-04,CUST-1176,Meera Sharma,West,Stationery,Gel Pen Pack,2,99,15,168.3,Credit Card,New
ORD-2025384,2025-03-04,CUST-1264,Vivaan Malhotra,East,Beauty,Face Wash 100ml,2,299,20,478.4,Credit Card,Returning
ORD-2025385,2025-03-04,CUST-1021,Isha Patel,Central,Groceries,Basmati Rice 5kg,5,549,10,2470.5,Credit Card,Returning
ORD-2025386,2025-03-04,CUST-1108,Kunal Patel,North,Beauty,Face Wash 100ml,1,299,5,284.05,Debit Card,New
ORD-2025387,2025-03-04,CUST-1391,Kunal Gupta,West,Home & Kitchen,LED Desk Lamp,2,799,0,1598.0,Debit Card,New
ORD-2025388,2025-03-04,CUST-1100,Vivaan Saxena,East,Stationery,Notebook Set,3,199,20,477.6,Credit Card,Returning
ORD-2025389,2025-03-04,CUST-1294,Kabir Joshi,Central,Electronics,Smartwatch,5,2999,20,11996.0,Net Banking,New
ORD-2025390,2025-03-05,CUST-1364,Rahul Malhotra,South,Groceries,Organic Honey 500g,3,349,5,994.65,Cash,New
ORD-2025391,2025-03-05,CUST-1122,Aditya Kapoor,East,Apparel,Cotton T-Shirt,3,499,15,1272.45,Debit Card,Returning
ORD-2025392,2025-03-05,CUST-1080,Kabir Sharma,West,Electronics,Bluetooth Headphones,3,1799,20,4317.6,UPI,New
ORD-2025393,2025-03-05,CUST-1095,Nandini Joshi,West,Sports,Yoga Mat,1,699,10,629.1,Net Banking,New
ORD-2025394,2025-03-05,CUST-1135,Shreya Joshi,North,Stationery,Gel Pen Pack,4,99,0,396.0,UPI,Returning
ORD-2025395,2025-03-05,CUST-1085,Shreya Mehta,West,Beauty,Face Wash 100ml,1,299,0,299.0,Net Banking,Returning
ORD-2025396,2025-03-06,CUST-1064,Ankit Mehta,East,Beauty,Herbal Shampoo,2,249,0,498.0,Credit Card,New
ORD-2025397,2025-03-06,CUST-1164,Kabir Malhotra,West,Stationery,Gel Pen Pack,5,99,5,470.25,UPI,Returning
ORD-2025398,2025-03-06,CUST-1234,Meera Sharma,East,Sports,Cricket Bat,1,1499,0,1499.0,Credit Card,New
ORD-2025399,2025-03-06,CUST-1218,Rahul Singh,North,Beauty,Face Wash 100ml,1,299,20,239.2,Debit Card,Returning
ORD-2025400,2025-03-06,CUST-1235,Meera Verma,South,Apparel,Formal Shirt,2,899,0,1798.0,Debit Card,Returning
ORD-2025401,2025-03-07,CUST-1373,Rahul Verma,West,Stationery,Notebook Set,1,199,0,199.0,Credit Card,Returning
ORD-2025402,2025-03-07,CUST-1201,Tanya Joshi,East,Apparel,Cotton T-Shirt,1,499,5,474.05,UPI,Returning
ORD-2025403,2025-03-07,CUST-1176,Meera Sharma,North,Electronics,Smartwatch,1,2999,10,2699.1,Cash,New
ORD-2025404,2025-03-07,CUST-1072,Tanya Sharma,South,Electronics,Smartwatch,3,2999,0,8997.0,Cash,New
ORD-2025405,2025-03-07,CUST-1036,Nandini Mehta,South,Beauty,Herbal Shampoo,4,249,0,996.0,Credit Card,Returning
ORD-2025406,2025-03-07,CUST-1248,Meera Saxena,Central,Sports,Yoga Mat,2,699,0,1398.0,Debit Card,Returning
ORD-2025407,2025-03-07,CUST-1256,Rohan Singh,West,Apparel,Formal Shirt,4,899,0,3596.0,Credit Card,Returning
ORD-2025408,2025-03-07,CUST-1215,Arjun Singh,West,Beauty,Face Wash 100ml,3,299,20,717.6,Credit Card,New
ORD-2025409,2025-03-08,CUST-1277,Vivaan Sharma,North,Beauty,Herbal Shampoo,1,249,5,236.55,Debit Card,Returning
ORD-2025410,2025-03-08,CUST-1005,Rohan Malhotra,North,Apparel,Denim Jacket,1,1999,10,1799.1,Cash,Returning
ORD-2025411,2025-03-08,CUST-1138,Tanya Singh,East,Stationery,Gel Pen Pack,3,99,20,237.6,Debit Card,Returning
ORD-2025412,2025-03-08,CUST-1127,Muskan Joshi,West,Apparel,Denim Jacket,2,1999,0,3998.0,Debit Card,Returning
ORD-2025413,2025-03-08,CUST-1394,Tanya Malhotra,North,Electronics,Smartwatch,3,2999,15,7647.45,Debit Card,Returning
ORD-2025414,2025-03-08,CUST-1195,Komal Gupta,West,Stationery,Gel Pen Pack,1,99,0,99.0,Debit Card,Returning
ORD-2025415,2025-03-08,CUST-1056,Aarav Kapoor,West,Stationery,Notebook Set,2,199,10,358.2,Debit Card,Returning
ORD-2025416,2025-03-08,CUST-1203,Ankit Verma,West,Stationery,Notebook Set,3,199,0,597.0,Debit Card,Returning
ORD-2025417,2025-03-09,CUST-1259,Rahul Singh,South,Beauty,Herbal Shampoo,3,249,0,747.0,Debit Card,New
ORD-2025418,2025-03-09,CUST-1362,Shreya Malhotra,North,Stationery,Notebook Set,1,199,0,199.0,Credit Card,New
ORD-2025419,2025-03-09,CUST-1072,Tanya Sharma,South,Electronics,Wireless Mouse,2,599,10,1078.2,Credit Card,Returning
ORD-2025420,2025-03-09,CUST-1133,Kunal Mehta,South,Home & Kitchen,LED Desk Lamp,2,799,0,1598.0,Net Banking,Returning
ORD-2025421,2025-03-09,CUST-1323,Muskan Verma,North,Beauty,Face Wash 100ml,1,299,20,239.2,Net Banking,Returning
ORD-2025422,2025-03-09,CUST-1023,Rohan Sharma,North,Beauty,Face Wash 100ml,1,299,15,254.15,Debit Card,Returning
ORD-2025423,2025-03-10,CUST-1187,Kabir Saxena,South,Beauty,Herbal Shampoo,2,249,10,448.2,UPI,Returning
ORD-2025424,2025-03-10,CUST-1114,Vivaan Malhotra,West,Sports,Cricket Bat,1,1499,15,1274.15,Net Banking,Returning
ORD-2025425,2025-03-10,CUST-1107,Isha Sharma,East,Home & Kitchen,LED Desk Lamp,1,799,0,799.0,UPI,New
ORD-2025426,2025-03-11,CUST-1399,Vivaan Verma,North,Home & Kitchen,Non-stick Pan Set,4,1299,0,5196.0,Net Banking,New
ORD-2025427,2025-03-11,CUST-1274,Muskan Singh,South,Home & Kitchen,Non-stick Pan Set,1,1299,0,1299.0,Debit Card,Returning
ORD-2025428,2025-03-11,CUST-1386,Swati Patel,East,Stationery,Notebook Set,1,199,0,199.0,Cash,Returning
ORD-2025429,2025-03-11,CUST-1347,Ankit Joshi,Central,Stationery,Notebook Set,1,199,0,199.0,UPI,Returning
ORD-2025430,2025-03-11,CUST-1042,Kunal Saxena,West,Sports,Yoga Mat,1,699,0,699.0,Debit Card,Returning
ORD-2025431,2025-03-11,CUST-1024,Tanya Singh,East,Sports,Yoga Mat,3,699,10,1887.3,Credit Card,Returning
ORD-2025432,2025-03-11,CUST-1011,Kunal Sharma,North,Groceries,Basmati Rice 5kg,2,549,0,1098.0,Credit Card,New
ORD-2025433,2025-03-12,CUST-1382,Meera Verma,Central,Apparel,Denim Jacket,2,1999,10,3598.2,Debit Card,New
ORD-2025434,2025-03-12,CUST-1168,Nandini Joshi,West,Electronics,Bluetooth Headphones,1,1799,15,1529.15,Debit Card,New
ORD-2025435,2025-03-12,CUST-1050,Rohan Gupta,North,Stationery,Notebook Set,1,199,20,159.2,Credit Card,New
ORD-2025436,2025-03-12,CUST-1319,Rohan Sharma,East,Groceries,Basmati Rice 5kg,1,549,20,439.2,Cash,New
ORD-2025437,2025-03-12,CUST-1199,Sakshi Saxena,East,Groceries,Basmati Rice 5kg,3,549,20,1317.6,Credit Card,Returning
ORD-2025438,2025-03-12,CUST-1083,Komal Kapoor,North,Sports,Cricket Bat,1,1499,0,1499.0,Net Banking,New
ORD-2025439,2025-03-13,CUST-1147,Aman Saxena,North,Groceries,Basmati Rice 5kg,1,549,10,494.1,Debit Card,Returning
ORD-2025440,2025-03-13,CUST-1397,Aman Verma,South,Stationery,Gel Pen Pack,1,99,0,99.0,Debit Card,Returning
ORD-2025441,2025-03-13,CUST-1344,Nandini Saxena,Central,Sports,Cricket Bat,1,1499,5,1424.05,UPI,New
ORD-2025442,2025-03-13,CUST-1206,Aditya Gupta,West,Apparel,Formal Shirt,2,899,20,1438.4,Credit Card,Returning
ORD-2025443,2025-03-13,CUST-1355,Aditya Joshi,North,Electronics,Wireless Mouse,2,599,0,1198.0,UPI,Returning
ORD-2025444,2025-03-13,CUST-1032,Shreya Mehta,South,Home & Kitchen,LED Desk Lamp,1,799,20,639.2,Debit Card,Returning
ORD-2025445,2025-03-13,CUST-1367,Aman Saxena,South,Electronics,Smartwatch,1,2999,0,2999.0,UPI,Returning
ORD-2025446,2025-03-13,CUST-1101,Sakshi Sharma,West,Apparel,Cotton T-Shirt,1,499,20,399.2,UPI,New
ORD-2025447,2025-03-13,CUST-1380,Meera Joshi,East,Home & Kitchen,Non-stick Pan Set,3,1299,0,3897.0,Debit Card,New
ORD-2025448,2025-03-13,CUST-1287,Divya Kapoor,East,Electronics,Wireless Mouse,2,599,10,1078.2,Credit Card,New
ORD-2025449,2025-03-14,CUST-1069,Kabir Joshi,South,Beauty,Herbal Shampoo,2,249,20,398.4,UPI,Returning
ORD-2025450,2025-03-14,CUST-1119,Rahul Gupta,North,Electronics,Bluetooth Headphones,2,1799,20,2878.4,Cash,New
ORD-2025451,2025-03-14,CUST-1256,Rohan Singh,East,Stationery,Notebook Set,5,199,20,796.0,Cash,Returning
ORD-2025452,2025-03-14,CUST-1356,Isha Verma,South,Apparel,Cotton T-Shirt,4,499,0,1996.0,Credit Card,Returning
ORD-2025453,2025-03-15,CUST-1380,Meera Joshi,South,Beauty,Herbal Shampoo,2,249,0,498.0,Net Banking,Returning
ORD-2025454,2025-03-15,CUST-1299,Kabir Mehta,North,Sports,Yoga Mat,2,699,0,1398.0,Credit Card,Returning
ORD-2025455,2025-03-15,CUST-1194,Muskan Sharma,North,Groceries,Organic Honey 500g,1,349,0,349.0,UPI,Returning
ORD-2025456,2025-03-15,CUST-1329,Swati Gupta,South,Apparel,Formal Shirt,1,899,20,719.2,Credit Card,New
ORD-2025457,2025-03-15,CUST-1326,Rohan Verma,East,Beauty,Face Wash 100ml,2,299,15,508.3,Debit Card,Returning
ORD-2025458,2025-03-15,CUST-1234,Meera Sharma,Central,Electronics,Smartwatch,1,2999,0,2999.0,Cash,Returning
ORD-2025459,2025-03-15,CUST-1091,Kabir Gupta,Central,Electronics,Wireless Mouse,4,599,0,2396.0,UPI,Returning
ORD-2025460,2025-03-15,CUST-1326,Rohan Verma,Central,Apparel,Cotton T-Shirt,2,499,15,848.3,Debit Card,New
ORD-2025461,2025-03-16,CUST-1210,Meera Sharma,Central,Electronics,Smartwatch,2,2999,15,5098.3,Debit Card,Returning
ORD-2025462,2025-03-16,CUST-1340,Aman Kapoor,West,Groceries,Organic Honey 500g,1,349,5,331.55,Net Banking,New
ORD-2025463,2025-03-16,CUST-1264,Vivaan Malhotra,North,Sports,Cricket Bat,1,1499,5,1424.05,Debit Card,Returning
ORD-2025464,2025-03-16,CUST-1374,Isha Sharma,Central,Beauty,Herbal Shampoo,1,249,5,236.55,Net Banking,New
ORD-2025465,2025-03-16,CUST-1263,Tanya Mehta,South,Home & Kitchen,LED Desk Lamp,4,799,10,2876.4,Debit Card,Returning
ORD-2025466,2025-03-17,CUST-1331,Arjun Singh,Central,Stationery,Gel Pen Pack,2,99,0,198.0,Credit Card,Returning
ORD-2025467,2025-03-17,CUST-1379,Divya Verma,North,Apparel,Formal Shirt,1,899,10,809.1,Debit Card,Returning
ORD-2025468,2025-03-17,CUST-1271,Nandini Sharma,North,Stationery,Notebook Set,3,199,0,597.0,Credit Card,New
ORD-2025469,2025-03-17,CUST-1380,Meera Joshi,Central,Sports,Cricket Bat,3,1499,15,3822.45,UPI,New
ORD-2025470,2025-03-17,CUST-1331,Arjun Singh,Central,Electronics,Bluetooth Headphones,2,1799,20,2878.4,Credit Card,Returning
ORD-2025471,2025-03-17,CUST-1390,Rahul Saxena,Central,Stationery,Gel Pen Pack,1,99,15,84.15,UPI,New
ORD-2025472,2025-03-18,CUST-1136,Kunal Patel,North,Stationery,Gel Pen Pack,4,99,5,376.2,Debit Card,Returning
ORD-2025473,2025-03-18,CUST-1358,Aman Patel,South,Sports,Cricket Bat,2,1499,20,2398.4,UPI,Returning
ORD-2025474,2025-03-18,CUST-1123,Shreya Gupta,Central,Sports,Yoga Mat,4,699,0,2796.0,UPI,Returning
ORD-2025475,2025-03-18,CUST-1306,Sakshi Malhotra,South,Electronics,Bluetooth Headphones,1,1799,15,1529.15,Net Banking,New
ORD-2025476,2025-03-19,CUST-1186,Meera Verma,East,Sports,Yoga Mat,1,699,0,699.0,Credit Card,Returning
ORD-2025477,2025-03-19,CUST-1320,Ankit Kapoor,West,Stationery,Notebook Set,3,199,5,567.15,Net Banking,Returning
ORD-2025478,2025-03-19,CUST-1093,Kabir Mehta,West,Electronics,Wireless Mouse,1,599,15,509.15,Credit Card,New
ORD-2025479,2025-03-19,CUST-1011,Kunal Sharma,South,Apparel,Cotton T-Shirt,1,499,0,499.0,Cash,Returning
ORD-2025480,2025-03-19,CUST-1043,Divya Kapoor,East,Stationery,Notebook Set,1,199,20,159.2,Cash,Returning
ORD-2025481,2025-03-19,CUST-1178,Komal Sharma,South,Stationery,Gel Pen Pack,1,99,10,89.1,Credit Card,Returning
ORD-2025482,2025-03-19,CUST-1172,Nandini Saxena,North,Stationery,Gel Pen Pack,2,99,15,168.3,Credit Card,Returning
ORD-2025483,2025-03-20,CUST-1010,Kabir Singh,East,Beauty,Face Wash 100ml,1,299,5,284.05,Debit Card,New
ORD-2025484,2025-03-20,CUST-1202,Isha Verma,South,Sports,Yoga Mat,1,699,10,629.1,UPI,New
ORD-2025485,2025-03-20,CUST-1217,Ankit Patel,North,Electronics,Smartwatch,1,2999,10,2699.1,Debit Card,New
ORD-2025486,2025-03-20,CUST-1399,Vivaan Verma,South,Apparel,Cotton T-Shirt,1,499,0,499.0,Credit Card,Returning
ORD-2025487,2025-03-20,CUST-1018,Aditya Gupta,North,Beauty,Face Wash 100ml,2,299,20,478.4,Cash,New
ORD-2025488,2025-03-20,CUST-1353,Vivaan Gupta,North,Sports,Yoga Mat,3,699,15,1782.45,Net Banking,Returning
ORD-2025489,2025-03-21,CUST-1227,Rohan Joshi,East,Electronics,Bluetooth Headphones,1,1799,0,1799.0,Debit Card,Returning
ORD-2025490,2025-03-21,CUST-1009,Shreya Gupta,West,Apparel,Formal Shirt,4,899,10,3236.4,UPI,New
ORD-2025491,2025-03-21,CUST-1168,Nandini Joshi,East,Electronics,Bluetooth Headphones,2,1799,0,3598.0,UPI,New
ORD-2025492,2025-03-21,CUST-1126,Divya Sharma,Central,Sports,Cricket Bat,3,1499,0,4497.0,UPI,New
ORD-2025493,2025-03-21,CUST-1014,Vivaan Kapoor,East,Home & Kitchen,LED Desk Lamp,2,799,10,1438.2,UPI,New
ORD-2025494,2025-03-21,CUST-1368,Isha Patel,South,Electronics,Bluetooth Headphones,1,1799,0,1799.0,Credit Card,New
ORD-2025495,2025-03-21,CUST-1355,Aditya Joshi,Central,Home & Kitchen,LED Desk Lamp,1,799,5,759.05,Credit Card,Returning
ORD-2025496,2025-03-21,CUST-1115,Divya Kapoor,Central,Sports,Yoga Mat,1,699,20,559.2,Debit Card,Returning
ORD-2025497,2025-03-22,CUST-1144,Divya Mehta,East,Beauty,Face Wash 100ml,2,299,5,568.1,Cash,New
ORD-2025498,2025-03-22,CUST-1395,Rahul Verma,East,Electronics,Smartwatch,2,2999,5,5698.1,UPI,New
ORD-2025499,2025-03-22,CUST-1050,Rohan Gupta,West,Apparel,Formal Shirt,1,899,5,854.05,Debit Card,Returning
ORD-2025500,2025-03-22,CUST-1074,Kabir Kapoor,South,Home & Kitchen,Non-stick Pan Set,2,1299,0,2598.0,Debit Card,Returning
ORD-2025501,2025-03-22,CUST-1087,Kabir Verma,North,Groceries,Organic Honey 500g,1,349,0,349.0,Debit Card,Returning
ORD-2025502,2025-03-22,CUST-1051,Rohan Patel,South,Electronics,Wireless Mouse,2,599,20,958.4,Debit Card,New
ORD-2025503,2025-03-22,CUST-1318,Tanya Verma,West,Apparel,Formal Shirt,1,899,0,899.0,Credit Card,Returning
ORD-2025504,2025-03-22,CUST-1105,Rohan Singh,Central,Apparel,Formal Shirt,2,899,15,1528.3,Net Banking,New
ORD-2025505,2025-03-23,CUST-1304,Kunal Saxena,South,Home & Kitchen,Non-stick Pan Set,2,1299,20,2078.4,Credit Card,Returning
ORD-2025506,2025-03-23,CUST-1269,Kunal Verma,Central,Apparel,Denim Jacket,1,1999,0,1999.0,Credit Card,New
ORD-2025507,2025-03-23,CUST-1177,Aditya Malhotra,South,Beauty,Face Wash 100ml,1,299,20,239.2,UPI,Returning
ORD-2025508,2025-03-23,CUST-1249,Kabir Sharma,North,Stationery,Notebook Set,1,199,20,159.2,Debit Card,Returning
ORD-2025509,2025-03-23,CUST-1183,Arjun Mehta,Central,Electronics,Wireless Mouse,1,599,0,599.0,Cash,Returning
ORD-2025510,2025-03-23,CUST-1250,Shreya Saxena,East,Apparel,Denim Jacket,1,1999,0,1999.0,Credit Card,Returning
ORD-2025511,2025-03-23,CUST-1055,Rohan Saxena,North,Electronics,Wireless Mouse,5,599,5,2845.25,Credit Card,Returning
ORD-2025512,2025-03-23,CUST-1346,Vivaan Gupta,East,Home & Kitchen,Non-stick Pan Set,3,1299,0,3897.0,UPI,New
ORD-2025513,2025-03-23,CUST-1013,Divya Joshi,West,Stationery,Gel Pen Pack,1,99,20,79.2,Cash,Returning
ORD-2025514,2025-03-24,CUST-1206,Aditya Gupta,West,Stationery,Notebook Set,1,199,15,169.15,UPI,Returning
ORD-2025515,2025-03-24,CUST-1353,Vivaan Gupta,West,Electronics,Smartwatch,2,2999,20,4798.4,UPI,Returning
ORD-2025516,2025-03-25,CUST-1278,Meera Verma,North,Sports,Yoga Mat,2,699,0,1398.0,Credit Card,Returning
ORD-2025517,2025-03-25,CUST-1066,Kunal Verma,Central,Beauty,Face Wash 100ml,3,299,15,762.45,UPI,New
ORD-2025518,2025-03-25,CUST-1113,Swati Saxena,East,Stationery,Notebook Set,2,199,15,338.3,Credit Card,Returning
ORD-2025519,2025-03-25,CUST-1367,Aman Saxena,East,Beauty,Herbal Shampoo,4,249,0,996.0,Cash,Returning
ORD-2025520,2025-03-26,CUST-1031,Kabir Malhotra,North,Electronics,Bluetooth Headphones,1,1799,0,1799.0,Cash,New
ORD-2025521,2025-03-26,CUST-1371,Rahul Verma,North,Sports,Cricket Bat,1,1499,0,1499.0,Net Banking,New
ORD-2025522,2025-03-26,CUST-1268,Aman Verma,East,Electronics,Smartwatch,1,2999,20,2399.2,Debit Card,New
ORD-2025523,2025-03-27,CUST-1077,Tanya Mehta,Central,Groceries,Organic Honey 500g,1,349,10,314.1,Credit Card,Returning
ORD-2025524,2025-03-27,CUST-1160,Komal Singh,Central,Home & Kitchen,Non-stick Pan Set,1,1299,0,1299.0,UPI,New
ORD-2025525,2025-03-27,CUST-1065,Vivaan Patel,North,Apparel,Cotton T-Shirt,1,499,0,499.0,Cash,Returning
ORD-2025526,2025-03-27,CUST-1229,Vivaan Singh,West,Groceries,Basmati Rice 5kg,1,549,0,549.0,Cash,New
ORD-2025527,2025-03-28,CUST-1303,Sakshi Sharma,South,Groceries,Organic Honey 500g,2,349,20,558.4,Cash,Returning
ORD-2025528,2025-03-28,CUST-1031,Kabir Malhotra,South,Groceries,Organic Honey 500g,1,349,5,331.55,Credit Card,Returning
ORD-2025529,2025-03-28,CUST-1090,Aarav Joshi,North,Groceries,Basmati Rice 5kg,1,549,20,439.2,Credit Card,Returning
ORD-2025530,2025-03-28,CUST-1056,Aarav Kapoor,North,Beauty,Face Wash 100ml,3,299,20,717.6,Debit Card,Returning
ORD-2025531,2025-03-28,CUST-1090,Aarav Joshi,East,Apparel,Cotton T-Shirt,1,499,20,399.2,Debit Card,Returning
ORD-2025532,2025-03-28,CUST-1261,Shreya Patel,Central,Home & Kitchen,LED Desk Lamp,4,799,20,2556.8,UPI,Returning
ORD-2025533,2025-03-28,CUST-1046,Rohan Kapoor,North,Electronics,Wireless Mouse,3,599,0,1797.0,UPI,Returning
ORD-2025534,2025-03-28,CUST-1059,Kunal Verma,West,Groceries,Basmati Rice 5kg,3,549,0,1647.0,UPI,New
ORD-2025535,2025-03-28,CUST-1330,Nandini Gupta,South,Electronics,Bluetooth Headphones,1,1799,15,1529.15,Debit Card,Returning
ORD-2025536,2025-03-28,CUST-1217,Ankit Patel,West,Beauty,Herbal Shampoo,1,249,0,249.0,UPI,Returning
ORD-2025537,2025-03-29,CUST-1224,Swati Verma,East,Beauty,Face Wash 100ml,3,299,0,897.0,Credit Card,Returning
ORD-2025538,2025-03-29,CUST-1143,Muskan Saxena,East,Beauty,Herbal Shampoo,1,249,5,236.55,UPI,Returning
ORD-2025539,2025-03-29,CUST-1179,Nandini Saxena,North,Electronics,Smartwatch,1,2999,0,2999.0,Cash,New
ORD-2025540,2025-03-29,CUST-1396,Shreya Patel,East,Groceries,Organic Honey 500g,2,349,20,558.4,Debit Card,New
ORD-2025541,2025-03-29,CUST-1166,Divya Mehta,South,Sports,Yoga Mat,3,699,10,1887.3,Cash,Returning
ORD-2025542,2025-03-29,CUST-1378,Rahul Mehta,West,Electronics,Wireless Mouse,1,599,20,479.2,Credit Card,Returning
ORD-2025543,2025-03-29,CUST-1020,Rohan Malhotra,North,Electronics,Smartwatch,3,2999,0,8997.0,UPI,New
ORD-2025544,2025-03-30,CUST-1347,Ankit Joshi,West,Electronics,Bluetooth Headphones,1,1799,5,1709.05,Net Banking,Returning
ORD-2025545,2025-03-30,CUST-1051,Rohan Patel,Central,Electronics,Bluetooth Headphones,1,1799,0,1799.0,Cash,New
ORD-2025546,2025-03-30,CUST-1076,Tanya Saxena,North,Stationery,Notebook Set,3,199,15,507.45,UPI,New
ORD-2025547,2025-03-30,CUST-1054,Kunal Patel,East,Sports,Cricket Bat,1,1499,10,1349.1,Debit Card,Returning
ORD-2025548,2025-03-30,CUST-1118,Sakshi Malhotra,Central,Apparel,Denim Jacket,1,1999,0,1999.0,Credit Card,New
ORD-2025549,2025-03-30,CUST-1052,Meera Verma,South,Electronics,Wireless Mouse,2,599,5,1138.1,UPI,New
ORD-2025550,2025-03-30,CUST-1127,Muskan Joshi,East,Electronics,Smartwatch,3,2999,10,8097.3,Debit Card,Returning
ORD-2025551,2025-03-31,CUST-1076,Tanya Saxena,West,Beauty,Herbal Shampoo,1,249,0,249.0,UPI,New
ORD-2025552,2025-03-31,CUST-1036,Nandini Mehta,North,Sports,Yoga Mat,4,699,0,2796.0,UPI,Returning
ORD-2025553,2025-03-31,CUST-1056,Aarav Kapoor,West,Stationery,Gel Pen Pack,5,99,0,495.0,Net Banking,Returning
ORD-2025554,2025-03-31,CUST-1208,Arjun Singh,North,Home & Kitchen,LED Desk Lamp,1,799,0,799.0,Credit Card,Returning
ORD-2025555,2025-03-31,CUST-1396,Shreya Patel,Central,Beauty,Herbal Shampoo,1,249,0,249.0,Credit Card,Returning
ORD-2025556,2025-03-31,CUST-1312,Sakshi Saxena,East,Sports,Yoga Mat,1,699,10,629.1,Credit Card,Returning
ORD-2025557,2025-03-31,CUST-1306,Sakshi Malhotra,Central,Electronics,Bluetooth Headphones,5,1799,20,7196.0,Cash,Returning
ORD-2025558,2025-03-31,CUST-1257,Shreya Saxena,East,Apparel,Cotton T-Shirt,1,499,0,499.0,UPI,Returning
ORD-2025559,2025-03-31,CUST-1041,Divya Malhotra,South,Stationery,Notebook Set,3,199,5,567.15,Cash,New
ORD-2025560,2025-04-01,CUST-1249,Kabir Sharma,East,Beauty,Face Wash 100ml,1,299,20,239.2,Net Banking,New
ORD-2025561,2025-04-01,CUST-1108,Kunal Patel,North,Home & Kitchen,Non-stick Pan Set,3,1299,20,3117.6,Cash,Returning
ORD-2025562,2025-04-01,CUST-1361,Vivaan Kapoor,Central,Electronics,Wireless Mouse,1,599,0,599.0,Debit Card,Returning
ORD-2025563,2025-04-01,CUST-1230,Divya Malhotra,West,Beauty,Herbal Shampoo,1,249,10,224.1,Credit Card,Returning
ORD-2025564,2025-04-01,CUST-1087,Kabir Verma,South,Electronics,Bluetooth Headphones,2,1799,0,3598.0,UPI,Returning
ORD-2025565,2025-04-02,CUST-1064,Ankit Mehta,West,Home & Kitchen,LED Desk Lamp,1,799,0,799.0,Debit Card,Returning
ORD-2025566,2025-04-02,CUST-1354,Aman Saxena,South,Stationery,Notebook Set,2,199,20,318.4,Credit Card,Returning
ORD-2025567,2025-04-02,CUST-1268,Aman Verma,East,Electronics,Wireless Mouse,1,599,15,509.15,UPI,Returning
ORD-2025568,2025-04-02,CUST-1118,Sakshi Malhotra,North,Home & Kitchen,LED Desk Lamp,1,799,10,719.1,Debit Card,Returning
ORD-2025569,2025-04-02,CUST-1309,Meera Verma,East,Electronics,Wireless Mouse,3,599,15,1527.45,Cash,Returning
ORD-2025570,2025-04-02,CUST-1053,Vivaan Malhotra,North,Apparel,Cotton T-Shirt,1,499,0,499.0,Cash,New
ORD-2025571,2025-04-02,CUST-1094,Swati Kapoor,West,Electronics,Bluetooth Headphones,1,1799,15,1529.15,Debit Card,Returning
ORD-2025572,2025-04-03,CUST-1082,Aarav Mehta,North,Groceries,Basmati Rice 5kg,2,549,0,1098.0,UPI,Returning
ORD-2025573,2025-04-03,CUST-1369,Rohan Sharma,Central,Sports,Yoga Mat,1,699,0,699.0,Debit Card,Returning
ORD-2025574,2025-04-03,CUST-1141,Tanya Kapoor,North,Electronics,Smartwatch,1,2999,15,2549.15,Debit Card,Returning
ORD-2025575,2025-04-03,CUST-1152,Kabir Gupta,East,Stationery,Notebook Set,1,199,0,199.0,Debit Card,New
ORD-2025576,2025-04-03,CUST-1335,Divya Saxena,North,Sports,Cricket Bat,1,1499,0,1499.0,Debit Card,Returning
ORD-2025577,2025-04-03,CUST-1085,Shreya Mehta,West,Sports,Cricket Bat,1,1499,20,1199.2,Debit Card,Returning
ORD-2025578,2025-04-03,CUST-1005,Rohan Malhotra,East,Apparel,Cotton T-Shirt,1,499,20,399.2,UPI,New
ORD-2025579,2025-04-03,CUST-1188,Shreya Malhotra,Central,Electronics,Smartwatch,1,2999,15,2549.15,Credit Card,Returning
ORD-2025580,2025-04-03,CUST-1025,Aditya Singh,North,Beauty,Face Wash 100ml,4,299,0,1196.0,Net Banking,New
ORD-2025581,2025-04-03,CUST-1336,Arjun Singh,West,Home & Kitchen,Non-stick Pan Set,2,1299,20,2078.4,Debit Card,Returning
ORD-2025582,2025-04-03,CUST-1350,Isha Kapoor,West,Apparel,Cotton T-Shirt,1,499,15,424.15,Cash,Returning
ORD-2025583,2025-04-04,CUST-1167,Nandini Verma,East,Stationery,Gel Pen Pack,2,99,0,198.0,UPI,New
ORD-2025584,2025-04-04,CUST-1045,Arjun Verma,North,Electronics,Bluetooth Headphones,1,1799,0,1799.0,Net Banking,New
ORD-2025585,2025-04-04,CUST-1027,Aditya Gupta,West,Groceries,Basmati Rice 5kg,2,549,0,1098.0,Credit Card,Returning
ORD-2025586,2025-04-04,CUST-1052,Meera Verma,West,Beauty,Face Wash 100ml,1,299,0,299.0,Credit Card,New
ORD-2025587,2025-04-04,CUST-1116,Sakshi Mehta,Central,Electronics,Wireless Mouse,4,599,0,2396.0,Net Banking,Returning
ORD-2025588,2025-04-04,CUST-1146,Tanya Patel,East,Electronics,Wireless Mouse,1,599,0,599.0,Cash,Returning
ORD-2025589,2025-04-04,CUST-1150,Isha Singh,East,Groceries,Basmati Rice 5kg,1,549,20,439.2,Cash,Returning
ORD-2025590,2025-04-05,CUST-1342,Vivaan Saxena,West,Home & Kitchen,Non-stick Pan Set,4,1299,0,5196.0,Cash,Returning
ORD-2025591,2025-04-05,CUST-1347,Ankit Joshi,North,Apparel,Formal Shirt,1,899,15,764.15,Credit Card,Returning
ORD-2025592,2025-04-05,CUST-1131,Aarav Sharma,North,Electronics,Bluetooth Headphones,1,1799,15,1529.15,UPI,Returning
ORD-2025593,2025-04-05,CUST-1114,Vivaan Malhotra,South,Apparel,Cotton T-Shirt,4,499,0,1996.0,Credit Card,New
ORD-2025594,2025-04-05,CUST-1034,Sakshi Patel,Central,Home & Kitchen,Non-stick Pan Set,5,1299,5,6170.25,UPI,Returning
ORD-2025595,2025-04-05,CUST-1256,Rohan Singh,South,Stationery,Notebook Set,1,199,10,179.1,Credit Card,Returning
ORD-2025596,2025-04-05,CUST-1097,Rohan Verma,North,Electronics,Smartwatch,1,2999,0,2999.0,Debit Card,Returning
ORD-2025597,2025-04-05,CUST-1136,Kunal Patel,South,Stationery,Notebook Set,1,199,5,189.05,Credit Card,Returning
ORD-2025598,2025-04-05,CUST-1284,Arjun Kapoor,North,Electronics,Smartwatch,1,2999,5,2849.05,Debit Card,Returning
ORD-2025599,2025-04-05,CUST-1040,Aditya Malhotra,South,Apparel,Formal Shirt,2,899,15,1528.3,UPI,Returning
ORD-2025600,2025-04-06,CUST-1150,Isha Singh,Central,Electronics,Bluetooth Headphones,5,1799,20,7196.0,Debit Card,Returning
ORD-2025601,2025-04-06,CUST-1255,Aman Gupta,South,Sports,Cricket Bat,3,1499,0,4497.0,Credit Card,Returning
ORD-2025602,2025-04-07,CUST-1270,Nandini Verma,North,Sports,Yoga Mat,1,699,20,559.2,UPI,New
ORD-2025603,2025-04-07,CUST-1292,Aman Singh,South,Apparel,Cotton T-Shirt,1,499,0,499.0,Net Banking,Returning
ORD-2025604,2025-04-07,CUST-1140,Tanya Verma,East,Home & Kitchen,Non-stick Pan Set,1,1299,0,1299.0,Debit Card,New
ORD-2025605,2025-04-08,CUST-1217,Ankit Patel,South,Apparel,Cotton T-Shirt,1,499,5,474.05,Debit Card,Returning
ORD-2025606,2025-04-08,CUST-1173,Ankit Gupta,West,Sports,Yoga Mat,1,699,10,629.1,UPI,Returning
ORD-2025607,2025-04-08,CUST-1240,Sakshi Patel,Central,Electronics,Bluetooth Headphones,2,1799,0,3598.0,Cash,New
ORD-2025608,2025-04-08,CUST-1066,Kunal Verma,East,Beauty,Face Wash 100ml,2,299,20,478.4,Debit Card,New
ORD-2025609,2025-04-08,CUST-1358,Aman Patel,Central,Electronics,Smartwatch,1,2999,0,2999.0,UPI,Returning
ORD-2025610,2025-04-08,CUST-1263,Tanya Mehta,West,Beauty,Face Wash 100ml,1,299,10,269.1,Debit Card,Returning
ORD-2025611,2025-04-08,CUST-1305,Muskan Joshi,East,Beauty,Face Wash 100ml,1,299,20,239.2,Credit Card,New
ORD-2025612,2025-04-09,CUST-1256,Rohan Singh,North,Groceries,Organic Honey 500g,1,349,10,314.1,UPI,New
ORD-2025613,2025-04-09,CUST-1063,Aman Sharma,North,Groceries,Organic Honey 500g,2,349,15,593.3,Debit Card,Returning
ORD-2025614,2025-04-09,CUST-1108,Kunal Patel,West,Apparel,Formal Shirt,3,899,0,2697.0,UPI,Returning
ORD-2025615,2025-04-09,CUST-1159,Isha Kapoor,West,Sports,Yoga Mat,1,699,0,699.0,Credit Card,Returning
ORD-2025616,2025-04-09,CUST-1231,Divya Gupta,North,Apparel,Formal Shirt,2,899,0,1798.0,Credit Card,Returning
ORD-2025617,2025-04-09,CUST-1082,Aarav Mehta,East,Home & Kitchen,LED Desk Lamp,1,799,20,639.2,UPI,Returning
ORD-2025618,2025-04-09,CUST-1074,Kabir Kapoor,South,Groceries,Basmati Rice 5kg,2,549,0,1098.0,Debit Card,Returning
ORD-2025619,2025-04-09,CUST-1169,Nandini Patel,East,Apparel,Cotton T-Shirt,1,499,0,499.0,Credit Card,New
ORD-2025620,2025-04-09,CUST-1360,Muskan Singh,South,Groceries,Basmati Rice 5kg,4,549,10,1976.4,UPI,Returning
ORD-2025621,2025-04-09,CUST-1400,Aarav Gupta,South,Apparel,Cotton T-Shirt,1,499,10,449.1,Cash,Returning
ORD-2025622,2025-04-10,CUST-1398,Sakshi Patel,North,Beauty,Face Wash 100ml,1,299,10,269.1,Net Banking,Returning
ORD-2025623,2025-04-10,CUST-1048,Divya Mehta,West,Electronics,Wireless Mouse,1,599,20,479.2,UPI,New
ORD-2025624,2025-04-10,CUST-1184,Rahul Joshi,Central,Apparel,Formal Shirt,2,899,5,1708.1,Debit Card,Returning
ORD-2025625,2025-04-10,CUST-1301,Shreya Sharma,Central,Apparel,Formal Shirt,2,899,10,1618.2,Debit Card,Returning
ORD-2025626,2025-04-10,CUST-1238,Nandini Verma,South,Electronics,Bluetooth Headphones,2,1799,0,3598.0,UPI,New
ORD-2025627,2025-04-10,CUST-1206,Aditya Gupta,North,Electronics,Wireless Mouse,2,599,0,1198.0,Debit Card,New
ORD-2025628,2025-04-10,CUST-1180,Muskan Joshi,South,Apparel,Cotton T-Shirt,3,499,20,1197.6,UPI,Returning
ORD-2025629,2025-04-10,CUST-1260,Ankit Verma,North,Stationery,Notebook Set,1,199,0,199.0,Net Banking,New
ORD-2025630,2025-04-11,CUST-1230,Divya Malhotra,South,Apparel,Formal Shirt,2,899,20,1438.4,Credit Card,New
ORD-2025631,2025-04-11,CUST-1114,Vivaan Malhotra,Central,Electronics,Wireless Mouse,1,599,10,539.1,UPI,New
ORD-2025632,2025-04-11,CUST-1033,Meera Joshi,West,Groceries,Organic Honey 500g,3,349,0,1047.0,UPI,Returning
ORD-2025633,2025-04-11,CUST-1301,Shreya Sharma,South,Beauty,Herbal Shampoo,1,249,5,236.55,Cash,New
ORD-2025634,2025-04-11,CUST-1192,Kunal Singh,South,Beauty,Face Wash 100ml,3,299,10,807.3,Debit Card,Returning
ORD-2025635,2025-04-12,CUST-1168,Nandini Joshi,East,Home & Kitchen,Non-stick Pan Set,4,1299,5,4936.2,Net Banking,Returning
ORD-2025636,2025-04-12,CUST-1400,Aarav Gupta,Central,Apparel,Cotton T-Shirt,3,499,5,1422.15,Net Banking,New
ORD-2025637,2025-04-12,CUST-1212,Komal Joshi,South,Stationery,Notebook Set,1,199,0,199.0,Cash,New
ORD-2025638,2025-04-12,CUST-1347,Ankit Joshi,North,Electronics,Bluetooth Headphones,1,1799,20,1439.2,Credit Card,Returning
ORD-2025639,2025-04-12,CUST-1383,Aman Gupta,West,Home & Kitchen,Non-stick Pan Set,3,1299,5,3702.15,Net Banking,New
ORD-2025640,2025-04-12,CUST-1038,Rohan Joshi,South,Electronics,Bluetooth Headphones,1,1799,0,1799.0,Debit Card,Returning
ORD-2025641,2025-04-12,CUST-1390,Rahul Saxena,South,Stationery,Notebook Set,1,199,20,159.2,Debit Card,New
ORD-2025642,2025-04-12,CUST-1286,Arjun Singh,South,Apparel,Cotton T-Shirt,2,499,20,798.4,UPI,New
ORD-2025643,2025-04-12,CUST-1376,Kunal Kapoor,North,Home & Kitchen,Non-stick Pan Set,1,1299,0,1299.0,Cash,Returning
ORD-2025644,2025-04-13,CUST-1330,Nandini Gupta,East,Sports,Yoga Mat,4,699,0,2796.0,Net Banking,Returning
ORD-2025645,2025-04-13,CUST-1266,Vivaan Kapoor,East,Apparel,Formal Shirt,2,899,0,1798.0,UPI,New
ORD-2025646,2025-04-13,CUST-1300,Vivaan Mehta,East,Sports,Yoga Mat,2,699,15,1188.3,Cash,New
ORD-2025647,2025-04-13,CUST-1180,Muskan Joshi,Central,Apparel,Formal Shirt,2,899,5,1708.1,Credit Card,Returning
ORD-2025648,2025-04-14,CUST-1083,Komal Kapoor,South,Home & Kitchen,LED Desk Lamp,1,799,5,759.05,Debit Card,Returning
ORD-2025649,2025-04-14,CUST-1109,Kabir Mehta,East,Groceries,Basmati Rice 5kg,2,549,10,988.2,UPI,New
ORD-2025650,2025-04-14,CUST-1314,Kunal Sharma,Central,Apparel,Formal Shirt,1,899,10,809.1,Credit Card,Returning
ORD-2025651,2025-04-14,CUST-1007,Aarav Sharma,North,Beauty,Herbal Shampoo,2,249,5,473.1,UPI,Returning
ORD-2025652,2025-04-15,CUST-1221,Kunal Singh,North,Groceries,Basmati Rice 5kg,1,549,15,466.65,Debit Card,Returning
ORD-2025653,2025-04-15,CUST-1311,Muskan Joshi,North,Groceries,Basmati Rice 5kg,4,549,15,1866.6,Credit Card,New
ORD-2025654,2025-04-16,CUST-1276,Swati Joshi,East,Apparel,Formal Shirt,4,899,0,3596.0,Debit Card,Returning
ORD-2025655,2025-04-16,CUST-1080,Kabir Sharma,West,Apparel,Cotton T-Shirt,2,499,5,948.1,Credit Card,New
ORD-2025656,2025-04-16,CUST-1239,Rohan Malhotra,East,Sports,Yoga Mat,3,699,5,1992.15,Net Banking,Returning
ORD-2025657,2025-04-16,CUST-1157,Arjun Verma,West,Groceries,Basmati Rice 5kg,1,549,20,439.2,UPI,Returning
ORD-2025658,2025-04-16,CUST-1192,Kunal Singh,West,Sports,Cricket Bat,1,1499,0,1499.0,Debit Card,New
ORD-2025659,2025-04-16,CUST-1254,Meera Malhotra,North,Groceries,Organic Honey 500g,2,349,0,698.0,Debit Card,Returning
ORD-2025660,2025-04-17,CUST-1110,Aman Malhotra,South,Home & Kitchen,LED Desk Lamp,2,799,0,1598.0,UPI,Returning
ORD-2025661,2025-04-17,CUST-1147,Aman Saxena,West,Electronics,Bluetooth Headphones,1,1799,0,1799.0,Debit Card,Returning
ORD-2025662,2025-04-17,CUST-1245,Kunal Patel,North,Groceries,Organic Honey 500g,2,349,10,628.2,Debit Card,New
ORD-2025663,2025-04-17,CUST-1251,Aarav Singh,North,Groceries,Basmati Rice 5kg,2,549,0,1098.0,Credit Card,New
ORD-2025664,2025-04-17,CUST-1369,Rohan Sharma,North,Groceries,Basmati Rice 5kg,1,549,20,439.2,Cash,Returning
ORD-2025665,2025-04-17,CUST-1077,Tanya Mehta,West,Groceries,Basmati Rice 5kg,4,549,10,1976.4,Debit Card,Returning
ORD-2025666,2025-04-17,CUST-1062,Tanya Sharma,South,Groceries,Organic Honey 500g,1,349,5,331.55,Debit Card,Returning
ORD-2025667,2025-04-17,CUST-1276,Swati Joshi,South,Home & Kitchen,Non-stick Pan Set,1,1299,20,1039.2,Credit Card,New
ORD-2025668,2025-04-17,CUST-1275,Tanya Singh,West,Groceries,Basmati Rice 5kg,1,549,0,549.0,UPI,Returning
ORD-2025669,2025-04-18,CUST-1082,Aarav Mehta,South,Apparel,Formal Shirt,2,899,20,1438.4,Cash,Returning
ORD-2025670,2025-04-18,CUST-1342,Vivaan Saxena,East,Beauty,Face Wash 100ml,2,299,5,568.1,UPI,Returning
ORD-2025671,2025-04-18,CUST-1400,Aarav Gupta,West,Electronics,Smartwatch,2,2999,0,5998.0,Debit Card,Returning
ORD-2025672,2025-04-18,CUST-1093,Kabir Mehta,Central,Apparel,Formal Shirt,2,899,0,1798.0,Credit Card,Returning
ORD-2025673,2025-04-19,CUST-1210,Meera Sharma,North,Sports,Cricket Bat,1,1499,0,1499.0,Net Banking,New
ORD-2025674,2025-04-19,CUST-1300,Vivaan Mehta,Central,Home & Kitchen,Non-stick Pan Set,3,1299,20,3117.6,Debit Card,New
ORD-2025675,2025-04-19,CUST-1359,Arjun Mehta,South,Apparel,Formal Shirt,3,899,20,2157.6,Credit Card,Returning
ORD-2025676,2025-04-19,CUST-1299,Kabir Mehta,West,Groceries,Basmati Rice 5kg,1,549,15,466.65,UPI,Returning
ORD-2025677,2025-04-19,CUST-1053,Vivaan Malhotra,East,Stationery,Gel Pen Pack,2,99,20,158.4,Credit Card,Returning
ORD-2025678,2025-04-19,CUST-1150,Isha Singh,East,Sports,Cricket Bat,3,1499,0,4497.0,UPI,Returning
ORD-2025679,2025-04-19,CUST-1372,Vivaan Singh,North,Apparel,Cotton T-Shirt,1,499,15,424.15,Debit Card,Returning
ORD-2025680,2025-04-20,CUST-1202,Isha Verma,East,Groceries,Organic Honey 500g,1,349,20,279.2,Debit Card,New
ORD-2025681,2025-04-20,CUST-1290,Kabir Mehta,West,Apparel,Formal Shirt,2,899,0,1798.0,Credit Card,New
ORD-2025682,2025-04-20,CUST-1304,Kunal Saxena,South,Electronics,Smartwatch,1,2999,0,2999.0,Cash,Returning
ORD-2025683,2025-04-20,CUST-1099,Rahul Malhotra,Central,Stationery,Gel Pen Pack,3,99,0,297.0,Credit Card,New
ORD-2025684,2025-04-20,CUST-1136,Kunal Patel,South,Electronics,Bluetooth Headphones,1,1799,0,1799.0,Debit Card,Returning
ORD-2025685,2025-04-21,CUST-1020,Rohan Malhotra,North,Groceries,Organic Honey 500g,1,349,5,331.55,UPI,New
ORD-2025686,2025-04-21,CUST-1257,Shreya Saxena,West,Groceries,Organic Honey 500g,1,349,0,349.0,Credit Card,Returning
ORD-2025687,2025-04-21,CUST-1126,Divya Sharma,South,Beauty,Herbal Shampoo,1,249,5,236.55,Net Banking,New
ORD-2025688,2025-04-21,CUST-1014,Vivaan Kapoor,Central,Beauty,Face Wash 100ml,3,299,0,897.0,Credit Card,Returning
ORD-2025689,2025-04-21,CUST-1173,Ankit Gupta,South,Electronics,Bluetooth Headphones,1,1799,5,1709.05,UPI,New
ORD-2025690,2025-04-22,CUST-1237,Divya Sharma,North,Stationery,Gel Pen Pack,1,99,20,79.2,Credit Card,New
ORD-2025691,2025-04-22,CUST-1259,Rahul Singh,Central,Electronics,Smartwatch,1,2999,0,2999.0,Credit Card,New
ORD-2025692,2025-04-22,CUST-1046,Rohan Kapoor,North,Apparel,Denim Jacket,4,1999,5,7596.2,UPI,Returning
ORD-2025693,2025-04-23,CUST-1214,Rohan Sharma,South,Stationery,Gel Pen Pack,2,99,15,168.3,Cash,Returning
ORD-2025694,2025-04-23,CUST-1164,Kabir Malhotra,West,Groceries,Basmati Rice 5kg,3,549,10,1482.3,UPI,Returning
ORD-2025695,2025-04-23,CUST-1119,Rahul Gupta,West,Beauty,Herbal Shampoo,2,249,15,423.3,Debit Card,New
ORD-2025696,2025-04-23,CUST-1144,Divya Mehta,West,Groceries,Organic Honey 500g,1,349,0,349.0,Debit Card,Returning
ORD-2025697,2025-04-24,CUST-1293,Sakshi Singh,East,Electronics,Wireless Mouse,2,599,5,1138.1,Cash,New
ORD-2025698,2025-04-24,CUST-1034,Sakshi Patel,Central,Stationery,Gel Pen Pack,3,99,10,267.3,UPI,New
ORD-2025699,2025-04-25,CUST-1077,Tanya Mehta,Central,Apparel,Cotton T-Shirt,1,499,15,424.15,UPI,Returning
ORD-2025700,2025-04-25,CUST-1178,Komal Sharma,West,Groceries,Organic Honey 500g,1,349,15,296.65,Cash,New
ORD-2025701,2025-04-25,CUST-1165,Rahul Singh,East,Electronics,Smartwatch,4,2999,0,11996.0,Net Banking,New
ORD-2025702,2025-04-25,CUST-1281,Nandini Saxena,East,Groceries,Organic Honey 500g,3,349,10,942.3,Debit Card,New
ORD-2025703,2025-04-25,CUST-1373,Rahul Verma,North,Stationery,Gel Pen Pack,1,99,5,94.05,Debit Card,Returning
ORD-2025704,2025-04-25,CUST-1394,Tanya Malhotra,South,Home & Kitchen,Non-stick Pan Set,3,1299,0,3897.0,UPI,Returning
ORD-2025705,2025-04-25,CUST-1046,Rohan Kapoor,North,Home & Kitchen,LED Desk Lamp,1,799,0,799.0,Credit Card,New
ORD-2025706,2025-04-25,CUST-1100,Vivaan Saxena,Central,Apparel,Formal Shirt,4,899,20,2876.8,Credit Card,Returning
ORD-2025707,2025-04-26,CUST-1243,Aman Joshi,East,Apparel,Formal Shirt,1,899,0,899.0,Debit Card,Returning
ORD-2025708,2025-04-26,CUST-1006,Sakshi Singh,East,Apparel,Denim Jacket,1,1999,0,1999.0,Credit Card,Returning
ORD-2025709,2025-04-26,CUST-1043,Divya Kapoor,North,Electronics,Bluetooth Headphones,3,1799,0,5397.0,Cash,Returning
ORD-2025710,2025-04-26,CUST-1126,Divya Sharma,North,Beauty,Face Wash 100ml,1,299,10,269.1,Debit Card,New
ORD-2025711,2025-04-26,CUST-1181,Kunal Sharma,Central,Stationery,Gel Pen Pack,5,99,0,495.0,Cash,Returning
ORD-2025712,2025-04-26,CUST-1305,Muskan Joshi,East,Electronics,Wireless Mouse,5,599,0,2995.0,UPI,Returning
ORD-2025713,2025-04-27,CUST-1227,Rohan Joshi,East,Apparel,Denim Jacket,3,1999,10,5397.3,UPI,Returning
ORD-2025714,2025-04-27,CUST-1018,Aditya Gupta,East,Electronics,Wireless Mouse,4,599,20,1916.8,Credit Card,New
ORD-2025715,2025-04-27,CUST-1274,Muskan Singh,West,Sports,Cricket Bat,1,1499,0,1499.0,Credit Card,Returning
ORD-2025716,2025-04-27,CUST-1364,Rahul Malhotra,North,Stationery,Gel Pen Pack,2,99,15,168.3,UPI,Returning
ORD-2025717,2025-04-27,CUST-1369,Rohan Sharma,East,Home & Kitchen,LED Desk Lamp,4,799,0,3196.0,UPI,Returning
ORD-2025718,2025-04-27,CUST-1182,Swati Verma,West,Groceries,Organic Honey 500g,4,349,0,1396.0,Debit Card,New
ORD-2025719,2025-04-27,CUST-1030,Rahul Kapoor,South,Electronics,Bluetooth Headphones,3,1799,5,5127.15,Debit Card,New
ORD-2025720,2025-04-28,CUST-1007,Aarav Sharma,North,Sports,Cricket Bat,3,1499,5,4272.15,UPI,New
ORD-2025721,2025-04-28,CUST-1214,Rohan Sharma,West,Home & Kitchen,Non-stick Pan Set,1,1299,5,1234.05,Net Banking,Returning
ORD-2025722,2025-04-28,CUST-1021,Isha Patel,East,Apparel,Formal Shirt,1,899,5,854.05,Net Banking,New
ORD-2025723,2025-04-28,CUST-1180,Muskan Joshi,East,Stationery,Gel Pen Pack,4,99,0,396.0,Cash,Returning
ORD-2025724,2025-04-28,CUST-1366,Vivaan Joshi,North,Groceries,Organic Honey 500g,2,349,15,593.3,UPI,Returning
ORD-2025725,2025-04-28,CUST-1141,Tanya Kapoor,North,Stationery,Gel Pen Pack,5,99,20,396.0,UPI,New
ORD-2025726,2025-04-28,CUST-1191,Nandini Malhotra,West,Stationery,Gel Pen Pack,4,99,10,356.4,UPI,New
ORD-2025727,2025-04-28,CUST-1129,Nandini Patel,North,Beauty,Herbal Shampoo,2,249,5,473.1,Cash,Returning
ORD-2025728,2025-04-28,CUST-1235,Meera Verma,East,Groceries,Basmati Rice 5kg,3,549,5,1564.65,Debit Card,New
ORD-2025729,2025-04-28,CUST-1227,Rohan Joshi,East,Sports,Cricket Bat,2,1499,15,2548.3,UPI,Returning
ORD-2025730,2025-04-28,CUST-1157,Arjun Verma,Central,Electronics,Smartwatch,2,2999,10,5398.2,Cash,Returning
ORD-2025731,2025-04-29,CUST-1087,Kabir Verma,West,Home & Kitchen,Non-stick Pan Set,2,1299,10,2338.2,Debit Card,Returning
ORD-2025732,2025-04-29,CUST-1116,Sakshi Mehta,North,Sports,Cricket Bat,4,1499,10,5396.4,Net Banking,Returning
ORD-2025733,2025-04-29,CUST-1086,Nandini Verma,East,Electronics,Wireless Mouse,1,599,20,479.2,Credit Card,Returning
ORD-2025734,2025-04-29,CUST-1072,Tanya Sharma,Central,Stationery,Gel Pen Pack,1,99,5,94.05,Credit Card,Returning
ORD-2025735,2025-04-29,CUST-1124,Aditya Gupta,South,Groceries,Basmati Rice 5kg,4,549,10,1976.4,Credit Card,New
ORD-2025736,2025-04-29,CUST-1011,Kunal Sharma,South,Stationery,Notebook Set,1,199,15,169.15,UPI,Returning
ORD-2025737,2025-04-29,CUST-1080,Kabir Sharma,South,Beauty,Herbal Shampoo,3,249,20,597.6,Cash,New
ORD-2025738,2025-04-29,CUST-1181,Kunal Sharma,Central,Home & Kitchen,Non-stick Pan Set,1,1299,0,1299.0,Credit Card,Returning
ORD-2025739,2025-04-29,CUST-1235,Meera Verma,East,Apparel,Formal Shirt,2,899,0,1798.0,Debit Card,New
ORD-2025740,2025-04-30,CUST-1265,Muskan Singh,South,Apparel,Formal Shirt,2,899,0,1798.0,Net Banking,Returning
ORD-2025741,2025-04-30,CUST-1108,Kunal Patel,East,Stationery,Notebook Set,1,199,20,159.2,Credit Card,Returning
ORD-2025742,2025-04-30,CUST-1393,Nandini Singh,North,Electronics,Wireless Mouse,2,599,0,1198.0,Credit Card,Returning
ORD-2025743,2025-04-30,CUST-1257,Shreya Saxena,West,Stationery,Gel Pen Pack,1,99,0,99.0,Net Banking,Returning
ORD-2025744,2025-04-30,CUST-1060,Swati Gupta,South,Apparel,Cotton T-Shirt,2,499,10,898.2,Net Banking,Returning
ORD-2025745,2025-04-30,CUST-1073,Rahul Kapoor,Central,Groceries,Basmati Rice 5kg,1,549,0,549.0,Debit Card,Returning
ORD-2025746,2025-04-30,CUST-1380,Meera Joshi,Central,Apparel,Formal Shirt,2,899,15,1528.3,UPI,Returning
ORD-2025747,2025-04-30,CUST-1063,Aman Sharma,West,Home & Kitchen,LED Desk Lamp,1,799,0,799.0,Net Banking,New
ORD-2025748,2025-05-01,CUST-1356,Isha Verma,West,Groceries,Organic Honey 500g,3,349,0,1047.0,Cash,New
ORD-2025749,2025-05-01,CUST-1156,Nandini Joshi,West,Sports,Yoga Mat,2,699,10,1258.2,Credit Card,Returning
ORD-2025750,2025-05-01,CUST-1347,Ankit Joshi,North,Groceries,Basmati Rice 5kg,3,549,10,1482.3,UPI,New
ORD-2025751,2025-05-01,CUST-1350,Isha Kapoor,East,Apparel,Denim Jacket,3,1999,5,5697.15,Debit Card,New
ORD-2025752,2025-05-01,CUST-1047,Isha Kapoor,West,Sports,Yoga Mat,1,699,0,699.0,Cash,Returning
ORD-2025753,2025-05-01,CUST-1184,Rahul Joshi,West,Home & Kitchen,Non-stick Pan Set,1,1299,0,1299.0,UPI,Returning
ORD-2025754,2025-05-02,CUST-1106,Ankit Saxena,West,Beauty,Herbal Shampoo,1,249,0,249.0,Net Banking,Returning
ORD-2025755,2025-05-02,CUST-1232,Aman Patel,West,Home & Kitchen,LED Desk Lamp,5,799,15,3395.75,Credit Card,Returning
ORD-2025756,2025-05-02,CUST-1059,Kunal Verma,West,Stationery,Gel Pen Pack,1,99,10,89.1,UPI,New
ORD-2025757,2025-05-02,CUST-1025,Aditya Singh,Central,Home & Kitchen,Non-stick Pan Set,1,1299,20,1039.2,Debit Card,Returning
ORD-2025758,2025-05-02,CUST-1365,Meera Singh,Central,Sports,Yoga Mat,1,699,5,664.05,Debit Card,Returning
ORD-2025759,2025-05-02,CUST-1156,Nandini Joshi,Central,Beauty,Herbal Shampoo,3,249,10,672.3,Debit Card,Returning
ORD-2025760,2025-05-02,CUST-1058,Nandini Singh,West,Electronics,Bluetooth Headphones,1,1799,0,1799.0,Debit Card,New
ORD-2025761,2025-05-02,CUST-1216,Meera Malhotra,Central,Apparel,Formal Shirt,1,899,5,854.05,Debit Card,New
ORD-2025762,2025-05-03,CUST-1110,Aman Malhotra,Central,Sports,Yoga Mat,1,699,20,559.2,UPI,New
ORD-2025763,2025-05-03,CUST-1374,Isha Sharma,Central,Sports,Cricket Bat,1,1499,5,1424.05,Credit Card,Returning
ORD-2025764,2025-05-03,CUST-1293,Sakshi Singh,North,Home & Kitchen,LED Desk Lamp,2,799,0,1598.0,Debit Card,Returning
ORD-2025765,2025-05-03,CUST-1161,Ankit Gupta,North,Groceries,Organic Honey 500g,1,349,5,331.55,Credit Card,Returning
ORD-2025766,2025-05-03,CUST-1247,Meera Malhotra,Central,Electronics,Wireless Mouse,1,599,0,599.0,UPI,New
ORD-2025767,2025-05-03,CUST-1268,Aman Verma,North,Electronics,Smartwatch,1,2999,5,2849.05,Debit Card,Returning
ORD-2025768,2025-05-03,CUST-1168,Nandini Joshi,Central,Home & Kitchen,LED Desk Lamp,5,799,10,3595.5,Net Banking,Returning
ORD-2025769,2025-05-03,CUST-1376,Kunal Kapoor,South,Apparel,Formal Shirt,1,899,20,719.2,Cash,New
ORD-2025770,2025-05-03,CUST-1153,Swati Verma,North,Electronics,Bluetooth Headphones,1,1799,0,1799.0,Credit Card,Returning
ORD-2025771,2025-05-04,CUST-1098,Rohan Patel,North,Home & Kitchen,Non-stick Pan Set,5,1299,15,5520.75,Cash,Returning
ORD-2025772,2025-05-04,CUST-1332,Rahul Malhotra,South,Stationery,Gel Pen Pack,1,99,5,94.05,UPI,Returning
ORD-2025773,2025-05-04,CUST-1370,Shreya Malhotra,East,Groceries,Organic Honey 500g,5,349,0,1745.0,Net Banking,New
ORD-2025774,2025-05-04,CUST-1113,Swati Saxena,South,Groceries,Basmati Rice 5kg,1,549,0,549.0,Debit Card,Returning
ORD-2025775,2025-05-04,CUST-1299,Kabir Mehta,Central,Electronics,Wireless Mouse,1,599,15,509.15,Credit Card,Returning
ORD-2025776,2025-05-04,CUST-1082,Aarav Mehta,East,Home & Kitchen,Non-stick Pan Set,1,1299,0,1299.0,Credit Card,New
ORD-2025777,2025-05-04,CUST-1332,Rahul Malhotra,North,Electronics,Bluetooth Headphones,2,1799,10,3238.2,UPI,New
ORD-2025778,2025-05-05,CUST-1167,Nandini Verma,East,Groceries,Organic Honey 500g,1,349,0,349.0,UPI,New
ORD-2025779,2025-05-05,CUST-1013,Divya Joshi,North,Apparel,Denim Jacket,1,1999,0,1999.0,Credit Card,Returning
ORD-2025780,2025-05-05,CUST-1208,Arjun Singh,West,Apparel,Denim Jacket,3,1999,10,5397.3,Cash,Returning
ORD-2025781,2025-05-05,CUST-1240,Sakshi Patel,North,Apparel,Formal Shirt,2,899,15,1528.3,UPI,Returning
ORD-2025782,2025-05-06,CUST-1015,Swati Joshi,South,Beauty,Herbal Shampoo,3,249,15,634.95,UPI,Returning
ORD-2025783,2025-05-06,CUST-1266,Vivaan Kapoor,East,Electronics,Wireless Mouse,1,599,20,479.2,Debit Card,Returning
ORD-2025784,2025-05-06,CUST-1144,Divya Mehta,East,Electronics,Smartwatch,2,2999,5,5698.1,Debit Card,Returning
ORD-2025785,2025-05-06,CUST-1061,Muskan Patel,East,Electronics,Bluetooth Headphones,2,1799,0,3598.0,Debit Card,New
ORD-2025786,2025-05-07,CUST-1121,Rahul Kapoor,Central,Electronics,Bluetooth Headphones,1,1799,0,1799.0,Net Banking,New
ORD-2025787,2025-05-07,CUST-1305,Muskan Joshi,South,Home & Kitchen,LED Desk Lamp,3,799,5,2277.15,Debit Card,Returning
ORD-2025788,2025-05-07,CUST-1011,Kunal Sharma,Central,Groceries,Organic Honey 500g,1,349,0,349.0,Credit Card,New
ORD-2025789,2025-05-07,CUST-1206,Aditya Gupta,Central,Home & Kitchen,LED Desk Lamp,4,799,5,3036.2,Debit Card,Returning
ORD-2025790,2025-05-08,CUST-1063,Aman Sharma,East,Stationery,Notebook Set,1,199,20,159.2,Credit Card,Returning
ORD-2025791,2025-05-08,CUST-1310,Meera Patel,West,Beauty,Face Wash 100ml,1,299,0,299.0,Credit Card,Returning
ORD-2025792,2025-05-08,CUST-1322,Rahul Sharma,South,Electronics,Smartwatch,1,2999,0,2999.0,Net Banking,New
ORD-2025793,2025-05-08,CUST-1198,Vivaan Joshi,South,Stationery,Gel Pen Pack,1,99,0,99.0,UPI,New
ORD-2025794,2025-05-08,CUST-1288,Aditya Mehta,Central,Stationery,Notebook Set,3,199,10,537.3,Net Banking,Returning
ORD-2025795,2025-05-09,CUST-1044,Swati Saxena,South,Beauty,Face Wash 100ml,1,299,0,299.0,UPI,New
ORD-2025796,2025-05-09,CUST-1080,Kabir Sharma,Central,Beauty,Herbal Shampoo,2,249,0,498.0,Debit Card,Returning
ORD-2025797,2025-05-09,CUST-1334,Kunal Singh,Central,Electronics,Smartwatch,1,2999,10,2699.1,UPI,Returning
ORD-2025798,2025-05-10,CUST-1150,Isha Singh,East,Stationery,Notebook Set,1,199,0,199.0,Cash,Returning
ORD-2025799,2025-05-10,CUST-1151,Aman Patel,North,Beauty,Herbal Shampoo,4,249,5,946.2,Cash,Returning
ORD-2025800,2025-05-10,CUST-1058,Nandini Singh,South,Electronics,Bluetooth Headphones,1,1799,15,1529.15,Credit Card,Returning
ORD-2025801,2025-05-10,CUST-1316,Komal Saxena,North,Home & Kitchen,Non-stick Pan Set,1,1299,0,1299.0,Debit Card,Returning
ORD-2025802,2025-05-10,CUST-1399,Vivaan Verma,South,Groceries,Basmati Rice 5kg,1,549,10,494.1,Credit Card,Returning
ORD-2025803,2025-05-10,CUST-1057,Tanya Malhotra,North,Beauty,Face Wash 100ml,4,299,5,1136.2,Cash,Returning
ORD-2025804,2025-05-10,CUST-1321,Isha Mehta,West,Electronics,Smartwatch,2,2999,15,5098.3,UPI,Returning
ORD-2025805,2025-05-11,CUST-1025,Aditya Singh,West,Beauty,Herbal Shampoo,2,249,15,423.3,Debit Card,Returning
ORD-2025806,2025-05-11,CUST-1026,Rahul Saxena,West,Home & Kitchen,LED Desk Lamp,1,799,15,679.15,Credit Card,Returning
ORD-2025807,2025-05-11,CUST-1281,Nandini Saxena,North,Electronics,Wireless Mouse,1,599,0,599.0,Cash,New
ORD-2025808,2025-05-11,CUST-1025,Aditya Singh,East,Home & Kitchen,LED Desk Lamp,1,799,5,759.05,Debit Card,Returning
ORD-2025809,2025-05-11,CUST-1301,Shreya Sharma,Central,Groceries,Organic Honey 500g,3,349,15,889.95,Net Banking,Returning
ORD-2025810,2025-05-11,CUST-1363,Arjun Joshi,East,Groceries,Organic Honey 500g,1,349,10,314.1,Debit Card,Returning
ORD-2025811,2025-05-11,CUST-1033,Meera Joshi,North,Beauty,Face Wash 100ml,1,299,0,299.0,Cash,Returning
ORD-2025812,2025-05-11,CUST-1045,Arjun Verma,East,Stationery,Notebook Set,4,199,20,636.8,Credit Card,Returning
ORD-2025813,2025-05-11,CUST-1237,Divya Sharma,North,Apparel,Cotton T-Shirt,1,499,10,449.1,Cash,Returning
ORD-2025814,2025-05-11,CUST-1234,Meera Sharma,South,Beauty,Herbal Shampoo,1,249,0,249.0,Credit Card,Returning
ORD-2025815,2025-05-11,CUST-1243,Aman Joshi,West,Beauty,Herbal Shampoo,1,249,0,249.0,Cash,Returning
ORD-2025816,2025-05-11,CUST-1387,Rohan Patel,West,Stationery,Gel Pen Pack,1,99,10,89.1,Debit Card,Returning
ORD-2025817,2025-05-11,CUST-1149,Aarav Verma,South,Electronics,Bluetooth Headphones,1,1799,5,1709.05,Credit Card,New
ORD-2025818,2025-05-12,CUST-1226,Tanya Joshi,Central,Groceries,Organic Honey 500g,5,349,0,1745.0,Credit Card,Returning
ORD-2025819,2025-05-12,CUST-1167,Nandini Verma,West,Beauty,Herbal Shampoo,1,249,20,199.2,UPI,Returning
ORD-2025820,2025-05-12,CUST-1001,Rohan Patel,North,Apparel,Denim Jacket,1,1999,10,1799.1,Debit Card,Returning
ORD-2025821,2025-05-12,CUST-1363,Arjun Joshi,West,Apparel,Formal Shirt,1,899,5,854.05,Credit Card,Returning
ORD-2025822,2025-05-12,CUST-1073,Rahul Kapoor,East,Groceries,Organic Honey 500g,2,349,5,663.1,UPI,Returning
ORD-2025823,2025-05-12,CUST-1254,Meera Malhotra,East,Apparel,Denim Jacket,2,1999,15,3398.3,Credit Card,Returning
ORD-2025824,2025-05-12,CUST-1030,Rahul Kapoor,West,Sports,Yoga Mat,3,699,0,2097.0,UPI,Returning
ORD-2025825,2025-05-12,CUST-1066,Kunal Verma,East,Stationery,Gel Pen Pack,1,99,5,94.05,Net Banking,New
ORD-2025826,2025-05-13,CUST-1030,Rahul Kapoor,East,Stationery,Gel Pen Pack,4,99,0,396.0,UPI,New
ORD-2025827,2025-05-13,CUST-1020,Rohan Malhotra,Central,Beauty,Face Wash 100ml,1,299,15,254.15,Credit Card,New
ORD-2025828,2025-05-13,CUST-1053,Vivaan Malhotra,North,Home & Kitchen,LED Desk Lamp,1,799,0,799.0,Cash,Returning
ORD-2025829,2025-05-13,CUST-1223,Meera Saxena,East,Electronics,Bluetooth Headphones,1,1799,10,1619.1,Credit Card,Returning
ORD-2025830,2025-05-13,CUST-1324,Rahul Verma,West,Electronics,Smartwatch,1,2999,0,2999.0,Debit Card,Returning
ORD-2025831,2025-05-13,CUST-1146,Tanya Patel,South,Sports,Cricket Bat,4,1499,20,4796.8,UPI,Returning
ORD-2025832,2025-05-14,CUST-1132,Shreya Sharma,Central,Electronics,Wireless Mouse,1,599,0,599.0,Net Banking,New
ORD-2025833,2025-05-14,CUST-1044,Swati Saxena,East,Electronics,Bluetooth Headphones,1,1799,0,1799.0,Debit Card,Returning
ORD-2025834,2025-05-14,CUST-1071,Kabir Malhotra,Central,Home & Kitchen,Non-stick Pan Set,2,1299,5,2468.1,Credit Card,Returning
ORD-2025835,2025-05-14,CUST-1161,Ankit Gupta,West,Sports,Yoga Mat,2,699,0,1398.0,Cash,Returning
ORD-2025836,2025-05-15,CUST-1285,Ankit Joshi,North,Groceries,Organic Honey 500g,4,349,15,1186.6,Cash,Returning
ORD-2025837,2025-05-15,CUST-1182,Swati Verma,South,Apparel,Formal Shirt,2,899,5,1708.1,Credit Card,Returning
ORD-2025838,2025-05-15,CUST-1001,Rohan Patel,East,Apparel,Cotton T-Shirt,4,499,10,1796.4,Credit Card,New
ORD-2025839,2025-05-15,CUST-1201,Tanya Joshi,North,Apparel,Formal Shirt,2,899,20,1438.4,Cash,New
ORD-2025840,2025-05-15,CUST-1291,Arjun Saxena,West,Apparel,Cotton T-Shirt,1,499,15,424.15,UPI,New
ORD-2025841,2025-05-15,CUST-1292,Aman Singh,Central,Electronics,Wireless Mouse,3,599,20,1437.6,Debit Card,New
ORD-2025842,2025-05-15,CUST-1338,Komal Malhotra,East,Apparel,Cotton T-Shirt,2,499,15,848.3,UPI,Returning
ORD-2025843,2025-05-15,CUST-1269,Kunal Verma,North,Electronics,Wireless Mouse,1,599,10,539.1,Cash,Returning
ORD-2025844,2025-05-15,CUST-1047,Isha Kapoor,Central,Apparel,Formal Shirt,1,899,5,854.05,Cash,New
ORD-2025845,2025-05-15,CUST-1153,Swati Verma,Central,Apparel,Denim Jacket,1,1999,0,1999.0,Net Banking,New
ORD-2025846,2025-05-15,CUST-1141,Tanya Kapoor,Central,Electronics,Smartwatch,1,2999,0,2999.0,UPI,Returning
ORD-2025847,2025-05-16,CUST-1227,Rohan Joshi,East,Beauty,Herbal Shampoo,4,249,0,996.0,Credit Card,Returning
ORD-2025848,2025-05-16,CUST-1119,Rahul Gupta,Central,Stationery,Gel Pen Pack,3,99,15,252.45,Debit Card,Returning
ORD-2025849,2025-05-16,CUST-1112,Komal Gupta,Central,Stationery,Gel Pen Pack,1,99,5,94.05,UPI,Returning
ORD-2025850,2025-05-16,CUST-1126,Divya Sharma,West,Apparel,Denim Jacket,1,1999,0,1999.0,UPI,Returning
ORD-2025851,2025-05-17,CUST-1033,Meera Joshi,South,Stationery,Notebook Set,1,199,20,159.2,Net Banking,Returning
ORD-2025852,2025-05-17,CUST-1031,Kabir Malhotra,South,Apparel,Denim Jacket,3,1999,15,5097.45,Credit Card,Returning
ORD-2025853,2025-05-17,CUST-1152,Kabir Gupta,North,Home & Kitchen,Non-stick Pan Set,1,1299,15,1104.15,Cash,Returning
ORD-2025854,2025-05-18,CUST-1146,Tanya Patel,South,Stationery,Gel Pen Pack,3,99,0,297.0,Cash,Returning
ORD-2025855,2025-05-18,CUST-1289,Kunal Verma,Central,Sports,Cricket Bat,3,1499,20,3597.6,Credit Card,Returning
ORD-2025856,2025-05-18,CUST-1092,Arjun Mehta,South,Stationery,Gel Pen Pack,3,99,0,297.0,Credit Card,Returning
ORD-2025857,2025-05-18,CUST-1128,Sakshi Malhotra,Central,Sports,Cricket Bat,1,1499,15,1274.15,Credit Card,Returning
ORD-2025858,2025-05-18,CUST-1022,Tanya Verma,North,Stationery,Notebook Set,1,199,0,199.0,Debit Card,Returning
ORD-2025859,2025-05-18,CUST-1203,Ankit Verma,East,Apparel,Denim Jacket,3,1999,15,5097.45,UPI,New
ORD-2025860,2025-05-18,CUST-1016,Arjun Kapoor,East,Groceries,Basmati Rice 5kg,1,549,15,466.65,Credit Card,Returning
ORD-2025861,2025-05-18,CUST-1002,Shreya Mehta,South,Apparel,Denim Jacket,2,1999,15,3398.3,Credit Card,New
ORD-2025862,2025-05-19,CUST-1382,Meera Verma,East,Electronics,Smartwatch,3,2999,0,8997.0,UPI,New
ORD-2025863,2025-05-19,CUST-1333,Aarav Gupta,East,Home & Kitchen,LED Desk Lamp,1,799,0,799.0,Credit Card,Returning
ORD-2025864,2025-05-19,CUST-1258,Muskan Joshi,South,Home & Kitchen,Non-stick Pan Set,3,1299,0,3897.0,Credit Card,New
ORD-2025865,2025-05-19,CUST-1327,Kunal Malhotra,East,Groceries,Organic Honey 500g,2,349,0,698.0,Credit Card,Returning
ORD-2025866,2025-05-19,CUST-1149,Aarav Verma,East,Apparel,Denim Jacket,3,1999,20,4797.6,UPI,Returning
ORD-2025867,2025-05-19,CUST-1071,Kabir Malhotra,East,Groceries,Organic Honey 500g,1,349,0,349.0,Debit Card,Returning
ORD-2025868,2025-05-19,CUST-1202,Isha Verma,South,Apparel,Cotton T-Shirt,1,499,15,424.15,UPI,Returning
ORD-2025869,2025-05-19,CUST-1106,Ankit Saxena,East,Home & Kitchen,LED Desk Lamp,1,799,0,799.0,UPI,Returning
ORD-2025870,2025-05-19,CUST-1303,Sakshi Sharma,Central,Beauty,Herbal Shampoo,2,249,5,473.1,Debit Card,Returning
ORD-2025871,2025-05-20,CUST-1354,Aman Saxena,South,Stationery,Notebook Set,1,199,0,199.0,Credit Card,Returning
ORD-2025872,2025-05-20,CUST-1188,Shreya Malhotra,West,Apparel,Denim Jacket,2,1999,15,3398.3,Debit Card,Returning
ORD-2025873,2025-05-20,CUST-1074,Kabir Kapoor,East,Apparel,Cotton T-Shirt,2,499,0,998.0,Debit Card,New
ORD-2025874,2025-05-20,CUST-1345,Tanya Verma,Central,Apparel,Cotton T-Shirt,1,499,15,424.15,Net Banking,Returning
ORD-2025875,2025-05-20,CUST-1084,Kunal Saxena,West,Apparel,Formal Shirt,1,899,10,809.1,Cash,Returning
ORD-2025876,2025-05-21,CUST-1324,Rahul Verma,Central,Beauty,Herbal Shampoo,1,249,0,249.0,UPI,Returning
ORD-2025877,2025-05-21,CUST-1110,Aman Malhotra,West,Apparel,Formal Shirt,2,899,0,1798.0,Credit Card,Returning
ORD-2025878,2025-05-21,CUST-1186,Meera Verma,West,Stationery,Gel Pen Pack,1,99,20,79.2,Cash,Returning
ORD-2025879,2025-05-21,CUST-1293,Sakshi Singh,West,Home & Kitchen,LED Desk Lamp,5,799,20,3196.0,UPI,Returning
ORD-2025880,2025-05-21,CUST-1193,Komal Saxena,North,Stationery,Gel Pen Pack,1,99,20,79.2,UPI,Returning
ORD-2025881,2025-05-21,CUST-1099,Rahul Malhotra,West,Stationery,Notebook Set,1,199,0,199.0,Cash,Returning
ORD-2025882,2025-05-21,CUST-1388,Aarav Saxena,East,Home & Kitchen,Non-stick Pan Set,1,1299,0,1299.0,Credit Card,New
ORD-2025883,2025-05-21,CUST-1076,Tanya Saxena,Central,Electronics,Smartwatch,1,2999,0,2999.0,UPI,New
ORD-2025884,2025-05-21,CUST-1188,Shreya Malhotra,Central,Electronics,Wireless Mouse,1,599,20,479.2,Debit Card,Returning
ORD-2025885,2025-05-21,CUST-1156,Nandini Joshi,West,Apparel,Denim Jacket,1,1999,0,1999.0,Debit Card,Returning
ORD-2025886,2025-05-21,CUST-1268,Aman Verma,East,Beauty,Face Wash 100ml,1,299,15,254.15,Cash,Returning
ORD-2025887,2025-05-21,CUST-1122,Aditya Kapoor,North,Home & Kitchen,LED Desk Lamp,1,799,5,759.05,Cash,Returning
ORD-2025888,2025-05-21,CUST-1008,Meera Saxena,East,Apparel,Cotton T-Shirt,1,499,5,474.05,UPI,Returning
ORD-2025889,2025-05-22,CUST-1154,Aditya Malhotra,East,Apparel,Formal Shirt,2,899,0,1798.0,Cash,Returning
ORD-2025890,2025-05-22,CUST-1371,Rahul Verma,East,Electronics,Smartwatch,3,2999,10,8097.3,Net Banking,New
ORD-2025891,2025-05-22,CUST-1110,Aman Malhotra,South,Beauty,Herbal Shampoo,3,249,10,672.3,Net Banking,New
ORD-2025892,2025-05-22,CUST-1331,Arjun Singh,South,Electronics,Bluetooth Headphones,1,1799,0,1799.0,UPI,New
ORD-2025893,2025-05-22,CUST-1381,Kabir Kapoor,Central,Sports,Yoga Mat,1,699,0,699.0,UPI,New
ORD-2025894,2025-05-22,CUST-1306,Sakshi Malhotra,West,Beauty,Face Wash 100ml,2,299,5,568.1,UPI,New
ORD-2025895,2025-05-22,CUST-1210,Meera Sharma,South,Electronics,Smartwatch,1,2999,10,2699.1,UPI,New
ORD-2025896,2025-05-22,CUST-1047,Isha Kapoor,North,Electronics,Wireless Mouse,2,599,0,1198.0,Net Banking,New
ORD-2025897,2025-05-23,CUST-1062,Tanya Sharma,West,Beauty,Herbal Shampoo,1,249,20,199.2,UPI,Returning
ORD-2025898,2025-05-23,CUST-1376,Kunal Kapoor,South,Home & Kitchen,Non-stick Pan Set,1,1299,0,1299.0,Debit Card,New
ORD-2025899,2025-05-23,CUST-1002,Shreya Mehta,South,Stationery,Notebook Set,4,199,0,796.0,Debit Card,New
ORD-2025900,2025-05-23,CUST-1161,Ankit Gupta,Central,Stationery,Gel Pen Pack,2,99,20,158.4,Debit Card,Returning
ORD-2025901,2025-05-23,CUST-1143,Muskan Saxena,West,Stationery,Gel Pen Pack,1,99,0,99.0,Cash,New
ORD-2025902,2025-05-23,CUST-1217,Ankit Patel,Central,Electronics,Smartwatch,1,2999,0,2999.0,Cash,New
ORD-2025903,2025-05-23,CUST-1350,Isha Kapoor,South,Stationery,Notebook Set,1,199,0,199.0,Credit Card,Returning
ORD-2025904,2025-05-24,CUST-1106,Ankit Saxena,North,Electronics,Smartwatch,1,2999,0,2999.0,Cash,Returning
ORD-2025905,2025-05-24,CUST-1072,Tanya Sharma,South,Sports,Cricket Bat,3,1499,10,4047.3,Credit Card,New
ORD-2025906,2025-05-24,CUST-1333,Aarav Gupta,Central,Electronics,Wireless Mouse,1,599,0,599.0,Credit Card,New
ORD-2025907,2025-05-24,CUST-1212,Komal Joshi,North,Electronics,Smartwatch,2,2999,10,5398.2,Cash,New
ORD-2025908,2025-05-24,CUST-1200,Swati Saxena,Central,Home & Kitchen,LED Desk Lamp,2,799,0,1598.0,Credit Card,New
ORD-2025909,2025-05-24,CUST-1251,Aarav Singh,North,Electronics,Bluetooth Headphones,3,1799,0,5397.0,Debit Card,Returning
ORD-2025910,2025-05-24,CUST-1063,Aman Sharma,East,Sports,Yoga Mat,1,699,0,699.0,Credit Card,New
ORD-2025911,2025-05-24,CUST-1007,Aarav Sharma,Central,Sports,Cricket Bat,4,1499,0,5996.0,Credit Card,Returning
ORD-2025912,2025-05-25,CUST-1344,Nandini Saxena,North,Electronics,Bluetooth Headphones,2,1799,0,3598.0,Debit Card,Returning
ORD-2025913,2025-05-25,CUST-1152,Kabir Gupta,Central,Stationery,Gel Pen Pack,1,99,15,84.15,Credit Card,New
ORD-2025914,2025-05-25,CUST-1181,Kunal Sharma,Central,Sports,Cricket Bat,2,1499,15,2548.3,UPI,Returning
ORD-2025915,2025-05-25,CUST-1173,Ankit Gupta,Central,Groceries,Basmati Rice 5kg,2,549,0,1098.0,Cash,Returning
ORD-2025916,2025-05-25,CUST-1159,Isha Kapoor,Central,Sports,Cricket Bat,3,1499,0,4497.0,Cash,Returning
ORD-2025917,2025-05-25,CUST-1130,Aditya Singh,East,Beauty,Face Wash 100ml,3,299,0,897.0,UPI,Returning
ORD-2025918,2025-05-25,CUST-1380,Meera Joshi,North,Apparel,Cotton T-Shirt,1,499,10,449.1,Cash,Returning
ORD-2025919,2025-05-25,CUST-1088,Arjun Patel,South,Groceries,Basmati Rice 5kg,2,549,0,1098.0,Net Banking,New
ORD-2025920,2025-05-26,CUST-1065,Vivaan Patel,North,Groceries,Organic Honey 500g,1,349,0,349.0,UPI,New
ORD-2025921,2025-05-26,CUST-1158,Shreya Singh,West,Stationery,Notebook Set,4,199,15,676.6,Credit Card,New
ORD-2025922,2025-05-26,CUST-1233,Rahul Joshi,North,Groceries,Organic Honey 500g,1,349,20,279.2,Debit Card,Returning
ORD-2025923,2025-05-26,CUST-1183,Arjun Mehta,South,Sports,Cricket Bat,2,1499,10,2698.2,Debit Card,Returning
ORD-2025924,2025-05-26,CUST-1250,Shreya Saxena,East,Sports,Cricket Bat,4,1499,0,5996.0,Credit Card,Returning
ORD-2025925,2025-05-26,CUST-1002,Shreya Mehta,North,Stationery,Gel Pen Pack,1,99,15,84.15,UPI,Returning
ORD-2025926,2025-05-27,CUST-1001,Rohan Patel,South,Sports,Cricket Bat,3,1499,0,4497.0,UPI,Returning
ORD-2025927,2025-05-27,CUST-1307,Swati Kapoor,North,Home & Kitchen,Non-stick Pan Set,2,1299,15,2208.3,UPI,Returning
ORD-2025928,2025-05-27,CUST-1201,Tanya Joshi,North,Stationery,Gel Pen Pack,5,99,10,445.5,Net Banking,Returning
ORD-2025929,2025-05-27,CUST-1117,Aman Saxena,East,Beauty,Herbal Shampoo,3,249,0,747.0,Debit Card,Returning
ORD-2025930,2025-05-27,CUST-1029,Swati Patel,North,Apparel,Cotton T-Shirt,2,499,5,948.1,Debit Card,New
ORD-2025931,2025-05-27,CUST-1308,Shreya Sharma,West,Stationery,Notebook Set,1,199,0,199.0,UPI,Returning
ORD-2025932,2025-05-27,CUST-1348,Ankit Malhotra,West,Beauty,Face Wash 100ml,1,299,0,299.0,UPI,Returning
ORD-2025933,2025-05-27,CUST-1326,Rohan Verma,East,Stationery,Notebook Set,4,199,0,796.0,Debit Card,Returning
ORD-2025934,2025-05-27,CUST-1395,Rahul Verma,South,Electronics,Bluetooth Headphones,1,1799,10,1619.1,UPI,Returning
ORD-2025935,2025-05-27,CUST-1108,Kunal Patel,North,Home & Kitchen,LED Desk Lamp,1,799,0,799.0,UPI,Returning
ORD-2025936,2025-05-27,CUST-1374,Isha Sharma,Central,Home & Kitchen,Non-stick Pan Set,1,1299,10,1169.1,Debit Card,Returning
ORD-2025937,2025-05-27,CUST-1226,Tanya Joshi,North,Sports,Yoga Mat,1,699,15,594.15,Debit Card,Returning
ORD-2025938,2025-05-28,CUST-1208,Arjun Singh,North,Beauty,Herbal Shampoo,1,249,0,249.0,Cash,Returning
ORD-2025939,2025-05-28,CUST-1183,Arjun Mehta,East,Stationery,Notebook Set,2,199,0,398.0,UPI,Returning
ORD-2025940,2025-05-28,CUST-1292,Aman Singh,Central,Sports,Cricket Bat,2,1499,0,2998.0,UPI,New
ORD-2025941,2025-05-28,CUST-1018,Aditya Gupta,North,Beauty,Herbal Shampoo,1,249,15,211.65,UPI,New
ORD-2025942,2025-05-28,CUST-1386,Swati Patel,South,Groceries,Organic Honey 500g,3,349,15,889.95,UPI,Returning
ORD-2025943,2025-05-28,CUST-1065,Vivaan Patel,Central,Sports,Cricket Bat,4,1499,0,5996.0,UPI,Returning
ORD-2025944,2025-05-28,CUST-1295,Tanya Singh,West,Groceries,Organic Honey 500g,1,349,0,349.0,Cash,Returning
ORD-2025945,2025-05-28,CUST-1023,Rohan Sharma,South,Home & Kitchen,Non-stick Pan Set,1,1299,10,1169.1,UPI,Returning
ORD-2025946,2025-05-28,CUST-1236,Divya Mehta,West,Groceries,Organic Honey 500g,2,349,15,593.3,UPI,New
ORD-2025947,2025-05-28,CUST-1249,Kabir Sharma,West,Electronics,Smartwatch,3,2999,10,8097.3,Net Banking,Returning
ORD-2025948,2025-05-28,CUST-1363,Arjun Joshi,South,Electronics,Wireless Mouse,1,599,10,539.1,Cash,Returning
ORD-2025949,2025-05-28,CUST-1108,Kunal Patel,North,Groceries,Organic Honey 500g,1,349,20,279.2,Cash,Returning
ORD-2025950,2025-05-29,CUST-1364,Rahul Malhotra,South,Home & Kitchen,Non-stick Pan Set,2,1299,10,2338.2,Cash,Returning
ORD-2025951,2025-05-29,CUST-1152,Kabir Gupta,East,Electronics,Wireless Mouse,1,599,5,569.05,UPI,New
ORD-2025952,2025-05-29,CUST-1007,Aarav Sharma,East,Stationery,Gel Pen Pack,2,99,0,198.0,Credit Card,Returning
ORD-2025953,2025-05-29,CUST-1021,Isha Patel,Central,Groceries,Organic Honey 500g,3,349,0,1047.0,UPI,New
ORD-2025954,2025-05-29,CUST-1291,Arjun Saxena,South,Beauty,Herbal Shampoo,1,249,15,211.65,UPI,Returning
ORD-2025955,2025-05-29,CUST-1031,Kabir Malhotra,East,Groceries,Basmati Rice 5kg,1,549,5,521.55,Cash,Returning
ORD-2025956,2025-05-30,CUST-1347,Ankit Joshi,East,Sports,Yoga Mat,2,699,0,1398.0,Credit Card,New
ORD-2025957,2025-05-30,CUST-1397,Aman Verma,Central,Sports,Yoga Mat,3,699,0,2097.0,Cash,Returning
ORD-2025958,2025-05-30,CUST-1185,Meera Sharma,Central,Apparel,Formal Shirt,1,899,15,764.15,UPI,Returning
ORD-2025959,2025-05-30,CUST-1148,Nandini Malhotra,East,Electronics,Wireless Mouse,2,599,0,1198.0,Cash,Returning
ORD-2025960,2025-05-30,CUST-1171,Ankit Verma,East,Sports,Cricket Bat,1,1499,0,1499.0,Credit Card,Returning
ORD-2025961,2025-05-30,CUST-1336,Arjun Singh,Central,Apparel,Formal Shirt,1,899,0,899.0,UPI,Returning
ORD-2025962,2025-05-30,CUST-1076,Tanya Saxena,East,Beauty,Herbal Shampoo,3,249,0,747.0,Cash,Returning
ORD-2025963,2025-05-31,CUST-1031,Kabir Malhotra,East,Apparel,Cotton T-Shirt,1,499,5,474.05,UPI,Returning
ORD-2025964,2025-05-31,CUST-1366,Vivaan Joshi,North,Home & Kitchen,LED Desk Lamp,3,799,0,2397.0,Credit Card,New
ORD-2025965,2025-05-31,CUST-1017,Aarav Verma,South,Electronics,Bluetooth Headphones,1,1799,15,1529.15,Net Banking,Returning
ORD-2025966,2025-05-31,CUST-1129,Nandini Patel,West,Home & Kitchen,LED Desk Lamp,2,799,0,1598.0,Credit Card,Returning
ORD-2025967,2025-05-31,CUST-1026,Rahul Saxena,East,Electronics,Wireless Mouse,1,599,0,599.0,Debit Card,Returning
ORD-2025968,2025-05-31,CUST-1012,Shreya Patel,Central,Apparel,Formal Shirt,2,899,10,1618.2,Credit Card,Returning
ORD-2025969,2025-05-31,CUST-1252,Arjun Singh,South,Electronics,Smartwatch,2,2999,10,5398.2,Credit Card,Returning
ORD-2025970,2025-05-31,CUST-1394,Tanya Malhotra,North,Stationery,Gel Pen Pack,3,99,15,252.45,Debit Card,Returning
ORD-2025971,2025-05-31,CUST-1209,Meera Mehta,North,Groceries,Organic Honey 500g,2,349,5,663.1,Credit Card,New
ORD-2025972,2025-05-31,CUST-1333,Aarav Gupta,East,Apparel,Cotton T-Shirt,1,499,0,499.0,Cash,New
ORD-2025973,2025-05-31,CUST-1093,Kabir Mehta,East,Sports,Cricket Bat,1,1499,0,1499.0,Credit Card,Returning
ORD-2025974,2025-06-01,CUST-1393,Nandini Singh,North,Groceries,Organic Honey 500g,1,349,10,314.1,Cash,New
ORD-2025975,2025-06-01,CUST-1059,Kunal Verma,West,Beauty,Herbal Shampoo,2,249,0,498.0,UPI,Returning
ORD-2025976,2025-06-01,CUST-1271,Nandini Sharma,North,Stationery,Notebook Set,3,199,25,447.75,Debit Card,Returning
ORD-2025977,2025-06-01,CUST-1294,Kabir Joshi,South,Sports,Cricket Bat,1,1499,25,1124.25,UPI,Returning
ORD-2025978,2025-06-01,CUST-1354,Aman Saxena,East,Electronics,Bluetooth Headphones,1,1799,30,1259.3,Debit Card,Returning
ORD-2025979,2025-06-01,CUST-1384,Vivaan Singh,South,Groceries,Organic Honey 500g,1,349,20,279.2,UPI,New
ORD-2025980,2025-06-01,CUST-1334,Kunal Singh,East,Beauty,Face Wash 100ml,1,299,30,209.3,Credit Card,Returning
ORD-2025981,2025-06-01,CUST-1279,Tanya Kapoor,South,Beauty,Face Wash 100ml,1,299,0,299.0,Credit Card,New
ORD-2025982,2025-06-01,CUST-1183,Arjun Mehta,Central,Beauty,Face Wash 100ml,3,299,15,762.45,Debit Card,Returning
ORD-2025983,2025-06-01,CUST-1201,Tanya Joshi,Central,Apparel,Denim Jacket,1,1999,5,1899.05,Debit Card,Returning
ORD-2025984,2025-06-01,CUST-1192,Kunal Singh,North,Apparel,Denim Jacket,4,1999,20,6396.8,Net Banking,Returning
ORD-2025985,2025-06-01,CUST-1330,Nandini Gupta,Central,Stationery,Notebook Set,2,199,5,378.1,Credit Card,Returning
ORD-2025986,2025-06-01,CUST-1024,Tanya Singh,North,Electronics,Wireless Mouse,1,599,30,419.3,Credit Card,New
ORD-2025987,2025-06-01,CUST-1010,Kabir Singh,North,Electronics,Bluetooth Headphones,4,1799,30,5037.2,UPI,New
ORD-2025988,2025-06-02,CUST-1222,Sakshi Sharma,Central,Home & Kitchen,Non-stick Pan Set,2,1299,5,2468.1,Debit Card,Returning
ORD-2025989,2025-06-02,CUST-1253,Swati Malhotra,East,Electronics,Smartwatch,1,2999,20,2399.2,Cash,Returning
ORD-2025990,2025-06-02,CUST-1160,Komal Singh,East,Electronics,Bluetooth Headphones,1,1799,0,1799.0,UPI,New
ORD-2025991,2025-06-02,CUST-1010,Kabir Singh,West,Stationery,Gel Pen Pack,5,99,30,346.5,Cash,New
ORD-2025992,2025-06-02,CUST-1290,Kabir Mehta,South,Stationery,Gel Pen Pack,1,99,5,94.05,Debit Card,Returning
ORD-2025993,2025-06-03,CUST-1088,Arjun Patel,South,Home & Kitchen,Non-stick Pan Set,2,1299,10,2338.2,Debit Card,New
ORD-2025994,2025-06-03,CUST-1054,Kunal Patel,South,Sports,Cricket Bat,2,1499,25,2248.5,Debit Card,New
ORD-2025995,2025-06-03,CUST-1256,Rohan Singh,West,Home & Kitchen,LED Desk Lamp,1,799,20,639.2,Debit Card,Returning
ORD-2025996,2025-06-03,CUST-1296,Vivaan Kapoor,East,Electronics,Smartwatch,4,2999,30,8397.2,Debit Card,Returning
ORD-2025997,2025-06-03,CUST-1022,Tanya Verma,South,Groceries,Basmati Rice 5kg,2,549,15,933.3,Cash,New
ORD-2025998,2025-06-03,CUST-1255,Aman Gupta,Central,Groceries,Organic Honey 500g,3,349,0,1047.0,Debit Card,Returning
ORD-2025999,2025-06-04,CUST-1021,Isha Patel,North,Stationery,Gel Pen Pack,1,99,10,89.1,Credit Card,New
ORD-2026000,2025-06-04,CUST-1253,Swati Malhotra,Central,Apparel,Formal Shirt,1,899,0,899.0,Credit Card,New
ORD-2026001,2025-06-04,CUST-1038,Rohan Joshi,East,Stationery,Notebook Set,1,199,10,179.1,Debit Card,Returning
ORD-2026002,2025-06-04,CUST-1235,Meera Verma,West,Electronics,Smartwatch,3,2999,25,6747.75,Credit Card,Returning
ORD-2026003,2025-06-04,CUST-1227,Rohan Joshi,South,Groceries,Organic Honey 500g,2,349,15,593.3,Debit Card,Returning
ORD-2026004,2025-06-04,CUST-1046,Rohan Kapoor,Central,Home & Kitchen,Non-stick Pan Set,2,1299,5,2468.1,Cash,Returning
ORD-2026005,2025-06-04,CUST-1329,Swati Gupta,East,Beauty,Herbal Shampoo,3,249,25,560.25,Credit Card,Returning
ORD-2026006,2025-06-04,CUST-1006,Sakshi Singh,West,Apparel,Formal Shirt,2,899,10,1618.2,Net Banking,Returning
ORD-2026007,2025-06-04,CUST-1190,Rahul Patel,North,Stationery,Notebook Set,1,199,0,199.0,Cash,New
ORD-2026008,2025-06-04,CUST-1139,Aditya Sharma,South,Electronics,Smartwatch,2,2999,15,5098.3,UPI,New
ORD-2026009,2025-06-04,CUST-1354,Aman Saxena,West,Beauty,Herbal Shampoo,1,249,25,186.75,Net Banking,New
ORD-2026010,2025-06-05,CUST-1011,Kunal Sharma,North,Apparel,Cotton T-Shirt,2,499,15,848.3,Cash,Returning
ORD-2026011,2025-06-05,CUST-1111,Swati Joshi,East,Apparel,Cotton T-Shirt,1,499,15,424.15,UPI,New
ORD-2026012,2025-06-05,CUST-1389,Ankit Mehta,Central,Groceries,Organic Honey 500g,3,349,5,994.65,Debit Card,Returning
ORD-2026013,2025-06-05,CUST-1184,Rahul Joshi,North,Beauty,Herbal Shampoo,1,249,10,224.1,Debit Card,Returning
ORD-2026014,2025-06-05,CUST-1070,Vivaan Mehta,North,Apparel,Denim Jacket,1,1999,15,1699.15,Credit Card,New
ORD-2026015,2025-06-05,CUST-1360,Muskan Singh,Central,Home & Kitchen,Non-stick Pan Set,2,1299,30,1818.6,Credit Card,Returning
ORD-2026016,2025-06-05,CUST-1282,Muskan Saxena,East,Electronics,Bluetooth Headphones,1,1799,20,1439.2,UPI,Returning
ORD-2026017,2025-06-06,CUST-1309,Meera Verma,East,Electronics,Bluetooth Headphones,1,1799,25,1349.25,Cash,Returning
ORD-2026018,2025-06-06,CUST-1040,Aditya Malhotra,Central,Apparel,Formal Shirt,1,899,10,809.1,UPI,New
ORD-2026019,2025-06-06,CUST-1041,Divya Malhotra,West,Apparel,Cotton T-Shirt,2,499,15,848.3,Net Banking,Returning
ORD-2026020,2025-06-06,CUST-1286,Arjun Singh,East,Sports,Cricket Bat,3,1499,30,3147.9,UPI,New
ORD-2026021,2025-06-06,CUST-1213,Ankit Patel,East,Apparel,Denim Jacket,5,1999,0,9995.0,Debit Card,Returning
ORD-2026022,2025-06-06,CUST-1301,Shreya Sharma,North,Home & Kitchen,LED Desk Lamp,3,799,15,2037.45,Debit Card,Returning
ORD-2026023,2025-06-06,CUST-1010,Kabir Singh,East,Sports,Yoga Mat,2,699,25,1048.5,Credit Card,Returning
ORD-2026024,2025-06-07,CUST-1203,Ankit Verma,Central,Sports,Yoga Mat,1,699,20,559.2,Cash,New
ORD-2026025,2025-06-07,CUST-1157,Arjun Verma,North,Apparel,Formal Shirt,2,899,10,1618.2,Debit Card,New
ORD-2026026,2025-06-07,CUST-1290,Kabir Mehta,East,Sports,Cricket Bat,2,1499,30,2098.6,UPI,Returning
ORD-2026027,2025-06-07,CUST-1151,Aman Patel,North,Sports,Yoga Mat,2,699,20,1118.4,Net Banking,New
ORD-2026028,2025-06-07,CUST-1177,Aditya Malhotra,North,Sports,Yoga Mat,2,699,30,978.6,UPI,New
ORD-2026029,2025-06-07,CUST-1275,Tanya Singh,East,Sports,Yoga Mat,2,699,25,1048.5,Net Banking,Returning
ORD-2026030,2025-06-07,CUST-1221,Kunal Singh,South,Apparel,Formal Shirt,1,899,0,899.0,Credit Card,Returning
ORD-2026031,2025-06-08,CUST-1184,Rahul Joshi,Central,Stationery,Notebook Set,1,199,25,149.25,UPI,Returning
ORD-2026032,2025-06-08,CUST-1351,Tanya Mehta,South,Electronics,Smartwatch,3,2999,10,8097.3,Debit Card,Returning
ORD-2026033,2025-06-08,CUST-1160,Komal Singh,West,Beauty,Herbal Shampoo,2,249,30,348.6,Credit Card,Returning
ORD-2026034,2025-06-08,CUST-1274,Muskan Singh,North,Home & Kitchen,LED Desk Lamp,1,799,10,719.1,Net Banking,Returning
ORD-2026035,2025-06-08,CUST-1006,Sakshi Singh,East,Beauty,Face Wash 100ml,3,299,15,762.45,Cash,New
ORD-2026036,2025-06-08,CUST-1276,Swati Joshi,South,Electronics,Wireless Mouse,5,599,15,2545.75,Debit Card,Returning
ORD-2026037,2025-06-08,CUST-1392,Aarav Singh,Central,Electronics,Bluetooth Headphones,4,1799,20,5756.8,UPI,Returning
ORD-2026038,2025-06-08,CUST-1072,Tanya Sharma,West,Sports,Cricket Bat,3,1499,10,4047.3,Credit Card,Returning
ORD-2026039,2025-06-08,CUST-1356,Isha Verma,East,Sports,Cricket Bat,1,1499,20,1199.2,Debit Card,New
ORD-2026040,2025-06-08,CUST-1054,Kunal Patel,East,Apparel,Formal Shirt,3,899,10,2427.3,Net Banking,New
ORD-2026041,2025-06-08,CUST-1205,Aman Sharma,West,Beauty,Face Wash 100ml,1,299,5,284.05,Cash,Returning
ORD-2026042,2025-06-08,CUST-1200,Swati Saxena,North,Groceries,Basmati Rice 5kg,1,549,30,384.3,UPI,New
ORD-2026043,2025-06-09,CUST-1399,Vivaan Verma,North,Stationery,Gel Pen Pack,4,99,5,376.2,UPI,Returning
ORD-2026044,2025-06-09,CUST-1248,Meera Saxena,East,Home & Kitchen,Non-stick Pan Set,2,1299,10,2338.2,Debit Card,Returning
ORD-2026045,2025-06-09,CUST-1212,Komal Joshi,East,Electronics,Smartwatch,2,2999,0,5998.0,Debit Card,Returning
ORD-2026046,2025-06-09,CUST-1337,Rahul Patel,West,Stationery,Notebook Set,1,199,5,189.05,Credit Card,Returning
ORD-2026047,2025-06-09,CUST-1192,Kunal Singh,Central,Beauty,Face Wash 100ml,2,299,5,568.1,Cash,New
ORD-2026048,2025-06-09,CUST-1251,Aarav Singh,East,Electronics,Smartwatch,2,2999,20,4798.4,UPI,New
ORD-2026049,2025-06-09,CUST-1152,Kabir Gupta,Central,Electronics,Smartwatch,2,2999,30,4198.6,UPI,New
ORD-2026050,2025-06-09,CUST-1249,Kabir Sharma,West,Apparel,Cotton T-Shirt,2,499,20,798.4,UPI,New
ORD-2026051,2025-06-10,CUST-1252,Arjun Singh,East,Beauty,Face Wash 100ml,1,299,25,224.25,Credit Card,Returning
ORD-2026052,2025-06-10,CUST-1131,Aarav Sharma,Central,Sports,Yoga Mat,1,699,25,524.25,UPI,Returning
ORD-2026053,2025-06-10,CUST-1064,Ankit Mehta,Central,Groceries,Organic Honey 500g,2,349,0,698.0,UPI,Returning
ORD-2026054,2025-06-10,CUST-1028,Swati Joshi,Central,Sports,Cricket Bat,1,1499,20,1199.2,Net Banking,Returning
ORD-2026055,2025-06-10,CUST-1016,Arjun Kapoor,West,Apparel,Denim Jacket,1,1999,10,1799.1,UPI,New
ORD-2026056,2025-06-10,CUST-1307,Swati Kapoor,Central,Home & Kitchen,LED Desk Lamp,2,799,20,1278.4,Net Banking,New
ORD-2026057,2025-06-10,CUST-1185,Meera Sharma,East,Home & Kitchen,LED Desk Lamp,3,799,20,1917.6,Credit Card,Returning
ORD-2026058,2025-06-10,CUST-1300,Vivaan Mehta,South,Apparel,Cotton T-Shirt,3,499,30,1047.9,Cash,Returning
ORD-2026059,2025-06-11,CUST-1294,Kabir Joshi,East,Stationery,Gel Pen Pack,3,99,10,267.3,Credit Card,New
ORD-2026060,2025-06-11,CUST-1024,Tanya Singh,East,Stationery,Gel Pen Pack,1,99,0,99.0,Debit Card,Returning
ORD-2026061,2025-06-11,CUST-1040,Aditya Malhotra,Central,Groceries,Organic Honey 500g,2,349,25,523.5,Credit Card,New
ORD-2026062,2025-06-11,CUST-1191,Nandini Malhotra,East,Groceries,Organic Honey 500g,1,349,20,279.2,UPI,Returning
ORD-2026063,2025-06-11,CUST-1341,Meera Patel,North,Stationery,Gel Pen Pack,5,99,20,396.0,Credit Card,New
ORD-2026064,2025-06-11,CUST-1002,Shreya Mehta,South,Apparel,Denim Jacket,1,1999,15,1699.15,UPI,New
ORD-2026065,2025-06-11,CUST-1316,Komal Saxena,South,Electronics,Smartwatch,1,2999,5,2849.05,Net Banking,New
ORD-2026066,2025-06-11,CUST-1040,Aditya Malhotra,East,Electronics,Smartwatch,1,2999,15,2549.15,UPI,New
ORD-2026067,2025-06-11,CUST-1142,Divya Singh,Central,Electronics,Wireless Mouse,1,599,10,539.1,Debit Card,New
ORD-2026068,2025-06-11,CUST-1284,Arjun Kapoor,South,Groceries,Organic Honey 500g,1,349,5,331.55,Debit Card,Returning
ORD-2026069,2025-06-11,CUST-1272,Aarav Saxena,Central,Sports,Yoga Mat,3,699,5,1992.15,Net Banking,Returning
ORD-2026070,2025-06-11,CUST-1349,Rohan Mehta,West,Electronics,Wireless Mouse,1,599,10,539.1,Credit Card,New
ORD-2026071,2025-06-11,CUST-1252,Arjun Singh,West,Beauty,Herbal Shampoo,2,249,25,373.5,Credit Card,Returning
ORD-2026072,2025-06-12,CUST-1166,Divya Mehta,East,Apparel,Cotton T-Shirt,1,499,25,374.25,Debit Card,Returning
ORD-2026073,2025-06-12,CUST-1169,Nandini Patel,Central,Apparel,Denim Jacket,3,1999,15,5097.45,Net Banking,Returning
ORD-2026074,2025-06-12,CUST-1352,Nandini Mehta,Central,Sports,Cricket Bat,2,1499,30,2098.6,Credit Card,Returning
ORD-2026075,2025-06-12,CUST-1068,Isha Verma,West,Beauty,Face Wash 100ml,1,299,10,269.1,UPI,Returning
ORD-2026076,2025-06-12,CUST-1228,Aarav Mehta,West,Groceries,Basmati Rice 5kg,3,549,10,1482.3,Debit Card,Returning
ORD-2026077,2025-06-12,CUST-1196,Aditya Patel,West,Sports,Yoga Mat,1,699,15,594.15,UPI,New
ORD-2026078,2025-06-12,CUST-1141,Tanya Kapoor,North,Groceries,Basmati Rice 5kg,3,549,15,1399.95,Net Banking,Returning
ORD-2026079,2025-06-12,CUST-1011,Kunal Sharma,East,Apparel,Cotton T-Shirt,1,499,20,399.2,Debit Card,Returning
ORD-2026080,2025-06-12,CUST-1173,Ankit Gupta,Central,Groceries,Basmati Rice 5kg,2,549,20,878.4,Cash,New
ORD-2026081,2025-06-12,CUST-1290,Kabir Mehta,West,Electronics,Wireless Mouse,1,599,0,599.0,Debit Card,Returning
ORD-2026082,2025-06-13,CUST-1351,Tanya Mehta,Central,Stationery,Gel Pen Pack,1,99,25,74.25,Credit Card,Returning
ORD-2026083,2025-06-13,CUST-1142,Divya Singh,East,Home & Kitchen,LED Desk Lamp,1,799,20,639.2,Debit Card,New
ORD-2026084,2025-06-13,CUST-1162,Aarav Kapoor,Central,Home & Kitchen,Non-stick Pan Set,2,1299,25,1948.5,Credit Card,Returning
ORD-2026085,2025-06-13,CUST-1285,Ankit Joshi,Central,Home & Kitchen,Non-stick Pan Set,1,1299,0,1299.0,Credit Card,Returning
ORD-2026086,2025-06-13,CUST-1117,Aman Saxena,Central,Sports,Yoga Mat,4,699,20,2236.8,Net Banking,Returning
ORD-2026087,2025-06-13,CUST-1023,Rohan Sharma,East,Home & Kitchen,LED Desk Lamp,4,799,0,3196.0,Net Banking,Returning
ORD-2026088,2025-06-13,CUST-1338,Komal Malhotra,Central,Electronics,Wireless Mouse,1,599,20,479.2,Cash,Returning
ORD-2026089,2025-06-14,CUST-1026,Rahul Saxena,West,Home & Kitchen,Non-stick Pan Set,2,1299,20,2078.4,Debit Card,New
ORD-2026090,2025-06-14,CUST-1371,Rahul Verma,South,Apparel,Formal Shirt,1,899,0,899.0,Debit Card,Returning
ORD-2026091,2025-06-14,CUST-1136,Kunal Patel,Central,Electronics,Wireless Mouse,1,599,5,569.05,Net Banking,New
ORD-2026092,2025-06-14,CUST-1028,Swati Joshi,North,Beauty,Herbal Shampoo,2,249,30,348.6,Credit Card,New
ORD-2026093,2025-06-14,CUST-1265,Muskan Singh,North,Beauty,Face Wash 100ml,2,299,15,508.3,Debit Card,New
ORD-2026094,2025-06-14,CUST-1118,Sakshi Malhotra,South,Groceries,Basmati Rice 5kg,4,549,30,1537.2,Net Banking,Returning
ORD-2026095,2025-06-14,CUST-1263,Tanya Mehta,Central,Groceries,Organic Honey 500g,1,349,10,314.1,Debit Card,New
ORD-2026096,2025-06-14,CUST-1384,Vivaan Singh,Central,Groceries,Organic Honey 500g,2,349,20,558.4,Debit Card,New
ORD-2026097,2025-06-14,CUST-1164,Kabir Malhotra,West,Apparel,Denim Jacket,3,1999,20,4797.6,Credit Card,New
ORD-2026098,2025-06-14,CUST-1273,Aman Saxena,South,Home & Kitchen,Non-stick Pan Set,2,1299,5,2468.1,UPI,Returning
ORD-2026099,2025-06-14,CUST-1084,Kunal Saxena,East,Home & Kitchen,Non-stick Pan Set,1,1299,15,1104.15,UPI,Returning
ORD-2026100,2025-06-14,CUST-1033,Meera Joshi,West,Apparel,Denim Jacket,2,1999,25,2998.5,Cash,New
ORD-2026101,2025-06-14,CUST-1325,Aarav Saxena,North,Groceries,Organic Honey 500g,3,349,30,732.9,Credit Card,New
ORD-2026102,2025-06-15,CUST-1045,Arjun Verma,North,Electronics,Wireless Mouse,2,599,20,958.4,Debit Card,Returning
ORD-2026103,2025-06-15,CUST-1006,Sakshi Singh,South,Sports,Cricket Bat,3,1499,5,4272.15,Net Banking,Returning
ORD-2026104,2025-06-15,CUST-1365,Meera Singh,West,Stationery,Notebook Set,1,199,20,159.2,Net Banking,New
ORD-2026105,2025-06-15,CUST-1334,Kunal Singh,North,Apparel,Cotton T-Shirt,1,499,20,399.2,Net Banking,Returning
ORD-2026106,2025-06-15,CUST-1011,Kunal Sharma,West,Stationery,Gel Pen Pack,1,99,5,94.05,Debit Card,Returning
ORD-2026107,2025-06-15,CUST-1383,Aman Gupta,South,Sports,Yoga Mat,1,699,25,524.25,Credit Card,Returning
ORD-2026108,2025-06-15,CUST-1075,Divya Patel,West,Sports,Yoga Mat,3,699,20,1677.6,UPI,New
ORD-2026109,2025-06-15,CUST-1386,Swati Patel,West,Home & Kitchen,LED Desk Lamp,4,799,15,2716.6,Debit Card,New
ORD-2026110,2025-06-16,CUST-1143,Muskan Saxena,East,Stationery,Notebook Set,1,199,5,189.05,Credit Card,Returning
ORD-2026111,2025-06-16,CUST-1161,Ankit Gupta,West,Sports,Cricket Bat,2,1499,10,2698.2,Credit Card,New
ORD-2026112,2025-06-17,CUST-1092,Arjun Mehta,South,Electronics,Wireless Mouse,2,599,5,1138.1,UPI,New
ORD-2026113,2025-06-17,CUST-1061,Muskan Patel,East,Stationery,Gel Pen Pack,4,99,5,376.2,UPI,Returning
ORD-2026114,2025-06-17,CUST-1035,Isha Joshi,West,Apparel,Cotton T-Shirt,2,499,15,848.3,Credit Card,New
ORD-2026115,2025-06-17,CUST-1154,Aditya Malhotra,South,Sports,Cricket Bat,3,1499,15,3822.45,UPI,Returning
ORD-2026116,2025-06-17,CUST-1260,Ankit Verma,West,Beauty,Herbal Shampoo,2,249,25,373.5,UPI,New
ORD-2026117,2025-06-17,CUST-1239,Rohan Malhotra,South,Home & Kitchen,Non-stick Pan Set,1,1299,30,909.3,Debit Card,Returning
ORD-2026118,2025-06-17,CUST-1238,Nandini Verma,North,Stationery,Notebook Set,3,199,5,567.15,Credit Card,New
ORD-2026119,2025-06-17,CUST-1308,Shreya Sharma,East,Beauty,Herbal Shampoo,1,249,20,199.2,Net Banking,New
ORD-2026120,2025-06-17,CUST-1017,Aarav Verma,Central,Home & Kitchen,Non-stick Pan Set,1,1299,25,974.25,Credit Card,Returning
ORD-2026121,2025-06-18,CUST-1118,Sakshi Malhotra,Central,Home & Kitchen,LED Desk Lamp,3,799,20,1917.6,UPI,Returning
ORD-2026122,2025-06-18,CUST-1152,Kabir Gupta,East,Electronics,Bluetooth Headphones,5,1799,0,8995.0,Net Banking,New
ORD-2026123,2025-06-18,CUST-1241,Rahul Singh,North,Stationery,Gel Pen Pack,4,99,25,297.0,Credit Card,Returning
ORD-2026124,2025-06-18,CUST-1024,Tanya Singh,South,Stationery,Notebook Set,1,199,10,179.1,UPI,Returning
ORD-2026125,2025-06-18,CUST-1241,Rahul Singh,West,Apparel,Denim Jacket,2,1999,30,2798.6,UPI,Returning
ORD-2026126,2025-06-18,CUST-1323,Muskan Verma,Central,Home & Kitchen,LED Desk Lamp,2,799,25,1198.5,Debit Card,Returning
ORD-2026127,2025-06-18,CUST-1271,Nandini Sharma,North,Apparel,Cotton T-Shirt,1,499,15,424.15,Debit Card,New
ORD-2026128,2025-06-18,CUST-1149,Aarav Verma,West,Beauty,Face Wash 100ml,3,299,30,627.9,Cash,Returning
ORD-2026129,2025-06-18,CUST-1110,Aman Malhotra,North,Stationery,Gel Pen Pack,1,99,0,99.0,Credit Card,Returning
ORD-2026130,2025-06-18,CUST-1098,Rohan Patel,East,Beauty,Herbal Shampoo,5,249,30,871.5,Debit Card,New
ORD-2026131,2025-06-19,CUST-1319,Rohan Sharma,South,Beauty,Herbal Shampoo,3,249,0,747.0,Debit Card,New
ORD-2026132,2025-06-19,CUST-1236,Divya Mehta,North,Electronics,Smartwatch,3,2999,5,8547.15,UPI,Returning
ORD-2026133,2025-06-19,CUST-1375,Kunal Joshi,East,Sports,Cricket Bat,4,1499,15,5096.6,Debit Card,Returning
ORD-2026134,2025-06-19,CUST-1397,Aman Verma,South,Electronics,Bluetooth Headphones,3,1799,25,4047.75,Credit Card,Returning
ORD-2026135,2025-06-19,CUST-1182,Swati Verma,East,Apparel,Denim Jacket,1,1999,15,1699.15,Net Banking,New
ORD-2026136,2025-06-19,CUST-1292,Aman Singh,South,Electronics,Bluetooth Headphones,1,1799,20,1439.2,Cash,Returning
ORD-2026137,2025-06-19,CUST-1341,Meera Patel,Central,Sports,Cricket Bat,1,1499,30,1049.3,Debit Card,New
ORD-2026138,2025-06-20,CUST-1347,Ankit Joshi,West,Groceries,Organic Honey 500g,2,349,25,523.5,Debit Card,Returning
ORD-2026139,2025-06-20,CUST-1033,Meera Joshi,Central,Home & Kitchen,LED Desk Lamp,1,799,20,639.2,Net Banking,Returning
ORD-2026140,2025-06-20,CUST-1399,Vivaan Verma,South,Home & Kitchen,LED Desk Lamp,1,799,15,679.15,Credit Card,Returning
ORD-2026141,2025-06-20,CUST-1390,Rahul Saxena,North,Groceries,Organic Honey 500g,1,349,0,349.0,Debit Card,New
ORD-2026142,2025-06-20,CUST-1005,Rohan Malhotra,East,Electronics,Bluetooth Headphones,3,1799,10,4857.3,Net Banking,Returning
ORD-2026143,2025-06-21,CUST-1092,Arjun Mehta,Central,Apparel,Denim Jacket,2,1999,25,2998.5,Credit Card,New
ORD-2026144,2025-06-21,CUST-1317,Aditya Kapoor,South,Apparel,Denim Jacket,3,1999,10,5397.3,Debit Card,New
ORD-2026145,2025-06-21,CUST-1011,Kunal Sharma,South,Sports,Yoga Mat,2,699,0,1398.0,Cash,Returning
ORD-2026146,2025-06-21,CUST-1233,Rahul Joshi,South,Electronics,Bluetooth Headphones,1,1799,30,1259.3,UPI,Returning
ORD-2026147,2025-06-21,CUST-1051,Rohan Patel,North,Beauty,Herbal Shampoo,2,249,0,498.0,Net Banking,New
ORD-2026148,2025-06-21,CUST-1190,Rahul Patel,West,Electronics,Bluetooth Headphones,2,1799,5,3418.1,UPI,New
ORD-2026149,2025-06-21,CUST-1388,Aarav Saxena,Central,Apparel,Cotton T-Shirt,1,499,30,349.3,UPI,New
ORD-2026150,2025-06-21,CUST-1187,Kabir Saxena,South,Stationery,Gel Pen Pack,1,99,10,89.1,Credit Card,Returning
ORD-2026151,2025-06-21,CUST-1028,Swati Joshi,East,Sports,Cricket Bat,1,1499,30,1049.3,Net Banking,Returning
ORD-2026152,2025-06-21,CUST-1017,Aarav Verma,North,Electronics,Smartwatch,1,2999,15,2549.15,Debit Card,Returning
ORD-2026153,2025-06-21,CUST-1296,Vivaan Kapoor,North,Beauty,Herbal Shampoo,1,249,10,224.1,Credit Card,New
ORD-2026154,2025-06-22,CUST-1074,Kabir Kapoor,Central,Beauty,Face Wash 100ml,1,299,30,209.3,Credit Card,New
ORD-2026155,2025-06-22,CUST-1255,Aman Gupta,South,Electronics,Bluetooth Headphones,2,1799,5,3418.1,Cash,Returning
ORD-2026156,2025-06-22,CUST-1263,Tanya Mehta,North,Electronics,Smartwatch,2,2999,20,4798.4,UPI,New
ORD-2026157,2025-06-22,CUST-1135,Shreya Joshi,Central,Home & Kitchen,Non-stick Pan Set,1,1299,20,1039.2,Credit Card,Returning
ORD-2026158,2025-06-22,CUST-1175,Vivaan Kapoor,East,Electronics,Bluetooth Headphones,2,1799,5,3418.1,Debit Card,Returning
ORD-2026159,2025-06-22,CUST-1162,Aarav Kapoor,Central,Electronics,Bluetooth Headphones,1,1799,5,1709.05,Net Banking,New
ORD-2026160,2025-06-22,CUST-1229,Vivaan Singh,East,Electronics,Smartwatch,1,2999,20,2399.2,Net Banking,New
ORD-2026161,2025-06-22,CUST-1345,Tanya Verma,West,Sports,Cricket Bat,2,1499,25,2248.5,UPI,New
ORD-2026162,2025-06-22,CUST-1242,Sakshi Malhotra,Central,Beauty,Face Wash 100ml,1,299,30,209.3,UPI,Returning
ORD-2026163,2025-06-22,CUST-1147,Aman Saxena,North,Home & Kitchen,LED Desk Lamp,1,799,5,759.05,Cash,New
ORD-2026164,2025-06-22,CUST-1017,Aarav Verma,West,Apparel,Formal Shirt,1,899,15,764.15,UPI,Returning
ORD-2026165,2025-06-23,CUST-1391,Kunal Gupta,South,Electronics,Bluetooth Headphones,3,1799,30,3777.9,Cash,New
ORD-2026166,2025-06-23,CUST-1160,Komal Singh,East,Sports,Cricket Bat,2,1499,0,2998.0,UPI,New
ORD-2026167,2025-06-23,CUST-1214,Rohan Sharma,South,Apparel,Cotton T-Shirt,1,499,20,399.2,Debit Card,New
ORD-2026168,2025-06-23,CUST-1165,Rahul Singh,Central,Electronics,Smartwatch,1,2999,5,2849.05,Credit Card,Returning
ORD-2026169,2025-06-23,CUST-1344,Nandini Saxena,Central,Electronics,Wireless Mouse,1,599,15,509.15,Debit Card,Returning
ORD-2026170,2025-06-23,CUST-1373,Rahul Verma,East,Groceries,Basmati Rice 5kg,2,549,0,1098.0,Debit Card,Returning
ORD-2026171,2025-06-23,CUST-1380,Meera Joshi,West,Electronics,Smartwatch,3,2999,20,7197.6,Debit Card,Returning
ORD-2026172,2025-06-23,CUST-1020,Rohan Malhotra,East,Stationery,Gel Pen Pack,3,99,25,222.75,UPI,Returning
ORD-2026173,2025-06-23,CUST-1345,Tanya Verma,North,Apparel,Denim Jacket,1,1999,10,1799.1,UPI,Returning
ORD-2026174,2025-06-23,CUST-1031,Kabir Malhotra,East,Beauty,Herbal Shampoo,2,249,30,348.6,UPI,Returning
ORD-2026175,2025-06-23,CUST-1364,Rahul Malhotra,Central,Stationery,Notebook Set,1,199,15,169.15,Credit Card,Returning
ORD-2026176,2025-06-23,CUST-1225,Aarav Kapoor,North,Electronics,Smartwatch,1,2999,20,2399.2,Net Banking,Returning
ORD-2026177,2025-06-23,CUST-1135,Shreya Joshi,North,Home & Kitchen,LED Desk Lamp,2,799,30,1118.6,Net Banking,New
ORD-2026178,2025-06-24,CUST-1095,Nandini Joshi,East,Groceries,Basmati Rice 5kg,3,549,0,1647.0,Debit Card,New
ORD-2026179,2025-06-24,CUST-1219,Sakshi Patel,South,Apparel,Cotton T-Shirt,3,499,20,1197.6,Net Banking,Returning
ORD-2026180,2025-06-24,CUST-1103,Muskan Gupta,East,Sports,Cricket Bat,2,1499,15,2548.3,Debit Card,Returning
ORD-2026181,2025-06-24,CUST-1203,Ankit Verma,East,Stationery,Notebook Set,1,199,15,169.15,Debit Card,Returning
ORD-2026182,2025-06-24,CUST-1309,Meera Verma,North,Beauty,Herbal Shampoo,1,249,30,174.3,Debit Card,Returning
ORD-2026183,2025-06-24,CUST-1354,Aman Saxena,East,Home & Kitchen,LED Desk Lamp,2,799,30,1118.6,Debit Card,Returning
ORD-2026184,2025-06-24,CUST-1001,Rohan Patel,West,Electronics,Wireless Mouse,3,599,25,1347.75,Net Banking,Returning
ORD-2026185,2025-06-24,CUST-1046,Rohan Kapoor,East,Apparel,Formal Shirt,1,899,15,764.15,Credit Card,Returning
ORD-2026186,2025-06-24,CUST-1176,Meera Sharma,Central,Sports,Yoga Mat,1,699,5,664.05,Debit Card,Returning
ORD-2026187,2025-06-24,CUST-1234,Meera Sharma,South,Groceries,Basmati Rice 5kg,1,549,0,549.0,Credit Card,Returning
ORD-2026188,2025-06-24,CUST-1220,Aditya Kapoor,South,Beauty,Face Wash 100ml,2,299,0,598.0,Debit Card,New
ORD-2026189,2025-06-24,CUST-1057,Tanya Malhotra,Central,Home & Kitchen,LED Desk Lamp,5,799,20,3196.0,Debit Card,Returning
ORD-2026190,2025-06-24,CUST-1367,Aman Saxena,West,Apparel,Cotton T-Shirt,2,499,25,748.5,Cash,Returning
ORD-2026191,2025-06-25,CUST-1015,Swati Joshi,West,Stationery,Gel Pen Pack,5,99,0,495.0,Debit Card,New
ORD-2026192,2025-06-25,CUST-1161,Ankit Gupta,East,Apparel,Denim Jacket,1,1999,25,1499.25,UPI,Returning
ORD-2026193,2025-06-25,CUST-1311,Muskan Joshi,West,Beauty,Face Wash 100ml,1,299,5,284.05,Credit Card,Returning
ORD-2026194,2025-06-25,CUST-1073,Rahul Kapoor,North,Sports,Yoga Mat,1,699,10,629.1,Debit Card,New
ORD-2026195,2025-06-25,CUST-1032,Shreya Mehta,South,Beauty,Face Wash 100ml,2,299,25,448.5,Cash,Returning
ORD-2026196,2025-06-25,CUST-1175,Vivaan Kapoor,North,Apparel,Denim Jacket,1,1999,30,1399.3,Credit Card,New
ORD-2026197,2025-06-25,CUST-1152,Kabir Gupta,North,Home & Kitchen,Non-stick Pan Set,3,1299,15,3312.45,Debit Card,Returning
ORD-2026198,2025-06-25,CUST-1141,Tanya Kapoor,Central,Apparel,Formal Shirt,2,899,25,1348.5,Credit Card,New
ORD-2026199,2025-06-26,CUST-1355,Aditya Joshi,Central,Electronics,Smartwatch,4,2999,0,11996.0,Cash,New
ORD-2026200,2025-06-26,CUST-1042,Kunal Saxena,Central,Home & Kitchen,LED Desk Lamp,1,799,0,799.0,UPI,New
ORD-2026201,2025-06-26,CUST-1098,Rohan Patel,Central,Apparel,Denim Jacket,1,1999,30,1399.3,UPI,New
ORD-2026202,2025-06-26,CUST-1298,Aarav Singh,South,Electronics,Wireless Mouse,1,599,5,569.05,Debit Card,Returning
ORD-2026203,2025-06-26,CUST-1368,Isha Patel,East,Apparel,Formal Shirt,2,899,20,1438.4,Debit Card,Returning
ORD-2026204,2025-06-26,CUST-1038,Rohan Joshi,East,Stationery,Gel Pen Pack,1,99,0,99.0,Cash,New
ORD-2026205,2025-06-27,CUST-1340,Aman Kapoor,North,Electronics,Smartwatch,3,2999,30,6297.9,Cash,New
ORD-2026206,2025-06-27,CUST-1382,Meera Verma,West,Apparel,Cotton T-Shirt,1,499,20,399.2,Debit Card,New
ORD-2026207,2025-06-27,CUST-1367,Aman Saxena,North,Groceries,Basmati Rice 5kg,3,549,25,1235.25,UPI,Returning
ORD-2026208,2025-06-27,CUST-1264,Vivaan Malhotra,West,Stationery,Notebook Set,2,199,15,338.3,UPI,Returning
ORD-2026209,2025-06-27,CUST-1108,Kunal Patel,West,Stationery,Notebook Set,1,199,15,169.15,Debit Card,Returning
ORD-2026210,2025-06-27,CUST-1077,Tanya Mehta,South,Sports,Cricket Bat,1,1499,15,1274.15,Debit Card,Returning
ORD-2026211,2025-06-27,CUST-1084,Kunal Saxena,Central,Beauty,Face Wash 100ml,1,299,30,209.3,Cash,Returning
ORD-2026212,2025-06-27,CUST-1083,Komal Kapoor,Central,Home & Kitchen,Non-stick Pan Set,1,1299,30,909.3,Cash,Returning
ORD-2026213,2025-06-28,CUST-1190,Rahul Patel,Central,Apparel,Denim Jacket,1,1999,15,1699.15,Credit Card,Returning
ORD-2026214,2025-06-28,CUST-1291,Arjun Saxena,East,Beauty,Herbal Shampoo,2,249,15,423.3,Net Banking,Returning
ORD-2026215,2025-06-28,CUST-1069,Kabir Joshi,East,Electronics,Smartwatch,2,2999,10,5398.2,Cash,Returning
ORD-2026216,2025-06-28,CUST-1281,Nandini Saxena,North,Groceries,Basmati Rice 5kg,1,549,0,549.0,Debit Card,New
ORD-2026217,2025-06-28,CUST-1355,Aditya Joshi,West,Groceries,Organic Honey 500g,4,349,30,977.2,Credit Card,Returning
ORD-2026218,2025-06-28,CUST-1008,Meera Saxena,East,Apparel,Formal Shirt,1,899,25,674.25,Net Banking,Returning
ORD-2026219,2025-06-28,CUST-1169,Nandini Patel,Central,Groceries,Organic Honey 500g,2,349,10,628.2,Net Banking,New
ORD-2026220,2025-06-28,CUST-1228,Aarav Mehta,North,Beauty,Face Wash 100ml,1,299,20,239.2,Debit Card,Returning
ORD-2026221,2025-06-28,CUST-1154,Aditya Malhotra,West,Sports,Cricket Bat,3,1499,0,4497.0,Debit Card,New
ORD-2026222,2025-06-28,CUST-1182,Swati Verma,East,Groceries,Organic Honey 500g,2,349,20,558.4,Net Banking,Returning
ORD-2026223,2025-06-28,CUST-1145,Kunal Joshi,East,Beauty,Herbal Shampoo,1,249,20,199.2,UPI,New
ORD-2026224,2025-06-28,CUST-1345,Tanya Verma,West,Home & Kitchen,Non-stick Pan Set,4,1299,5,4936.2,Net Banking,Returning
ORD-2026225,2025-06-29,CUST-1386,Swati Patel,East,Electronics,Wireless Mouse,2,599,25,898.5,UPI,New
ORD-2026226,2025-06-29,CUST-1201,Tanya Joshi,East,Home & Kitchen,Non-stick Pan Set,3,1299,0,3897.0,Debit Card,Returning
ORD-2026227,2025-06-29,CUST-1327,Kunal Malhotra,Central,Stationery,Gel Pen Pack,3,99,20,237.6,Credit Card,New
ORD-2026228,2025-06-29,CUST-1095,Nandini Joshi,North,Electronics,Wireless Mouse,4,599,10,2156.4,Net Banking,Returning
ORD-2026229,2025-06-29,CUST-1224,Swati Verma,North,Sports,Cricket Bat,1,1499,0,1499.0,Cash,Returning
ORD-2026230,2025-06-29,CUST-1049,Kunal Gupta,Central,Sports,Cricket Bat,2,1499,15,2548.3,Net Banking,Returning
ORD-2026231,2025-06-29,CUST-1036,Nandini Mehta,Central,Home & Kitchen,Non-stick Pan Set,2,1299,25,1948.5,Cash,Returning
ORD-2026232,2025-06-29,CUST-1254,Meera Malhotra,North,Beauty,Herbal Shampoo,1,249,5,236.55,Debit Card,New
ORD-2026233,2025-06-29,CUST-1269,Kunal Verma,South,Home & Kitchen,LED Desk Lamp,2,799,30,1118.6,UPI,New
ORD-2026234,2025-06-29,CUST-1098,Rohan Patel,Central,Apparel,Formal Shirt,2,899,5,1708.1,Credit Card,New
ORD-2026235,2025-06-29,CUST-1353,Vivaan Gupta,West,Home & Kitchen,Non-stick Pan Set,1,1299,5,1234.05,Credit Card,Returning
ORD-2026236,2025-06-29,CUST-1222,Sakshi Sharma,West,Electronics,Wireless Mouse,3,599,10,1617.3,Credit Card,Returning
ORD-2026237,2025-06-29,CUST-1076,Tanya Saxena,South,Stationery,Gel Pen Pack,3,99,10,267.3,Credit Card,Returning
ORD-2026238,2025-06-29,CUST-1034,Sakshi Patel,North,Beauty,Herbal Shampoo,1,249,10,224.1,Credit Card,Returning
ORD-2026239,2025-06-29,CUST-1086,Nandini Verma,East,Electronics,Wireless Mouse,2,599,30,838.6,UPI,New
ORD-2026240,2025-06-29,CUST-1260,Ankit Verma,North,Electronics,Wireless Mouse,3,599,15,1527.45,Debit Card,Returning
ORD-2026241,2025-06-30,CUST-1169,Nandini Patel,West,Apparel,Cotton T-Shirt,1,499,0,499.0,Credit Card,Returning
ORD-2026242,2025-06-30,CUST-1318,Tanya Verma,North,Electronics,Wireless Mouse,1,599,30,419.3,UPI,Returning
ORD-2026243,2025-06-30,CUST-1023,Rohan Sharma,Central,Apparel,Denim Jacket,2,1999,5,3798.1,Credit Card,Returning
ORD-2026244,2025-06-30,CUST-1347,Ankit Joshi,South,Electronics,Wireless Mouse,3,599,5,1707.15,Credit Card,Returning
ORD-2026245,2025-06-30,CUST-1184,Rahul Joshi,West,Beauty,Face Wash 100ml,4,299,15,1016.6,UPI,Returning
ORD-2026246,2025-06-30,CUST-1042,Kunal Saxena,South,Apparel,Formal Shirt,3,899,0,2697.0,Debit Card,Returning
ORD-2026247,2025-06-30,CUST-1121,Rahul Kapoor,East,Home & Kitchen,LED Desk Lamp,1,799,20,639.2,Cash,Returning
ORD-2026248,2025-06-30,CUST-1038,Rohan Joshi,South,Electronics,Bluetooth Headphones,1,1799,5,1709.05,Cash,Returning
ORD-2026249,2025-06-30,CUST-1124,Aditya Gupta,North,Groceries,Basmati Rice 5kg,1,549,25,411.75,Debit Card,Returning
ORD-2026250,2025-06-30,CUST-1125,Muskan Malhotra,Central,Electronics,Wireless Mouse,4,599,10,2156.4,Cash,New
ORD-2026251,2025-06-30,CUST-1043,Divya Kapoor,West,Home & Kitchen,LED Desk Lamp,2,799,5,1518.1,Debit Card,Returning
ORD-2026252,2025-07-01,CUST-1102,Aarav Patel,East,Home & Kitchen,Non-stick Pan Set,1,1299,0,1299.0,Cash,New
ORD-2026253,2025-07-01,CUST-1265,Muskan Singh,North,Stationery,Notebook Set,1,199,0,199.0,UPI,New
ORD-2026254,2025-07-01,CUST-1277,Vivaan Sharma,Central,Apparel,Formal Shirt,2,899,5,1708.1,Credit Card,Returning
ORD-2026255,2025-07-01,CUST-1307,Swati Kapoor,South,Home & Kitchen,Non-stick Pan Set,2,1299,0,2598.0,Net Banking,Returning
ORD-2026256,2025-07-01,CUST-1368,Isha Patel,North,Stationery,Gel Pen Pack,3,99,0,297.0,Credit Card,Returning
ORD-2026257,2025-07-01,CUST-1079,Komal Mehta,West,Groceries,Organic Honey 500g,1,349,10,314.1,Credit Card,New
ORD-2026258,2025-07-01,CUST-1290,Kabir Mehta,Central,Apparel,Formal Shirt,1,899,15,764.15,UPI,Returning
ORD-2026259,2025-07-01,CUST-1384,Vivaan Singh,West,Apparel,Denim Jacket,1,1999,0,1999.0,Credit Card,New
ORD-2026260,2025-07-01,CUST-1099,Rahul Malhotra,South,Groceries,Basmati Rice 5kg,1,549,10,494.1,Credit Card,New
ORD-2026261,2025-07-02,CUST-1226,Tanya Joshi,East,Electronics,Wireless Mouse,1,599,20,479.2,Debit Card,Returning
ORD-2026262,2025-07-02,CUST-1266,Vivaan Kapoor,North,Apparel,Formal Shirt,1,899,0,899.0,Cash,New
ORD-2026263,2025-07-02,CUST-1221,Kunal Singh,East,Electronics,Wireless Mouse,3,599,15,1527.45,Credit Card,New
ORD-2026264,2025-07-02,CUST-1283,Aditya Mehta,North,Apparel,Cotton T-Shirt,1,499,20,399.2,Credit Card,Returning
ORD-2026265,2025-07-02,CUST-1358,Aman Patel,Central,Apparel,Denim Jacket,1,1999,20,1599.2,Debit Card,New
ORD-2026266,2025-07-02,CUST-1039,Aarav Joshi,South,Electronics,Bluetooth Headphones,1,1799,20,1439.2,Cash,Returning
ORD-2026267,2025-07-03,CUST-1308,Shreya Sharma,West,Groceries,Basmati Rice 5kg,5,549,10,2470.5,Cash,Returning
ORD-2026268,2025-07-03,CUST-1034,Sakshi Patel,East,Sports,Yoga Mat,4,699,0,2796.0,UPI,Returning
ORD-2026269,2025-07-03,CUST-1237,Divya Sharma,South,Groceries,Organic Honey 500g,1,349,15,296.65,Debit Card,New
ORD-2026270,2025-07-03,CUST-1328,Arjun Verma,East,Groceries,Organic Honey 500g,2,349,0,698.0,Debit Card,New
ORD-2026271,2025-07-03,CUST-1380,Meera Joshi,Central,Beauty,Face Wash 100ml,1,299,0,299.0,Cash,New
ORD-2026272,2025-07-03,CUST-1078,Kabir Malhotra,South,Groceries,Organic Honey 500g,1,349,10,314.1,Debit Card,New
ORD-2026273,2025-07-03,CUST-1167,Nandini Verma,West,Stationery,Gel Pen Pack,2,99,10,178.2,Cash,New
ORD-2026274,2025-07-03,CUST-1356,Isha Verma,Central,Beauty,Herbal Shampoo,1,249,15,211.65,Cash,Returning
ORD-2026275,2025-07-03,CUST-1209,Meera Mehta,North,Electronics,Smartwatch,1,2999,0,2999.0,Credit Card,Returning
ORD-2026276,2025-07-03,CUST-1390,Rahul Saxena,West,Apparel,Denim Jacket,4,1999,5,7596.2,Debit Card,New
ORD-2026277,2025-07-03,CUST-1327,Kunal Malhotra,North,Apparel,Denim Jacket,3,1999,0,5997.0,Credit Card,New
ORD-2026278,2025-07-04,CUST-1103,Muskan Gupta,North,Apparel,Formal Shirt,1,899,0,899.0,Credit Card,Returning
ORD-2026279,2025-07-04,CUST-1046,Rohan Kapoor,West,Apparel,Denim Jacket,1,1999,20,1599.2,Net Banking,New
ORD-2026280,2025-07-04,CUST-1256,Rohan Singh,West,Apparel,Denim Jacket,1,1999,20,1599.2,Debit Card,Returning
ORD-2026281,2025-07-04,CUST-1344,Nandini Saxena,South,Groceries,Basmati Rice 5kg,3,549,0,1647.0,Cash,New
ORD-2026282,2025-07-04,CUST-1004,Tanya Malhotra,Central,Apparel,Denim Jacket,3,1999,0,5997.0,Debit Card,New
ORD-2026283,2025-07-04,CUST-1306,Sakshi Malhotra,North,Stationery,Notebook Set,5,199,15,845.75,UPI,New
ORD-2026284,2025-07-04,CUST-1349,Rohan Mehta,South,Sports,Cricket Bat,1,1499,0,1499.0,Credit Card,New
ORD-2026285,2025-07-04,CUST-1074,Kabir Kapoor,Central,Groceries,Basmati Rice 5kg,4,549,5,2086.2,Credit Card,Returning
ORD-2026286,2025-07-04,CUST-1078,Kabir Malhotra,Central,Home & Kitchen,Non-stick Pan Set,1,1299,0,1299.0,Debit Card,Returning
ORD-2026287,2025-07-04,CUST-1279,Tanya Kapoor,South,Electronics,Wireless Mouse,2,599,0,1198.0,Cash,New
ORD-2026288,2025-07-04,CUST-1383,Aman Gupta,North,Sports,Yoga Mat,1,699,15,594.15,Net Banking,Returning
ORD-2026289,2025-07-04,CUST-1168,Nandini Joshi,East,Groceries,Basmati Rice 5kg,1,549,5,521.55,Debit Card,Returning
ORD-2026290,2025-07-05,CUST-1297,Sakshi Kapoor,South,Stationery,Gel Pen Pack,2,99,15,168.3,Cash,Returning
ORD-2026291,2025-07-05,CUST-1247,Meera Malhotra,North,Stationery,Gel Pen Pack,2,99,0,198.0,Debit Card,Returning
ORD-2026292,2025-07-05,CUST-1041,Divya Malhotra,South,Stationery,Notebook Set,1,199,15,169.15,Credit Card,Returning
ORD-2026293,2025-07-05,CUST-1389,Ankit Mehta,North,Apparel,Cotton T-Shirt,2,499,0,998.0,UPI,New
ORD-2026294,2025-07-05,CUST-1287,Divya Kapoor,South,Sports,Cricket Bat,3,1499,10,4047.3,Cash,Returning
ORD-2026295,2025-07-05,CUST-1392,Aarav Singh,North,Groceries,Basmati Rice 5kg,1,549,15,466.65,UPI,Returning
ORD-2026296,2025-07-05,CUST-1086,Nandini Verma,West,Stationery,Gel Pen Pack,3,99,20,237.6,UPI,New
ORD-2026297,2025-07-06,CUST-1261,Shreya Patel,North,Groceries,Organic Honey 500g,1,349,20,279.2,UPI,New
ORD-2026298,2025-07-06,CUST-1235,Meera Verma,West,Sports,Yoga Mat,1,699,0,699.0,Net Banking,Returning
ORD-2026299,2025-07-06,CUST-1233,Rahul Joshi,Central,Sports,Cricket Bat,1,1499,0,1499.0,Credit Card,Returning
ORD-2026300,2025-07-06,CUST-1285,Ankit Joshi,East,Home & Kitchen,LED Desk Lamp,2,799,0,1598.0,Debit Card,Returning
ORD-2026301,2025-07-06,CUST-1030,Rahul Kapoor,West,Apparel,Cotton T-Shirt,5,499,5,2370.25,Debit Card,Returning
ORD-2026302,2025-07-06,CUST-1220,Aditya Kapoor,North,Groceries,Organic Honey 500g,1,349,0,349.0,UPI,Returning
ORD-2026303,2025-07-06,CUST-1149,Aarav Verma,South,Beauty,Face Wash 100ml,2,299,0,598.0,UPI,New
ORD-2026304,2025-07-06,CUST-1117,Aman Saxena,East,Stationery,Gel Pen Pack,1,99,0,99.0,UPI,Returning
ORD-2026305,2025-07-06,CUST-1013,Divya Joshi,South,Electronics,Wireless Mouse,1,599,0,599.0,Debit Card,Returning
ORD-2026306,2025-07-06,CUST-1083,Komal Kapoor,South,Sports,Yoga Mat,1,699,10,629.1,Cash,Returning
ORD-2026307,2025-07-07,CUST-1363,Arjun Joshi,South,Beauty,Herbal Shampoo,1,249,0,249.0,Debit Card,Returning
ORD-2026308,2025-07-07,CUST-1335,Divya Saxena,North,Beauty,Herbal Shampoo,4,249,0,996.0,UPI,Returning
ORD-2026309,2025-07-07,CUST-1132,Shreya Sharma,West,Electronics,Wireless Mouse,4,599,5,2276.2,Debit Card,Returning
ORD-2026310,2025-07-07,CUST-1056,Aarav Kapoor,Central,Beauty,Face Wash 100ml,1,299,0,299.0,Credit Card,Returning
ORD-2026311,2025-07-07,CUST-1273,Aman Saxena,East,Sports,Cricket Bat,1,1499,15,1274.15,Debit Card,New
ORD-2026312,2025-07-07,CUST-1242,Sakshi Malhotra,East,Sports,Cricket Bat,3,1499,20,3597.6,Debit Card,Returning
ORD-2026313,2025-07-07,CUST-1164,Kabir Malhotra,East,Groceries,Organic Honey 500g,1,349,15,296.65,UPI,Returning
ORD-2026314,2025-07-07,CUST-1164,Kabir Malhotra,West,Groceries,Organic Honey 500g,1,349,15,296.65,Cash,New
ORD-2026315,2025-07-08,CUST-1352,Nandini Mehta,East,Apparel,Denim Jacket,1,1999,15,1699.15,Debit Card,Returning
ORD-2026316,2025-07-08,CUST-1064,Ankit Mehta,North,Stationery,Gel Pen Pack,1,99,0,99.0,Debit Card,Returning
ORD-2026317,2025-07-08,CUST-1126,Divya Sharma,East,Stationery,Gel Pen Pack,3,99,5,282.15,Debit Card,New
ORD-2026318,2025-07-08,CUST-1174,Rahul Singh,West,Apparel,Denim Jacket,1,1999,10,1799.1,UPI,New
ORD-2026319,2025-07-08,CUST-1252,Arjun Singh,North,Stationery,Gel Pen Pack,1,99,10,89.1,Debit Card,Returning
ORD-2026320,2025-07-09,CUST-1331,Arjun Singh,South,Electronics,Bluetooth Headphones,4,1799,5,6836.2,Credit Card,New
ORD-2026321,2025-07-09,CUST-1029,Swati Patel,West,Home & Kitchen,LED Desk Lamp,2,799,0,1598.0,Debit Card,Returning
ORD-2026322,2025-07-09,CUST-1144,Divya Mehta,West,Groceries,Organic Honey 500g,1,349,0,349.0,Credit Card,New
ORD-2026323,2025-07-10,CUST-1348,Ankit Malhotra,Central,Stationery,Gel Pen Pack,2,99,15,168.3,UPI,New
ORD-2026324,2025-07-10,CUST-1026,Rahul Saxena,Central,Sports,Cricket Bat,1,1499,0,1499.0,UPI,New
ORD-2026325,2025-07-10,CUST-1254,Meera Malhotra,East,Groceries,Basmati Rice 5kg,2,549,5,1043.1,Credit Card,New
ORD-2026326,2025-07-10,CUST-1021,Isha Patel,East,Electronics,Bluetooth Headphones,1,1799,0,1799.0,Debit Card,New
ORD-2026327,2025-07-10,CUST-1368,Isha Patel,East,Groceries,Basmati Rice 5kg,1,549,0,549.0,Debit Card,New
ORD-2026328,2025-07-10,CUST-1216,Meera Malhotra,North,Stationery,Gel Pen Pack,1,99,15,84.15,UPI,Returning
ORD-2026329,2025-07-10,CUST-1096,Kunal Saxena,West,Apparel,Cotton T-Shirt,1,499,15,424.15,Credit Card,New
ORD-2026330,2025-07-10,CUST-1251,Aarav Singh,North,Home & Kitchen,Non-stick Pan Set,1,1299,5,1234.05,Net Banking,New
ORD-2026331,2025-07-11,CUST-1303,Sakshi Sharma,East,Stationery,Notebook Set,1,199,15,169.15,Debit Card,New
ORD-2026332,2025-07-11,CUST-1386,Swati Patel,East,Electronics,Bluetooth Headphones,1,1799,15,1529.15,Debit Card,Returning
ORD-2026333,2025-07-11,CUST-1031,Kabir Malhotra,North,Beauty,Herbal Shampoo,3,249,0,747.0,UPI,Returning
ORD-2026334,2025-07-11,CUST-1221,Kunal Singh,Central,Groceries,Basmati Rice 5kg,1,549,0,549.0,Credit Card,New
ORD-2026335,2025-07-11,CUST-1286,Arjun Singh,North,Beauty,Herbal Shampoo,1,249,0,249.0,Credit Card,Returning
ORD-2026336,2025-07-11,CUST-1026,Rahul Saxena,Central,Sports,Yoga Mat,3,699,20,1677.6,Cash,Returning
ORD-2026337,2025-07-11,CUST-1088,Arjun Patel,West,Electronics,Smartwatch,3,2999,10,8097.3,UPI,New
ORD-2026338,2025-07-11,CUST-1133,Kunal Mehta,East,Beauty,Face Wash 100ml,1,299,20,239.2,Debit Card,Returning
ORD-2026339,2025-07-11,CUST-1335,Divya Saxena,South,Stationery,Notebook Set,3,199,20,477.6,Debit Card,New
ORD-2026340,2025-07-12,CUST-1263,Tanya Mehta,Central,Electronics,Wireless Mouse,1,599,20,479.2,Credit Card,Returning
ORD-2026341,2025-07-12,CUST-1313,Kunal Joshi,West,Electronics,Smartwatch,1,2999,0,2999.0,Credit Card,Returning
ORD-2026342,2025-07-13,CUST-1351,Tanya Mehta,South,Home & Kitchen,LED Desk Lamp,1,799,0,799.0,Debit Card,Returning
ORD-2026343,2025-07-13,CUST-1294,Kabir Joshi,West,Sports,Cricket Bat,2,1499,15,2548.3,Credit Card,Returning
ORD-2026344,2025-07-13,CUST-1086,Nandini Verma,South,Apparel,Formal Shirt,1,899,15,764.15,UPI,Returning
ORD-2026345,2025-07-13,CUST-1252,Arjun Singh,West,Groceries,Organic Honey 500g,1,349,10,314.1,UPI,New
ORD-2026346,2025-07-13,CUST-1020,Rohan Malhotra,North,Stationery,Notebook Set,1,199,0,199.0,Credit Card,New
ORD-2026347,2025-07-13,CUST-1301,Shreya Sharma,South,Apparel,Formal Shirt,1,899,0,899.0,UPI,New
ORD-2026348,2025-07-14,CUST-1156,Nandini Joshi,Central,Sports,Cricket Bat,2,1499,10,2698.2,UPI,Returning
ORD-2026349,2025-07-14,CUST-1044,Swati Saxena,Central,Stationery,Gel Pen Pack,3,99,20,237.6,Credit Card,Returning
ORD-2026350,2025-07-14,CUST-1141,Tanya Kapoor,Central,Sports,Cricket Bat,1,1499,5,1424.05,Debit Card,Returning
ORD-2026351,2025-07-14,CUST-1261,Shreya Patel,North,Apparel,Denim Jacket,1,1999,10,1799.1,Cash,Returning
ORD-2026352,2025-07-14,CUST-1266,Vivaan Kapoor,East,Beauty,Face Wash 100ml,1,299,15,254.15,Debit Card,Returning
ORD-2026353,2025-07-14,CUST-1103,Muskan Gupta,North,Groceries,Organic Honey 500g,1,349,0,349.0,Cash,Returning
ORD-2026354,2025-07-14,CUST-1141,Tanya Kapoor,South,Sports,Yoga Mat,2,699,10,1258.2,Credit Card,Returning
ORD-2026355,2025-07-14,CUST-1285,Ankit Joshi,South,Electronics,Smartwatch,4,2999,0,11996.0,Credit Card,New
ORD-2026356,2025-07-15,CUST-1134,Komal Patel,North,Home & Kitchen,LED Desk Lamp,1,799,20,639.2,Net Banking,Returning
ORD-2026357,2025-07-15,CUST-1114,Vivaan Malhotra,Central,Stationery,Gel Pen Pack,2,99,15,168.3,UPI,Returning
ORD-2026358,2025-07-15,CUST-1355,Aditya Joshi,North,Beauty,Herbal Shampoo,1,249,0,249.0,Debit Card,Returning
ORD-2026359,2025-07-15,CUST-1243,Aman Joshi,North,Apparel,Denim Jacket,2,1999,0,3998.0,Debit Card,Returning
ORD-2026360,2025-07-15,CUST-1271,Nandini Sharma,Central,Beauty,Herbal Shampoo,1,249,10,224.1,Debit Card,Returning
ORD-2026361,2025-07-15,CUST-1146,Tanya Patel,East,Electronics,Bluetooth Headphones,1,1799,15,1529.15,Credit Card,Returning
ORD-2026362,2025-07-15,CUST-1182,Swati Verma,West,Home & Kitchen,LED Desk Lamp,1,799,0,799.0,Net Banking,New
ORD-2026363,2025-07-15,CUST-1037,Aarav Gupta,South,Electronics,Bluetooth Headphones,1,1799,0,1799.0,Cash,Returning
ORD-2026364,2025-07-15,CUST-1228,Aarav Mehta,South,Electronics,Bluetooth Headphones,2,1799,0,3598.0,Credit Card,New
ORD-2026365,2025-07-16,CUST-1162,Aarav Kapoor,Central,Electronics,Smartwatch,2,2999,20,4798.4,Debit Card,Returning
ORD-2026366,2025-07-17,CUST-1247,Meera Malhotra,East,Apparel,Cotton T-Shirt,1,499,0,499.0,Debit Card,Returning
ORD-2026367,2025-07-17,CUST-1213,Ankit Patel,West,Sports,Yoga Mat,3,699,10,1887.3,Debit Card,Returning
ORD-2026368,2025-07-17,CUST-1391,Kunal Gupta,East,Home & Kitchen,LED Desk Lamp,1,799,10,719.1,Credit Card,New
ORD-2026369,2025-07-17,CUST-1246,Divya Verma,North,Apparel,Formal Shirt,1,899,0,899.0,Debit Card,Returning
ORD-2026370,2025-07-17,CUST-1175,Vivaan Kapoor,North,Groceries,Organic Honey 500g,1,349,5,331.55,Credit Card,Returning
ORD-2026371,2025-07-17,CUST-1343,Tanya Sharma,North,Beauty,Herbal Shampoo,3,249,0,747.0,Cash,New
ORD-2026372,2025-07-17,CUST-1236,Divya Mehta,South,Sports,Cricket Bat,2,1499,5,2848.1,Debit Card,Returning
ORD-2026373,2025-07-18,CUST-1377,Sakshi Patel,West,Electronics,Smartwatch,1,2999,15,2549.15,Cash,Returning
ORD-2026374,2025-07-18,CUST-1032,Shreya Mehta,East,Groceries,Basmati Rice 5kg,1,549,10,494.1,UPI,New
ORD-2026375,2025-07-18,CUST-1196,Aditya Patel,North,Apparel,Cotton T-Shirt,2,499,15,848.3,Debit Card,New
ORD-2026376,2025-07-18,CUST-1068,Isha Verma,East,Home & Kitchen,LED Desk Lamp,2,799,0,1598.0,Credit Card,New
ORD-2026377,2025-07-18,CUST-1145,Kunal Joshi,North,Stationery,Notebook Set,3,199,10,537.3,Debit Card,Returning
ORD-2026378,2025-07-18,CUST-1173,Ankit Gupta,Central,Apparel,Cotton T-Shirt,3,499,0,1497.0,Credit Card,Returning
ORD-2026379,2025-07-18,CUST-1056,Aarav Kapoor,West,Sports,Yoga Mat,4,699,0,2796.0,Cash,Returning
ORD-2026380,2025-07-18,CUST-1248,Meera Saxena,South,Sports,Cricket Bat,1,1499,0,1499.0,Credit Card,Returning
ORD-2026381,2025-07-19,CUST-1275,Tanya Singh,Central,Apparel,Formal Shirt,3,899,0,2697.0,Credit Card,Returning
ORD-2026382,2025-07-19,CUST-1292,Aman Singh,West,Beauty,Face Wash 100ml,1,299,0,299.0,Credit Card,Returning
ORD-2026383,2025-07-19,CUST-1138,Tanya Singh,Central,Apparel,Formal Shirt,1,899,20,719.2,Credit Card,New
ORD-2026384,2025-07-19,CUST-1186,Meera Verma,East,Stationery,Notebook Set,2,199,0,398.0,Cash,Returning
ORD-2026385,2025-07-19,CUST-1006,Sakshi Singh,Central,Beauty,Herbal Shampoo,1,249,10,224.1,UPI,Returning
ORD-2026386,2025-07-19,CUST-1326,Rohan Verma,West,Stationery,Gel Pen Pack,1,99,0,99.0,Credit Card,New
ORD-2026387,2025-07-19,CUST-1335,Divya Saxena,East,Electronics,Wireless Mouse,1,599,5,569.05,Debit Card,Returning
ORD-2026388,2025-07-19,CUST-1290,Kabir Mehta,North,Groceries,Basmati Rice 5kg,1,549,0,549.0,Credit Card,Returning
ORD-2026389,2025-07-20,CUST-1107,Isha Sharma,East,Electronics,Wireless Mouse,3,599,0,1797.0,Debit Card,New
ORD-2026390,2025-07-20,CUST-1337,Rahul Patel,West,Beauty,Herbal Shampoo,3,249,15,634.95,Net Banking,Returning
ORD-2026391,2025-07-20,CUST-1020,Rohan Malhotra,West,Beauty,Face Wash 100ml,2,299,5,568.1,Debit Card,Returning
ORD-2026392,2025-07-20,CUST-1141,Tanya Kapoor,South,Sports,Cricket Bat,2,1499,0,2998.0,Credit Card,Returning
ORD-2026393,2025-07-20,CUST-1173,Ankit Gupta,North,Apparel,Cotton T-Shirt,1,499,5,474.05,UPI,Returning
ORD-2026394,2025-07-20,CUST-1333,Aarav Gupta,South,Home & Kitchen,Non-stick Pan Set,1,1299,0,1299.0,Net Banking,Returning
ORD-2026395,2025-07-20,CUST-1049,Kunal Gupta,East,Groceries,Basmati Rice 5kg,3,549,15,1399.95,Cash,Returning
ORD-2026396,2025-07-20,CUST-1399,Vivaan Verma,North,Electronics,Bluetooth Headphones,1,1799,0,1799.0,Debit Card,Returning
ORD-2026397,2025-07-20,CUST-1352,Nandini Mehta,West,Beauty,Face Wash 100ml,2,299,15,508.3,Credit Card,Returning
ORD-2026398,2025-07-21,CUST-1235,Meera Verma,North,Electronics,Bluetooth Headphones,1,1799,20,1439.2,Net Banking,Returning
ORD-2026399,2025-07-21,CUST-1216,Meera Malhotra,Central,Sports,Yoga Mat,1,699,0,699.0,UPI,Returning
ORD-2026400,2025-07-21,CUST-1265,Muskan Singh,North,Sports,Yoga Mat,1,699,0,699.0,UPI,Returning
ORD-2026401,2025-07-21,CUST-1121,Rahul Kapoor,Central,Apparel,Cotton T-Shirt,1,499,15,424.15,UPI,Returning
ORD-2026402,2025-07-21,CUST-1067,Nandini Gupta,West,Stationery,Gel Pen Pack,1,99,0,99.0,Debit Card,Returning
ORD-2026403,2025-07-21,CUST-1120,Divya Kapoor,South,Groceries,Basmati Rice 5kg,3,549,0,1647.0,Debit Card,Returning
ORD-2026404,2025-07-21,CUST-1189,Vivaan Mehta,North,Sports,Yoga Mat,3,699,0,2097.0,Debit Card,New
ORD-2026405,2025-07-22,CUST-1310,Meera Patel,East,Beauty,Herbal Shampoo,2,249,0,498.0,Debit Card,Returning
ORD-2026406,2025-07-22,CUST-1249,Kabir Sharma,Central,Groceries,Basmati Rice 5kg,3,549,0,1647.0,Cash,New
ORD-2026407,2025-07-23,CUST-1297,Sakshi Kapoor,North,Stationery,Notebook Set,2,199,0,398.0,Credit Card,Returning
ORD-2026408,2025-07-23,CUST-1044,Swati Saxena,North,Home & Kitchen,Non-stick Pan Set,1,1299,20,1039.2,Net Banking,Returning
ORD-2026409,2025-07-23,CUST-1172,Nandini Saxena,Central,Home & Kitchen,Non-stick Pan Set,3,1299,0,3897.0,Cash,New
ORD-2026410,2025-07-23,CUST-1321,Isha Mehta,South,Beauty,Face Wash 100ml,3,299,0,897.0,Debit Card,Returning
ORD-2026411,2025-07-23,CUST-1036,Nandini Mehta,North,Stationery,Notebook Set,1,199,10,179.1,Credit Card,New
ORD-2026412,2025-07-24,CUST-1206,Aditya Gupta,West,Sports,Cricket Bat,5,1499,10,6745.5,Cash,Returning
ORD-2026413,2025-07-24,CUST-1211,Rohan Sharma,South,Apparel,Formal Shirt,1,899,5,854.05,UPI,Returning
ORD-2026414,2025-07-24,CUST-1367,Aman Saxena,East,Stationery,Gel Pen Pack,1,99,15,84.15,UPI,New
ORD-2026415,2025-07-24,CUST-1242,Sakshi Malhotra,Central,Sports,Cricket Bat,5,1499,0,7495.0,UPI,Returning
ORD-2026416,2025-07-25,CUST-1108,Kunal Patel,West,Groceries,Basmati Rice 5kg,2,549,5,1043.1,Credit Card,Returning
ORD-2026417,2025-07-25,CUST-1126,Divya Sharma,North,Groceries,Basmati Rice 5kg,3,549,0,1647.0,Cash,Returning
ORD-2026418,2025-07-25,CUST-1145,Kunal Joshi,East,Electronics,Wireless Mouse,1,599,5,569.05,Debit Card,Returning
ORD-2026419,2025-07-25,CUST-1097,Rohan Verma,East,Groceries,Organic Honey 500g,3,349,20,837.6,Debit Card,Returning
ORD-2026420,2025-07-26,CUST-1236,Divya Mehta,North,Electronics,Bluetooth Headphones,4,1799,15,6116.6,UPI,New
ORD-2026421,2025-07-26,CUST-1110,Aman Malhotra,North,Apparel,Cotton T-Shirt,4,499,20,1596.8,Debit Card,New
ORD-2026422,2025-07-26,CUST-1360,Muskan Singh,Central,Stationery,Notebook Set,1,199,0,199.0,Credit Card,Returning
ORD-2026423,2025-07-26,CUST-1264,Vivaan Malhotra,North,Apparel,Formal Shirt,1,899,0,899.0,UPI,New
ORD-2026424,2025-07-26,CUST-1167,Nandini Verma,West,Electronics,Bluetooth Headphones,1,1799,0,1799.0,Cash,Returning
ORD-2026425,2025-07-26,CUST-1374,Isha Sharma,Central,Home & Kitchen,LED Desk Lamp,2,799,0,1598.0,Credit Card,New
ORD-2026426,2025-07-26,CUST-1353,Vivaan Gupta,West,Beauty,Herbal Shampoo,1,249,20,199.2,Debit Card,New
ORD-2026427,2025-07-26,CUST-1287,Divya Kapoor,South,Home & Kitchen,Non-stick Pan Set,3,1299,10,3507.3,UPI,New
ORD-2026428,2025-07-27,CUST-1088,Arjun Patel,East,Apparel,Denim Jacket,1,1999,0,1999.0,Credit Card,New
ORD-2026429,2025-07-27,CUST-1296,Vivaan Kapoor,Central,Stationery,Notebook Set,2,199,15,338.3,Debit Card,Returning
ORD-2026430,2025-07-27,CUST-1312,Sakshi Saxena,Central,Apparel,Formal Shirt,1,899,15,764.15,Debit Card,New
ORD-2026431,2025-07-27,CUST-1388,Aarav Saxena,Central,Electronics,Wireless Mouse,3,599,15,1527.45,Credit Card,Returning
ORD-2026432,2025-07-27,CUST-1244,Meera Gupta,South,Beauty,Herbal Shampoo,1,249,15,211.65,Credit Card,Returning
ORD-2026433,2025-07-27,CUST-1250,Shreya Saxena,East,Home & Kitchen,Non-stick Pan Set,1,1299,0,1299.0,Cash,Returning
ORD-2026434,2025-07-27,CUST-1049,Kunal Gupta,East,Apparel,Cotton T-Shirt,5,499,15,2120.75,Credit Card,New
ORD-2026435,2025-07-27,CUST-1199,Sakshi Saxena,Central,Beauty,Herbal Shampoo,3,249,0,747.0,UPI,Returning
ORD-2026436,2025-07-27,CUST-1016,Arjun Kapoor,South,Stationery,Gel Pen Pack,3,99,0,297.0,Cash,New
ORD-2026437,2025-07-27,CUST-1215,Arjun Singh,West,Beauty,Herbal Shampoo,3,249,20,597.6,UPI,New
ORD-2026438,2025-07-27,CUST-1223,Meera Saxena,Central,Apparel,Cotton T-Shirt,2,499,0,998.0,Net Banking,Returning
ORD-2026439,2025-07-27,CUST-1268,Aman Verma,East,Stationery,Gel Pen Pack,2,99,0,198.0,Debit Card,Returning
ORD-2026440,2025-07-28,CUST-1283,Aditya Mehta,South,Electronics,Bluetooth Headphones,1,1799,0,1799.0,Credit Card,Returning
ORD-2026441,2025-07-28,CUST-1214,Rohan Sharma,West,Apparel,Formal Shirt,3,899,10,2427.3,UPI,New
ORD-2026442,2025-07-29,CUST-1054,Kunal Patel,South,Electronics,Smartwatch,1,2999,5,2849.05,Cash,New
ORD-2026443,2025-07-29,CUST-1368,Isha Patel,East,Electronics,Smartwatch,1,2999,15,2549.15,Credit Card,Returning
ORD-2026444,2025-07-29,CUST-1015,Swati Joshi,North,Sports,Yoga Mat,2,699,15,1188.3,Debit Card,New
ORD-2026445,2025-07-29,CUST-1330,Nandini Gupta,South,Beauty,Herbal Shampoo,1,249,0,249.0,UPI,New
ORD-2026446,2025-07-29,CUST-1019,Aarav Joshi,East,Home & Kitchen,Non-stick Pan Set,1,1299,15,1104.15,UPI,Returning
ORD-2026447,2025-07-29,CUST-1083,Komal Kapoor,East,Electronics,Bluetooth Headphones,2,1799,0,3598.0,Credit Card,New
ORD-2026448,2025-07-29,CUST-1125,Muskan Malhotra,North,Groceries,Organic Honey 500g,1,349,5,331.55,Credit Card,New
ORD-2026449,2025-07-29,CUST-1223,Meera Saxena,South,Home & Kitchen,LED Desk Lamp,3,799,10,2157.3,Cash,New
ORD-2026450,2025-07-29,CUST-1247,Meera Malhotra,West,Stationery,Gel Pen Pack,2,99,0,198.0,Debit Card,Returning
ORD-2026451,2025-07-29,CUST-1359,Arjun Mehta,East,Groceries,Organic Honey 500g,1,349,0,349.0,Credit Card,Returning
ORD-2026452,2025-07-29,CUST-1061,Muskan Patel,West,Apparel,Cotton T-Shirt,1,499,0,499.0,UPI,Returning
ORD-2026453,2025-07-30,CUST-1066,Kunal Verma,East,Home & Kitchen,LED Desk Lamp,1,799,10,719.1,Cash,Returning
ORD-2026454,2025-07-30,CUST-1210,Meera Sharma,South,Apparel,Denim Jacket,1,1999,0,1999.0,Debit Card,Returning
ORD-2026455,2025-07-31,CUST-1043,Divya Kapoor,Central,Home & Kitchen,LED Desk Lamp,3,799,5,2277.15,Credit Card,New
ORD-2026456,2025-07-31,CUST-1275,Tanya Singh,West,Stationery,Notebook Set,1,199,20,159.2,Credit Card,Returning
ORD-2026457,2025-07-31,CUST-1041,Divya Malhotra,South,Groceries,Organic Honey 500g,1,349,0,349.0,Debit Card,New
ORD-2026458,2025-07-31,CUST-1247,Meera Malhotra,West,Home & Kitchen,Non-stick Pan Set,2,1299,5,2468.1,Net Banking,New
ORD-2026459,2025-07-31,CUST-1390,Rahul Saxena,West,Stationery,Notebook Set,2,199,10,358.2,Debit Card,Returning
ORD-2026460,2025-07-31,CUST-1290,Kabir Mehta,South,Groceries,Basmati Rice 5kg,1,549,0,549.0,UPI,New
ORD-2026461,2025-07-31,CUST-1167,Nandini Verma,East,Home & Kitchen,LED Desk Lamp,1,799,20,639.2,UPI,Returning
ORD-2026462,2025-07-31,CUST-1331,Arjun Singh,Central,Sports,Yoga Mat,1,699,10,629.1,UPI,Returning
ORD-2026463,2025-08-01,CUST-1341,Meera Patel,East,Home & Kitchen,Non-stick Pan Set,1,1299,0,1299.0,Cash,New
ORD-2026464,2025-08-01,CUST-1056,Aarav Kapoor,Central,Home & Kitchen,LED Desk Lamp,2,799,0,1598.0,UPI,New
ORD-2026465,2025-08-01,CUST-1252,Arjun Singh,East,Electronics,Bluetooth Headphones,5,1799,0,8995.0,Debit Card,New
ORD-2026466,2025-08-01,CUST-1297,Sakshi Kapoor,South,Groceries,Basmati Rice 5kg,1,549,15,466.65,UPI,Returning
ORD-2026467,2025-08-01,CUST-1345,Tanya Verma,West,Stationery,Notebook Set,1,199,15,169.15,UPI,Returning
ORD-2026468,2025-08-01,CUST-1235,Meera Verma,East,Sports,Yoga Mat,2,699,0,1398.0,UPI,New
ORD-2026469,2025-08-01,CUST-1197,Rahul Verma,West,Stationery,Gel Pen Pack,2,99,15,168.3,Credit Card,New
ORD-2026470,2025-08-02,CUST-1199,Sakshi Saxena,Central,Beauty,Herbal Shampoo,2,249,0,498.0,UPI,New
ORD-2026471,2025-08-02,CUST-1052,Meera Verma,East,Sports,Yoga Mat,1,699,10,629.1,Net Banking,Returning
ORD-2026472,2025-08-02,CUST-1027,Aditya Gupta,North,Electronics,Bluetooth Headphones,1,1799,10,1619.1,UPI,New
ORD-2026473,2025-08-02,CUST-1312,Sakshi Saxena,East,Stationery,Gel Pen Pack,1,99,0,99.0,UPI,Returning
ORD-2026474,2025-08-02,CUST-1029,Swati Patel,South,Home & Kitchen,Non-stick Pan Set,1,1299,10,1169.1,Credit Card,Returning
ORD-2026475,2025-08-02,CUST-1080,Kabir Sharma,West,Apparel,Cotton T-Shirt,1,499,0,499.0,Cash,Returning
ORD-2026476,2025-08-03,CUST-1143,Muskan Saxena,South,Apparel,Formal Shirt,4,899,20,2876.8,Cash,Returning
ORD-2026477,2025-08-03,CUST-1031,Kabir Malhotra,North,Apparel,Cotton T-Shirt,1,499,20,399.2,Debit Card,Returning
ORD-2026478,2025-08-03,CUST-1081,Nandini Verma,South,Beauty,Face Wash 100ml,5,299,10,1345.5,Credit Card,New
ORD-2026479,2025-08-03,CUST-1329,Swati Gupta,Central,Electronics,Bluetooth Headphones,1,1799,5,1709.05,UPI,Returning
ORD-2026480,2025-08-04,CUST-1306,Sakshi Malhotra,North,Beauty,Herbal Shampoo,2,249,10,448.2,UPI,Returning
ORD-2026481,2025-08-04,CUST-1240,Sakshi Patel,West,Home & Kitchen,LED Desk Lamp,1,799,0,799.0,Cash,Returning
ORD-2026482,2025-08-04,CUST-1053,Vivaan Malhotra,North,Sports,Cricket Bat,4,1499,15,5096.6,Debit Card,Returning
ORD-2026483,2025-08-04,CUST-1123,Shreya Gupta,South,Electronics,Bluetooth Headphones,5,1799,0,8995.0,UPI,New
ORD-2026484,2025-08-04,CUST-1182,Swati Verma,Central,Sports,Cricket Bat,2,1499,10,2698.2,Credit Card,Returning
ORD-2026485,2025-08-04,CUST-1228,Aarav Mehta,North,Sports,Cricket Bat,1,1499,0,1499.0,Credit Card,New
ORD-2026486,2025-08-04,CUST-1296,Vivaan Kapoor,West,Sports,Yoga Mat,1,699,0,699.0,UPI,Returning
ORD-2026487,2025-08-04,CUST-1104,Nandini Saxena,East,Stationery,Gel Pen Pack,1,99,20,79.2,Debit Card,Returning
ORD-2026488,2025-08-05,CUST-1219,Sakshi Patel,West,Stationery,Notebook Set,3,199,20,477.6,Debit Card,Returning
ORD-2026489,2025-08-05,CUST-1078,Kabir Malhotra,South,Electronics,Smartwatch,1,2999,15,2549.15,Debit Card,Returning
ORD-2026490,2025-08-05,CUST-1243,Aman Joshi,Central,Apparel,Formal Shirt,2,899,10,1618.2,Credit Card,Returning
ORD-2026491,2025-08-05,CUST-1081,Nandini Verma,East,Groceries,Organic Honey 500g,1,349,0,349.0,Debit Card,Returning
ORD-2026492,2025-08-05,CUST-1151,Aman Patel,Central,Electronics,Wireless Mouse,1,599,10,539.1,Debit Card,Returning
ORD-2026493,2025-08-05,CUST-1260,Ankit Verma,East,Groceries,Basmati Rice 5kg,4,549,20,1756.8,Credit Card,New
ORD-2026494,2025-08-05,CUST-1211,Rohan Sharma,North,Home & Kitchen,Non-stick Pan Set,1,1299,10,1169.1,Debit Card,New
ORD-2026495,2025-08-05,CUST-1106,Ankit Saxena,West,Sports,Cricket Bat,2,1499,0,2998.0,UPI,Returning
ORD-2026496,2025-08-05,CUST-1360,Muskan Singh,South,Home & Kitchen,LED Desk Lamp,1,799,20,639.2,UPI,Returning
ORD-2026497,2025-08-06,CUST-1289,Kunal Verma,West,Beauty,Herbal Shampoo,2,249,20,398.4,Cash,Returning
ORD-2026498,2025-08-06,CUST-1395,Rahul Verma,East,Apparel,Cotton T-Shirt,1,499,10,449.1,UPI,Returning
ORD-2026499,2025-08-07,CUST-1102,Aarav Patel,South,Stationery,Gel Pen Pack,3,99,0,297.0,UPI,New
ORD-2026500,2025-08-07,CUST-1360,Muskan Singh,East,Beauty,Herbal Shampoo,1,249,10,224.1,Net Banking,Returning
ORD-2026501,2025-08-07,CUST-1064,Ankit Mehta,East,Electronics,Wireless Mouse,2,599,0,1198.0,UPI,Returning
ORD-2026502,2025-08-08,CUST-1113,Swati Saxena,South,Sports,Cricket Bat,1,1499,20,1199.2,UPI,New
ORD-2026503,2025-08-08,CUST-1200,Swati Saxena,North,Beauty,Face Wash 100ml,3,299,0,897.0,Credit Card,Returning
ORD-2026504,2025-08-08,CUST-1181,Kunal Sharma,South,Groceries,Organic Honey 500g,1,349,0,349.0,Debit Card,New
ORD-2026505,2025-08-09,CUST-1198,Vivaan Joshi,East,Sports,Cricket Bat,2,1499,0,2998.0,Debit Card,New
ORD-2026506,2025-08-09,CUST-1351,Tanya Mehta,East,Groceries,Organic Honey 500g,4,349,10,1256.4,Net Banking,Returning
ORD-2026507,2025-08-09,CUST-1017,Aarav Verma,East,Apparel,Cotton T-Shirt,3,499,15,1272.45,UPI,Returning
ORD-2026508,2025-08-09,CUST-1215,Arjun Singh,Central,Electronics,Smartwatch,1,2999,15,2549.15,Debit Card,New
ORD-2026509,2025-08-09,CUST-1250,Shreya Saxena,South,Stationery,Notebook Set,3,199,0,597.0,Net Banking,New
ORD-2026510,2025-08-09,CUST-1142,Divya Singh,East,Stationery,Gel Pen Pack,4,99,15,336.6,Credit Card,Returning
ORD-2026511,2025-08-09,CUST-1376,Kunal Kapoor,North,Home & Kitchen,LED Desk Lamp,1,799,0,799.0,Cash,New
ORD-2026512,2025-08-10,CUST-1025,Aditya Singh,West,Beauty,Herbal Shampoo,2,249,10,448.2,UPI,Returning
ORD-2026513,2025-08-10,CUST-1033,Meera Joshi,North,Electronics,Smartwatch,1,2999,0,2999.0,Debit Card,New
ORD-2026514,2025-08-10,CUST-1159,Isha Kapoor,West,Apparel,Denim Jacket,1,1999,0,1999.0,Credit Card,Returning
ORD-2026515,2025-08-10,CUST-1105,Rohan Singh,East,Apparel,Formal Shirt,2,899,0,1798.0,Debit Card,Returning
ORD-2026516,2025-08-10,CUST-1232,Aman Patel,West,Sports,Cricket Bat,1,1499,0,1499.0,UPI,New
ORD-2026517,2025-08-10,CUST-1308,Shreya Sharma,Central,Electronics,Bluetooth Headphones,1,1799,0,1799.0,UPI,New
ORD-2026518,2025-08-10,CUST-1036,Nandini Mehta,West,Sports,Cricket Bat,1,1499,5,1424.05,UPI,Returning
ORD-2026519,2025-08-11,CUST-1138,Tanya Singh,North,Beauty,Herbal Shampoo,1,249,10,224.1,Credit Card,New
ORD-2026520,2025-08-11,CUST-1004,Tanya Malhotra,Central,Apparel,Formal Shirt,2,899,20,1438.4,Credit Card,Returning
ORD-2026521,2025-08-11,CUST-1297,Sakshi Kapoor,West,Electronics,Wireless Mouse,1,599,10,539.1,UPI,New
ORD-2026522,2025-08-11,CUST-1143,Muskan Saxena,Central,Apparel,Formal Shirt,2,899,0,1798.0,Credit Card,Returning
ORD-2026523,2025-08-11,CUST-1271,Nandini Sharma,South,Groceries,Organic Honey 500g,2,349,5,663.1,Debit Card,Returning
ORD-2026524,2025-08-11,CUST-1365,Meera Singh,East,Electronics,Bluetooth Headphones,2,1799,5,3418.1,UPI,New
ORD-2026525,2025-08-12,CUST-1135,Shreya Joshi,Central,Apparel,Denim Jacket,3,1999,0,5997.0,Debit Card,New
ORD-2026526,2025-08-12,CUST-1272,Aarav Saxena,Central,Electronics,Wireless Mouse,3,599,10,1617.3,Debit Card,New
ORD-2026527,2025-08-12,CUST-1179,Nandini Saxena,East,Beauty,Herbal Shampoo,3,249,0,747.0,Credit Card,Returning
ORD-2026528,2025-08-12,CUST-1179,Nandini Saxena,West,Electronics,Wireless Mouse,2,599,0,1198.0,Credit Card,Returning
ORD-2026529,2025-08-12,CUST-1304,Kunal Saxena,Central,Home & Kitchen,LED Desk Lamp,1,799,0,799.0,Debit Card,New
ORD-2026530,2025-08-12,CUST-1232,Aman Patel,Central,Sports,Cricket Bat,1,1499,5,1424.05,UPI,Returning
ORD-2026531,2025-08-12,CUST-1349,Rohan Mehta,East,Beauty,Herbal Shampoo,5,249,0,1245.0,Net Banking,Returning
ORD-2026532,2025-08-12,CUST-1352,Nandini Mehta,Central,Stationery,Notebook Set,1,199,20,159.2,Net Banking,New
ORD-2026533,2025-08-12,CUST-1027,Aditya Gupta,South,Home & Kitchen,Non-stick Pan Set,3,1299,15,3312.45,UPI,New
ORD-2026534,2025-08-12,CUST-1262,Kunal Joshi,North,Beauty,Face Wash 100ml,4,299,0,1196.0,Debit Card,Returning
ORD-2026535,2025-08-12,CUST-1234,Meera Sharma,Central,Groceries,Basmati Rice 5kg,2,549,10,988.2,UPI,New
ORD-2026536,2025-08-12,CUST-1052,Meera Verma,Central,Stationery,Notebook Set,1,199,5,189.05,Cash,Returning
ORD-2026537,2025-08-12,CUST-1207,Rohan Malhotra,East,Groceries,Basmati Rice 5kg,1,549,15,466.65,Credit Card,Returning
ORD-2026538,2025-08-12,CUST-1271,Nandini Sharma,West,Sports,Yoga Mat,1,699,0,699.0,UPI,New
ORD-2026539,2025-08-13,CUST-1039,Aarav Joshi,East,Home & Kitchen,Non-stick Pan Set,1,1299,10,1169.1,Cash,Returning
ORD-2026540,2025-08-13,CUST-1019,Aarav Joshi,North,Apparel,Formal Shirt,1,899,20,719.2,Net Banking,New
ORD-2026541,2025-08-13,CUST-1372,Vivaan Singh,North,Apparel,Denim Jacket,4,1999,0,7996.0,Debit Card,New
ORD-2026542,2025-08-14,CUST-1283,Aditya Mehta,South,Stationery,Notebook Set,5,199,15,845.75,Debit Card,Returning
ORD-2026543,2025-08-14,CUST-1309,Meera Verma,East,Home & Kitchen,LED Desk Lamp,1,799,15,679.15,UPI,Returning
ORD-2026544,2025-08-14,CUST-1202,Isha Verma,West,Apparel,Cotton T-Shirt,1,499,10,449.1,Debit Card,Returning
ORD-2026545,2025-08-14,CUST-1275,Tanya Singh,South,Apparel,Formal Shirt,1,899,10,809.1,Credit Card,Returning
ORD-2026546,2025-08-14,CUST-1332,Rahul Malhotra,East,Sports,Cricket Bat,2,1499,5,2848.1,Debit Card,Returning
ORD-2026547,2025-08-14,CUST-1131,Aarav Sharma,North,Groceries,Basmati Rice 5kg,1,549,0,549.0,Cash,Returning
ORD-2026548,2025-08-14,CUST-1273,Aman Saxena,South,Sports,Cricket Bat,3,1499,20,3597.6,UPI,Returning
ORD-2026549,2025-08-14,CUST-1109,Kabir Mehta,East,Electronics,Bluetooth Headphones,2,1799,20,2878.4,Debit Card,Returning
ORD-2026550,2025-08-14,CUST-1014,Vivaan Kapoor,Central,Apparel,Cotton T-Shirt,1,499,0,499.0,Cash,Returning
ORD-2026551,2025-08-15,CUST-1222,Sakshi Sharma,West,Electronics,Smartwatch,4,2999,5,11396.2,UPI,Returning
ORD-2026552,2025-08-15,CUST-1079,Komal Mehta,Central,Groceries,Basmati Rice 5kg,3,549,20,1317.6,Debit Card,Returning
ORD-2026553,2025-08-15,CUST-1347,Ankit Joshi,West,Beauty,Face Wash 100ml,1,299,0,299.0,UPI,New
ORD-2026554,2025-08-15,CUST-1212,Komal Joshi,Central,Electronics,Wireless Mouse,2,599,15,1018.3,UPI,New
ORD-2026555,2025-08-15,CUST-1199,Sakshi Saxena,East,Sports,Yoga Mat,1,699,0,699.0,Debit Card,New
ORD-2026556,2025-08-15,CUST-1144,Divya Mehta,West,Stationery,Notebook Set,1,199,20,159.2,Debit Card,New
ORD-2026557,2025-08-15,CUST-1053,Vivaan Malhotra,North,Electronics,Smartwatch,1,2999,0,2999.0,UPI,Returning
ORD-2026558,2025-08-15,CUST-1337,Rahul Patel,East,Electronics,Smartwatch,1,2999,0,2999.0,UPI,New
ORD-2026559,2025-08-15,CUST-1361,Vivaan Kapoor,North,Apparel,Formal Shirt,3,899,10,2427.3,Debit Card,New
ORD-2026560,2025-08-15,CUST-1189,Vivaan Mehta,South,Stationery,Notebook Set,3,199,10,537.3,Credit Card,Returning
ORD-2026561,2025-08-15,CUST-1064,Ankit Mehta,West,Groceries,Organic Honey 500g,1,349,15,296.65,Debit Card,Returning
ORD-2026562,2025-08-15,CUST-1277,Vivaan Sharma,South,Electronics,Wireless Mouse,3,599,15,1527.45,Debit Card,New
ORD-2026563,2025-08-16,CUST-1323,Muskan Verma,West,Apparel,Formal Shirt,3,899,10,2427.3,Credit Card,New
ORD-2026564,2025-08-16,CUST-1340,Aman Kapoor,Central,Beauty,Face Wash 100ml,1,299,20,239.2,UPI,New
ORD-2026565,2025-08-16,CUST-1229,Vivaan Singh,South,Stationery,Notebook Set,2,199,15,338.3,Credit Card,New
ORD-2026566,2025-08-16,CUST-1321,Isha Mehta,East,Groceries,Basmati Rice 5kg,2,549,10,988.2,Debit Card,New
ORD-2026567,2025-08-16,CUST-1006,Sakshi Singh,West,Electronics,Wireless Mouse,2,599,20,958.4,UPI,New
ORD-2026568,2025-08-16,CUST-1363,Arjun Joshi,West,Electronics,Bluetooth Headphones,2,1799,0,3598.0,UPI,New
ORD-2026569,2025-08-17,CUST-1107,Isha Sharma,West,Groceries,Basmati Rice 5kg,3,549,20,1317.6,UPI,New
ORD-2026570,2025-08-17,CUST-1394,Tanya Malhotra,Central,Apparel,Denim Jacket,1,1999,0,1999.0,UPI,Returning
ORD-2026571,2025-08-17,CUST-1175,Vivaan Kapoor,North,Beauty,Face Wash 100ml,2,299,20,478.4,Credit Card,Returning
ORD-2026572,2025-08-17,CUST-1308,Shreya Sharma,South,Electronics,Smartwatch,3,2999,20,7197.6,UPI,New
ORD-2026573,2025-08-17,CUST-1009,Shreya Gupta,East,Sports,Yoga Mat,1,699,0,699.0,Cash,New
ORD-2026574,2025-08-17,CUST-1295,Tanya Singh,South,Beauty,Herbal Shampoo,2,249,15,423.3,Debit Card,Returning
ORD-2026575,2025-08-17,CUST-1266,Vivaan Kapoor,South,Home & Kitchen,LED Desk Lamp,1,799,0,799.0,UPI,Returning
ORD-2026576,2025-08-17,CUST-1070,Vivaan Mehta,Central,Apparel,Formal Shirt,2,899,0,1798.0,Credit Card,New
ORD-2026577,2025-08-17,CUST-1376,Kunal Kapoor,Central,Groceries,Basmati Rice 5kg,2,549,0,1098.0,UPI,Returning
ORD-2026578,2025-08-17,CUST-1005,Rohan Malhotra,Central,Home & Kitchen,LED Desk Lamp,1,799,0,799.0,UPI,Returning
ORD-2026579,2025-08-17,CUST-1117,Aman Saxena,Central,Sports,Yoga Mat,1,699,5,664.05,Cash,New
ORD-2026580,2025-08-18,CUST-1277,Vivaan Sharma,South,Electronics,Wireless Mouse,1,599,0,599.0,Net Banking,Returning
ORD-2026581,2025-08-18,CUST-1345,Tanya Verma,South,Home & Kitchen,Non-stick Pan Set,1,1299,20,1039.2,Debit Card,Returning
ORD-2026582,2025-08-18,CUST-1051,Rohan Patel,West,Electronics,Smartwatch,1,2999,0,2999.0,Credit Card,New
ORD-2026583,2025-08-18,CUST-1329,Swati Gupta,Central,Home & Kitchen,Non-stick Pan Set,5,1299,0,6495.0,UPI,Returning
ORD-2026584,2025-08-18,CUST-1251,Aarav Singh,East,Beauty,Face Wash 100ml,2,299,0,598.0,UPI,Returning
ORD-2026585,2025-08-18,CUST-1325,Aarav Saxena,West,Apparel,Cotton T-Shirt,1,499,0,499.0,Credit Card,New
ORD-2026586,2025-08-18,CUST-1191,Nandini Malhotra,South,Groceries,Organic Honey 500g,2,349,5,663.1,UPI,New
ORD-2026587,2025-08-18,CUST-1262,Kunal Joshi,Central,Electronics,Wireless Mouse,1,599,20,479.2,Credit Card,New
ORD-2026588,2025-08-18,CUST-1050,Rohan Gupta,East,Sports,Cricket Bat,1,1499,0,1499.0,Net Banking,Returning
ORD-2026589,2025-08-19,CUST-1133,Kunal Mehta,North,Beauty,Herbal Shampoo,1,249,0,249.0,Net Banking,New
ORD-2026590,2025-08-19,CUST-1272,Aarav Saxena,Central,Beauty,Herbal Shampoo,4,249,0,996.0,UPI,New
ORD-2026591,2025-08-19,CUST-1054,Kunal Patel,West,Groceries,Basmati Rice 5kg,1,549,10,494.1,Credit Card,Returning
ORD-2026592,2025-08-19,CUST-1365,Meera Singh,East,Apparel,Denim Jacket,1,1999,15,1699.15,Cash,New
ORD-2026593,2025-08-19,CUST-1036,Nandini Mehta,Central,Electronics,Bluetooth Headphones,4,1799,10,6476.4,Net Banking,New
ORD-2026594,2025-08-20,CUST-1193,Komal Saxena,North,Sports,Cricket Bat,2,1499,0,2998.0,UPI,Returning
ORD-2026595,2025-08-20,CUST-1359,Arjun Mehta,Central,Home & Kitchen,LED Desk Lamp,1,799,0,799.0,Credit Card,Returning
ORD-2026596,2025-08-20,CUST-1086,Nandini Verma,West,Apparel,Denim Jacket,4,1999,5,7596.2,Debit Card,New
ORD-2026597,2025-08-20,CUST-1123,Shreya Gupta,North,Stationery,Gel Pen Pack,3,99,0,297.0,Debit Card,Returning
ORD-2026598,2025-08-20,CUST-1223,Meera Saxena,South,Beauty,Face Wash 100ml,2,299,10,538.2,UPI,Returning
ORD-2026599,2025-08-21,CUST-1171,Ankit Verma,South,Electronics,Wireless Mouse,3,599,10,1617.3,Debit Card,New
ORD-2026600,2025-08-21,CUST-1008,Meera Saxena,South,Electronics,Smartwatch,1,2999,5,2849.05,Debit Card,New
ORD-2026601,2025-08-21,CUST-1136,Kunal Patel,Central,Electronics,Wireless Mouse,2,599,20,958.4,Cash,Returning
ORD-2026602,2025-08-21,CUST-1322,Rahul Sharma,South,Home & Kitchen,Non-stick Pan Set,2,1299,0,2598.0,UPI,New
ORD-2026603,2025-08-21,CUST-1328,Arjun Verma,North,Stationery,Gel Pen Pack,1,99,5,94.05,Cash,New
ORD-2026604,2025-08-21,CUST-1298,Aarav Singh,East,Apparel,Denim Jacket,1,1999,0,1999.0,Debit Card,Returning
ORD-2026605,2025-08-22,CUST-1184,Rahul Joshi,Central,Electronics,Smartwatch,2,2999,0,5998.0,UPI,Returning
ORD-2026606,2025-08-22,CUST-1363,Arjun Joshi,Central,Electronics,Bluetooth Headphones,1,1799,15,1529.15,Debit Card,Returning
ORD-2026607,2025-08-22,CUST-1361,Vivaan Kapoor,Central,Home & Kitchen,LED Desk Lamp,2,799,0,1598.0,Cash,Returning
ORD-2026608,2025-08-22,CUST-1290,Kabir Mehta,North,Electronics,Bluetooth Headphones,4,1799,20,5756.8,Debit Card,New
ORD-2026609,2025-08-22,CUST-1260,Ankit Verma,West,Sports,Yoga Mat,2,699,5,1328.1,Debit Card,Returning
ORD-2026610,2025-08-23,CUST-1029,Swati Patel,West,Stationery,Gel Pen Pack,4,99,20,316.8,Debit Card,New
ORD-2026611,2025-08-23,CUST-1353,Vivaan Gupta,East,Home & Kitchen,LED Desk Lamp,3,799,0,2397.0,Credit Card,New
ORD-2026612,2025-08-23,CUST-1377,Sakshi Patel,South,Stationery,Notebook Set,1,199,10,179.1,Cash,Returning
ORD-2026613,2025-08-23,CUST-1353,Vivaan Gupta,North,Sports,Cricket Bat,1,1499,20,1199.2,UPI,Returning
ORD-2026614,2025-08-23,CUST-1292,Aman Singh,North,Electronics,Wireless Mouse,2,599,0,1198.0,UPI,New
ORD-2026615,2025-08-23,CUST-1269,Kunal Verma,Central,Home & Kitchen,Non-stick Pan Set,1,1299,0,1299.0,Credit Card,New
ORD-2026616,2025-08-23,CUST-1364,Rahul Malhotra,East,Apparel,Cotton T-Shirt,1,499,0,499.0,UPI,Returning
ORD-2026617,2025-08-23,CUST-1383,Aman Gupta,Central,Sports,Cricket Bat,2,1499,0,2998.0,Credit Card,Returning
ORD-2026618,2025-08-23,CUST-1135,Shreya Joshi,North,Sports,Yoga Mat,2,699,0,1398.0,Cash,Returning
ORD-2026619,2025-08-23,CUST-1257,Shreya Saxena,Central,Electronics,Wireless Mouse,2,599,0,1198.0,Cash,New
ORD-2026620,2025-08-23,CUST-1197,Rahul Verma,East,Groceries,Basmati Rice 5kg,2,549,0,1098.0,Debit Card,Returning
ORD-2026621,2025-08-23,CUST-1255,Aman Gupta,Central,Apparel,Cotton T-Shirt,2,499,0,998.0,Net Banking,New
ORD-2026622,2025-08-24,CUST-1353,Vivaan Gupta,South,Stationery,Notebook Set,2,199,0,398.0,UPI,Returning
ORD-2026623,2025-08-24,CUST-1330,Nandini Gupta,South,Electronics,Wireless Mouse,2,599,15,1018.3,UPI,New
ORD-2026624,2025-08-24,CUST-1103,Muskan Gupta,South,Electronics,Wireless Mouse,1,599,0,599.0,Debit Card,Returning
ORD-2026625,2025-08-24,CUST-1226,Tanya Joshi,West,Apparel,Formal Shirt,3,899,15,2292.45,Credit Card,New
ORD-2026626,2025-08-24,CUST-1088,Arjun Patel,East,Beauty,Herbal Shampoo,1,249,10,224.1,Credit Card,Returning
ORD-2026627,2025-08-24,CUST-1333,Aarav Gupta,West,Apparel,Formal Shirt,2,899,20,1438.4,Credit Card,Returning
ORD-2026628,2025-08-24,CUST-1314,Kunal Sharma,Central,Groceries,Basmati Rice 5kg,1,549,0,549.0,Credit Card,New
ORD-2026629,2025-08-24,CUST-1336,Arjun Singh,East,Apparel,Cotton T-Shirt,1,499,10,449.1,Debit Card,Returning
ORD-2026630,2025-08-24,CUST-1224,Swati Verma,Central,Sports,Cricket Bat,2,1499,0,2998.0,UPI,New
ORD-2026631,2025-08-24,CUST-1086,Nandini Verma,East,Electronics,Smartwatch,4,2999,0,11996.0,UPI,New
ORD-2026632,2025-08-24,CUST-1139,Aditya Sharma,North,Electronics,Wireless Mouse,2,599,10,1078.2,Debit Card,New
ORD-2026633,2025-08-24,CUST-1347,Ankit Joshi,East,Beauty,Face Wash 100ml,1,299,10,269.1,UPI,Returning
ORD-2026634,2025-08-24,CUST-1167,Nandini Verma,South,Beauty,Face Wash 100ml,1,299,15,254.15,Cash,Returning
ORD-2026635,2025-08-25,CUST-1054,Kunal Patel,North,Sports,Cricket Bat,1,1499,5,1424.05,UPI,Returning
ORD-2026636,2025-08-25,CUST-1150,Isha Singh,East,Sports,Cricket Bat,1,1499,15,1274.15,Credit Card,New
ORD-2026637,2025-08-25,CUST-1166,Divya Mehta,South,Beauty,Face Wash 100ml,1,299,10,269.1,Debit Card,Returning
ORD-2026638,2025-08-26,CUST-1349,Rohan Mehta,North,Stationery,Gel Pen Pack,2,99,20,158.4,Credit Card,Returning
ORD-2026639,2025-08-27,CUST-1167,Nandini Verma,West,Apparel,Formal Shirt,1,899,15,764.15,Debit Card,New
ORD-2026640,2025-08-27,CUST-1314,Kunal Sharma,Central,Electronics,Wireless Mouse,2,599,20,958.4,Credit Card,Returning
ORD-2026641,2025-08-27,CUST-1011,Kunal Sharma,Central,Beauty,Face Wash 100ml,1,299,15,254.15,Cash,New
ORD-2026642,2025-08-27,CUST-1027,Aditya Gupta,Central,Electronics,Wireless Mouse,4,599,15,2036.6,Net Banking,Returning
ORD-2026643,2025-08-27,CUST-1084,Kunal Saxena,West,Sports,Cricket Bat,2,1499,0,2998.0,Credit Card,New
ORD-2026644,2025-08-27,CUST-1237,Divya Sharma,South,Electronics,Smartwatch,3,2999,0,8997.0,Debit Card,New
ORD-2026645,2025-08-27,CUST-1217,Ankit Patel,East,Electronics,Bluetooth Headphones,4,1799,15,6116.6,Cash,Returning
ORD-2026646,2025-08-27,CUST-1058,Nandini Singh,North,Stationery,Notebook Set,1,199,5,189.05,Cash,New
ORD-2026647,2025-08-27,CUST-1054,Kunal Patel,South,Home & Kitchen,Non-stick Pan Set,2,1299,0,2598.0,Credit Card,Returning
ORD-2026648,2025-08-28,CUST-1371,Rahul Verma,West,Electronics,Smartwatch,1,2999,20,2399.2,UPI,Returning
ORD-2026649,2025-08-28,CUST-1279,Tanya Kapoor,South,Electronics,Smartwatch,1,2999,20,2399.2,Net Banking,Returning
ORD-2026650,2025-08-28,CUST-1304,Kunal Saxena,South,Electronics,Wireless Mouse,1,599,20,479.2,UPI,Returning
ORD-2026651,2025-08-28,CUST-1302,Arjun Saxena,North,Apparel,Formal Shirt,1,899,0,899.0,Credit Card,Returning
ORD-2026652,2025-08-28,CUST-1013,Divya Joshi,North,Apparel,Cotton T-Shirt,2,499,10,898.2,Debit Card,Returning
ORD-2026653,2025-08-28,CUST-1391,Kunal Gupta,West,Groceries,Organic Honey 500g,3,349,0,1047.0,Debit Card,New
ORD-2026654,2025-08-29,CUST-1341,Meera Patel,South,Apparel,Formal Shirt,2,899,0,1798.0,Credit Card,New
ORD-2026655,2025-08-29,CUST-1210,Meera Sharma,East,Beauty,Herbal Shampoo,2,249,10,448.2,Credit Card,New
ORD-2026656,2025-08-29,CUST-1175,Vivaan Kapoor,Central,Stationery,Notebook Set,1,199,0,199.0,Credit Card,Returning
ORD-2026657,2025-08-30,CUST-1187,Kabir Saxena,East,Groceries,Organic Honey 500g,1,349,5,331.55,UPI,Returning
ORD-2026658,2025-08-30,CUST-1189,Vivaan Mehta,Central,Stationery,Notebook Set,2,199,20,318.4,Credit Card,New
ORD-2026659,2025-08-30,CUST-1098,Rohan Patel,North,Stationery,Notebook Set,1,199,0,199.0,Net Banking,New
ORD-2026660,2025-08-30,CUST-1289,Kunal Verma,West,Electronics,Smartwatch,2,2999,20,4798.4,Debit Card,New
ORD-2026661,2025-08-30,CUST-1262,Kunal Joshi,Central,Home & Kitchen,Non-stick Pan Set,1,1299,0,1299.0,Credit Card,Returning
ORD-2026662,2025-08-31,CUST-1355,Aditya Joshi,Central,Sports,Cricket Bat,2,1499,10,2698.2,Net Banking,Returning
ORD-2026663,2025-08-31,CUST-1140,Tanya Verma,South,Stationery,Notebook Set,1,199,0,199.0,Net Banking,Returning
ORD-2026664,2025-08-31,CUST-1280,Muskan Kapoor,West,Beauty,Herbal Shampoo,2,249,0,498.0,Credit Card,Returning
ORD-2026665,2025-08-31,CUST-1398,Sakshi Patel,South,Beauty,Face Wash 100ml,3,299,15,762.45,Credit Card,Returning
ORD-2026666,2025-08-31,CUST-1120,Divya Kapoor,West,Groceries,Organic Honey 500g,1,349,20,279.2,Cash,Returning
ORD-2026667,2025-09-01,CUST-1394,Tanya Malhotra,East,Apparel,Denim Jacket,2,1999,15,3398.3,Cash,Returning
ORD-2026668,2025-09-01,CUST-1336,Arjun Singh,North,Home & Kitchen,LED Desk Lamp,1,799,5,759.05,UPI,Returning
ORD-2026669,2025-09-02,CUST-1361,Vivaan Kapoor,North,Sports,Cricket Bat,2,1499,15,2548.3,UPI,New
ORD-2026670,2025-09-02,CUST-1389,Ankit Mehta,North,Apparel,Formal Shirt,2,899,5,1708.1,Cash,Returning
ORD-2026671,2025-09-02,CUST-1351,Tanya Mehta,East,Beauty,Face Wash 100ml,1,299,15,254.15,Cash,Returning
ORD-2026672,2025-09-02,CUST-1244,Meera Gupta,South,Apparel,Cotton T-Shirt,4,499,10,1796.4,Debit Card,New
ORD-2026673,2025-09-03,CUST-1180,Muskan Joshi,East,Apparel,Formal Shirt,1,899,15,764.15,Debit Card,Returning
ORD-2026674,2025-09-03,CUST-1341,Meera Patel,South,Beauty,Herbal Shampoo,1,249,0,249.0,Net Banking,Returning
ORD-2026675,2025-09-03,CUST-1067,Nandini Gupta,West,Apparel,Denim Jacket,2,1999,0,3998.0,Debit Card,Returning
ORD-2026676,2025-09-03,CUST-1126,Divya Sharma,North,Sports,Cricket Bat,2,1499,0,2998.0,Credit Card,New
ORD-2026677,2025-09-03,CUST-1103,Muskan Gupta,West,Apparel,Formal Shirt,1,899,5,854.05,Debit Card,New
ORD-2026678,2025-09-03,CUST-1319,Rohan Sharma,West,Beauty,Herbal Shampoo,2,249,5,473.1,Debit Card,Returning
ORD-2026679,2025-09-03,CUST-1157,Arjun Verma,North,Beauty,Herbal Shampoo,1,249,0,249.0,Cash,Returning
ORD-2026680,2025-09-03,CUST-1075,Divya Patel,North,Electronics,Smartwatch,1,2999,20,2399.2,Net Banking,New
ORD-2026681,2025-09-04,CUST-1122,Aditya Kapoor,North,Home & Kitchen,Non-stick Pan Set,3,1299,0,3897.0,Credit Card,New
ORD-2026682,2025-09-04,CUST-1153,Swati Verma,East,Home & Kitchen,LED Desk Lamp,1,799,20,639.2,Credit Card,Returning
ORD-2026683,2025-09-04,CUST-1138,Tanya Singh,South,Groceries,Organic Honey 500g,1,349,15,296.65,UPI,New
ORD-2026684,2025-09-04,CUST-1284,Arjun Kapoor,North,Sports,Yoga Mat,1,699,0,699.0,Credit Card,New
ORD-2026685,2025-09-04,CUST-1105,Rohan Singh,East,Beauty,Face Wash 100ml,1,299,15,254.15,Debit Card,Returning
ORD-2026686,2025-09-04,CUST-1119,Rahul Gupta,West,Apparel,Cotton T-Shirt,1,499,0,499.0,Credit Card,Returning
ORD-2026687,2025-09-04,CUST-1017,Aarav Verma,East,Apparel,Cotton T-Shirt,1,499,15,424.15,Debit Card,Returning
ORD-2026688,2025-09-04,CUST-1331,Arjun Singh,North,Sports,Cricket Bat,1,1499,20,1199.2,Debit Card,Returning
ORD-2026689,2025-09-05,CUST-1243,Aman Joshi,Central,Groceries,Basmati Rice 5kg,1,549,0,549.0,Debit Card,New
ORD-2026690,2025-09-05,CUST-1269,Kunal Verma,Central,Apparel,Formal Shirt,1,899,5,854.05,UPI,Returning
ORD-2026691,2025-09-05,CUST-1158,Shreya Singh,South,Apparel,Denim Jacket,1,1999,0,1999.0,UPI,Returning
ORD-2026692,2025-09-05,CUST-1012,Shreya Patel,North,Electronics,Wireless Mouse,1,599,0,599.0,UPI,Returning
ORD-2026693,2025-09-05,CUST-1364,Rahul Malhotra,South,Electronics,Wireless Mouse,1,599,0,599.0,Debit Card,Returning
ORD-2026694,2025-09-05,CUST-1158,Shreya Singh,East,Apparel,Denim Jacket,1,1999,15,1699.15,Cash,New
ORD-2026695,2025-09-05,CUST-1072,Tanya Sharma,East,Electronics,Smartwatch,1,2999,0,2999.0,UPI,New
ORD-2026696,2025-09-06,CUST-1274,Muskan Singh,West,Stationery,Notebook Set,2,199,0,398.0,Net Banking,Returning
ORD-2026697,2025-09-06,CUST-1288,Aditya Mehta,North,Apparel,Denim Jacket,1,1999,0,1999.0,Cash,Returning
ORD-2026698,2025-09-06,CUST-1319,Rohan Sharma,West,Apparel,Formal Shirt,3,899,0,2697.0,Cash,Returning
ORD-2026699,2025-09-06,CUST-1339,Aarav Patel,Central,Apparel,Cotton T-Shirt,3,499,20,1197.6,Debit Card,Returning
ORD-2026700,2025-09-06,CUST-1230,Divya Malhotra,West,Home & Kitchen,Non-stick Pan Set,1,1299,15,1104.15,UPI,Returning
ORD-2026701,2025-09-06,CUST-1337,Rahul Patel,West,Electronics,Smartwatch,3,2999,5,8547.15,Net Banking,Returning
ORD-2026702,2025-09-06,CUST-1019,Aarav Joshi,Central,Stationery,Gel Pen Pack,4,99,0,396.0,Debit Card,Returning
ORD-2026703,2025-09-07,CUST-1085,Shreya Mehta,Central,Sports,Yoga Mat,2,699,0,1398.0,Credit Card,Returning
ORD-2026704,2025-09-07,CUST-1202,Isha Verma,West,Apparel,Denim Jacket,3,1999,0,5997.0,UPI,Returning
ORD-2026705,2025-09-07,CUST-1230,Divya Malhotra,East,Groceries,Organic Honey 500g,2,349,0,698.0,Credit Card,Returning
ORD-2026706,2025-09-07,CUST-1183,Arjun Mehta,North,Electronics,Smartwatch,2,2999,0,5998.0,UPI,Returning
ORD-2026707,2025-09-07,CUST-1042,Kunal Saxena,East,Beauty,Herbal Shampoo,1,249,15,211.65,UPI,New
ORD-2026708,2025-09-07,CUST-1138,Tanya Singh,West,Beauty,Herbal Shampoo,1,249,0,249.0,Debit Card,New
ORD-2026709,2025-09-07,CUST-1321,Isha Mehta,North,Stationery,Gel Pen Pack,1,99,15,84.15,Credit Card,Returning
ORD-2026710,2025-09-07,CUST-1395,Rahul Verma,West,Electronics,Wireless Mouse,1,599,0,599.0,UPI,Returning
ORD-2026711,2025-09-07,CUST-1112,Komal Gupta,South,Sports,Yoga Mat,2,699,5,1328.1,Net Banking,Returning
ORD-2026712,2025-09-07,CUST-1186,Meera Verma,West,Groceries,Organic Honey 500g,1,349,5,331.55,UPI,Returning
ORD-2026713,2025-09-07,CUST-1102,Aarav Patel,South,Stationery,Notebook Set,3,199,0,597.0,UPI,New
ORD-2026714,2025-09-07,CUST-1168,Nandini Joshi,East,Electronics,Bluetooth Headphones,1,1799,5,1709.05,Credit Card,Returning
ORD-2026715,2025-09-08,CUST-1178,Komal Sharma,South,Electronics,Wireless Mouse,1,599,15,509.15,Net Banking,Returning
ORD-2026716,2025-09-08,CUST-1183,Arjun Mehta,East,Stationery,Notebook Set,2,199,0,398.0,UPI,Returning
ORD-2026717,2025-09-08,CUST-1370,Shreya Malhotra,East,Sports,Cricket Bat,3,1499,15,3822.45,Debit Card,New
ORD-2026718,2025-09-08,CUST-1275,Tanya Singh,South,Electronics,Smartwatch,1,2999,0,2999.0,Credit Card,Returning
ORD-2026719,2025-09-08,CUST-1232,Aman Patel,East,Electronics,Bluetooth Headphones,2,1799,0,3598.0,Debit Card,Returning
ORD-2026720,2025-09-08,CUST-1376,Kunal Kapoor,South,Sports,Yoga Mat,2,699,0,1398.0,UPI,New
ORD-2026721,2025-09-09,CUST-1087,Kabir Verma,South,Apparel,Formal Shirt,1,899,15,764.15,Credit Card,Returning
ORD-2026722,2025-09-09,CUST-1145,Kunal Joshi,Central,Home & Kitchen,Non-stick Pan Set,1,1299,20,1039.2,Net Banking,New
ORD-2026723,2025-09-09,CUST-1116,Sakshi Mehta,South,Groceries,Basmati Rice 5kg,1,549,10,494.1,Credit Card,Returning
ORD-2026724,2025-09-09,CUST-1295,Tanya Singh,West,Sports,Cricket Bat,1,1499,10,1349.1,Cash,Returning
ORD-2026725,2025-09-09,CUST-1018,Aditya Gupta,West,Groceries,Basmati Rice 5kg,2,549,0,1098.0,Credit Card,Returning
ORD-2026726,2025-09-09,CUST-1208,Arjun Singh,West,Beauty,Herbal Shampoo,3,249,5,709.65,Credit Card,Returning
ORD-2026727,2025-09-09,CUST-1265,Muskan Singh,East,Electronics,Wireless Mouse,4,599,5,2276.2,Net Banking,New
ORD-2026728,2025-09-09,CUST-1281,Nandini Saxena,West,Stationery,Gel Pen Pack,1,99,15,84.15,Debit Card,Returning
ORD-2026729,2025-09-09,CUST-1252,Arjun Singh,Central,Beauty,Herbal Shampoo,1,249,0,249.0,Credit Card,Returning
ORD-2026730,2025-09-09,CUST-1387,Rohan Patel,East,Electronics,Bluetooth Headphones,1,1799,10,1619.1,Cash,New
ORD-2026731,2025-09-09,CUST-1352,Nandini Mehta,East,Groceries,Basmati Rice 5kg,1,549,0,549.0,UPI,New
ORD-2026732,2025-09-10,CUST-1103,Muskan Gupta,East,Home & Kitchen,LED Desk Lamp,1,799,20,639.2,Debit Card,Returning
ORD-2026733,2025-09-10,CUST-1178,Komal Sharma,Central,Stationery,Notebook Set,1,199,0,199.0,UPI,Returning
ORD-2026734,2025-09-10,CUST-1110,Aman Malhotra,West,Beauty,Face Wash 100ml,2,299,0,598.0,Cash,Returning
ORD-2026735,2025-09-10,CUST-1269,Kunal Verma,Central,Apparel,Formal Shirt,1,899,0,899.0,Debit Card,Returning
ORD-2026736,2025-09-10,CUST-1385,Aman Kapoor,North,Home & Kitchen,LED Desk Lamp,1,799,0,799.0,Credit Card,New
ORD-2026737,2025-09-10,CUST-1297,Sakshi Kapoor,East,Apparel,Cotton T-Shirt,2,499,20,798.4,UPI,Returning
ORD-2026738,2025-09-11,CUST-1234,Meera Sharma,North,Electronics,Bluetooth Headphones,1,1799,5,1709.05,Debit Card,Returning
ORD-2026739,2025-09-11,CUST-1060,Swati Gupta,Central,Apparel,Cotton T-Shirt,2,499,10,898.2,Debit Card,New
ORD-2026740,2025-09-11,CUST-1335,Divya Saxena,North,Electronics,Smartwatch,2,2999,10,5398.2,UPI,Returning
ORD-2026741,2025-09-11,CUST-1184,Rahul Joshi,East,Sports,Yoga Mat,3,699,0,2097.0,Cash,Returning
ORD-2026742,2025-09-11,CUST-1196,Aditya Patel,West,Stationery,Notebook Set,1,199,5,189.05,Debit Card,New
ORD-2026743,2025-09-12,CUST-1143,Muskan Saxena,North,Apparel,Denim Jacket,1,1999,0,1999.0,UPI,New
ORD-2026744,2025-09-12,CUST-1221,Kunal Singh,West,Sports,Yoga Mat,4,699,0,2796.0,Debit Card,Returning
ORD-2026745,2025-09-12,CUST-1122,Aditya Kapoor,Central,Apparel,Cotton T-Shirt,4,499,0,1996.0,UPI,Returning
ORD-2026746,2025-09-12,CUST-1071,Kabir Malhotra,North,Electronics,Wireless Mouse,3,599,0,1797.0,UPI,New
ORD-2026747,2025-09-13,CUST-1039,Aarav Joshi,West,Beauty,Herbal Shampoo,1,249,0,249.0,Credit Card,Returning
ORD-2026748,2025-09-13,CUST-1067,Nandini Gupta,East,Apparel,Denim Jacket,1,1999,0,1999.0,UPI,Returning
ORD-2026749,2025-09-13,CUST-1171,Ankit Verma,Central,Beauty,Face Wash 100ml,2,299,5,568.1,Credit Card,New
ORD-2026750,2025-09-13,CUST-1250,Shreya Saxena,South,Groceries,Basmati Rice 5kg,1,549,0,549.0,Debit Card,New
ORD-2026751,2025-09-13,CUST-1360,Muskan Singh,North,Beauty,Face Wash 100ml,1,299,5,284.05,Debit Card,New
ORD-2026752,2025-09-13,CUST-1209,Meera Mehta,West,Apparel,Cotton T-Shirt,3,499,20,1197.6,Credit Card,Returning
ORD-2026753,2025-09-13,CUST-1327,Kunal Malhotra,Central,Sports,Cricket Bat,2,1499,0,2998.0,UPI,Returning
ORD-2026754,2025-09-13,CUST-1180,Muskan Joshi,South,Beauty,Herbal Shampoo,2,249,5,473.1,Debit Card,New
ORD-2026755,2025-09-14,CUST-1358,Aman Patel,South,Stationery,Gel Pen Pack,3,99,0,297.0,UPI,New
ORD-2026756,2025-09-14,CUST-1352,Nandini Mehta,West,Beauty,Herbal Shampoo,1,249,10,224.1,Cash,Returning
ORD-2026757,2025-09-14,CUST-1140,Tanya Verma,West,Electronics,Bluetooth Headphones,1,1799,15,1529.15,UPI,Returning
ORD-2026758,2025-09-14,CUST-1139,Aditya Sharma,Central,Electronics,Wireless Mouse,4,599,15,2036.6,Cash,New
ORD-2026759,2025-09-14,CUST-1348,Ankit Malhotra,East,Electronics,Smartwatch,2,2999,0,5998.0,Debit Card,Returning
ORD-2026760,2025-09-14,CUST-1254,Meera Malhotra,East,Apparel,Formal Shirt,1,899,0,899.0,Net Banking,New
ORD-2026761,2025-09-14,CUST-1344,Nandini Saxena,West,Sports,Yoga Mat,1,699,0,699.0,Debit Card,Returning
ORD-2026762,2025-09-15,CUST-1050,Rohan Gupta,South,Sports,Yoga Mat,3,699,10,1887.3,Debit Card,Returning
ORD-2026763,2025-09-15,CUST-1105,Rohan Singh,South,Stationery,Gel Pen Pack,2,99,10,178.2,Credit Card,New
ORD-2026764,2025-09-15,CUST-1127,Muskan Joshi,West,Sports,Cricket Bat,1,1499,5,1424.05,Cash,Returning
ORD-2026765,2025-09-15,CUST-1297,Sakshi Kapoor,North,Beauty,Face Wash 100ml,1,299,15,254.15,UPI,New
ORD-2026766,2025-09-15,CUST-1152,Kabir Gupta,South,Apparel,Denim Jacket,1,1999,0,1999.0,Cash,Returning
ORD-2026767,2025-09-15,CUST-1203,Ankit Verma,South,Beauty,Herbal Shampoo,3,249,10,672.3,Net Banking,Returning
ORD-2026768,2025-09-15,CUST-1114,Vivaan Malhotra,South,Electronics,Smartwatch,2,2999,10,5398.2,UPI,Returning
ORD-2026769,2025-09-15,CUST-1159,Isha Kapoor,West,Sports,Cricket Bat,4,1499,15,5096.6,Debit Card,New
ORD-2026770,2025-09-16,CUST-1050,Rohan Gupta,North,Sports,Cricket Bat,1,1499,5,1424.05,Net Banking,Returning
ORD-2026771,2025-09-16,CUST-1130,Aditya Singh,North,Stationery,Notebook Set,2,199,0,398.0,Credit Card,Returning
ORD-2026772,2025-09-16,CUST-1308,Shreya Sharma,West,Apparel,Denim Jacket,4,1999,10,7196.4,Cash,New
ORD-2026773,2025-09-16,CUST-1364,Rahul Malhotra,West,Groceries,Basmati Rice 5kg,4,549,0,2196.0,UPI,Returning
ORD-2026774,2025-09-16,CUST-1330,Nandini Gupta,South,Home & Kitchen,LED Desk Lamp,3,799,0,2397.0,UPI,Returning
ORD-2026775,2025-09-16,CUST-1120,Divya Kapoor,South,Groceries,Basmati Rice 5kg,5,549,5,2607.75,Debit Card,New
ORD-2026776,2025-09-16,CUST-1176,Meera Sharma,South,Groceries,Basmati Rice 5kg,5,549,0,2745.0,UPI,Returning
ORD-2026777,2025-09-16,CUST-1180,Muskan Joshi,West,Apparel,Denim Jacket,1,1999,0,1999.0,Net Banking,Returning
ORD-2026778,2025-09-16,CUST-1096,Kunal Saxena,East,Sports,Cricket Bat,4,1499,20,4796.8,UPI,Returning
ORD-2026779,2025-09-16,CUST-1342,Vivaan Saxena,North,Beauty,Face Wash 100ml,1,299,0,299.0,Credit Card,Returning
ORD-2026780,2025-09-16,CUST-1120,Divya Kapoor,West,Stationery,Notebook Set,3,199,15,507.45,UPI,Returning
ORD-2026781,2025-09-16,CUST-1338,Komal Malhotra,West,Home & Kitchen,LED Desk Lamp,1,799,0,799.0,Debit Card,Returning
ORD-2026782,2025-09-17,CUST-1002,Shreya Mehta,West,Sports,Cricket Bat,2,1499,10,2698.2,Credit Card,Returning
ORD-2026783,2025-09-17,CUST-1107,Isha Sharma,North,Groceries,Basmati Rice 5kg,1,549,5,521.55,Credit Card,New
ORD-2026784,2025-09-17,CUST-1302,Arjun Saxena,North,Stationery,Gel Pen Pack,1,99,10,89.1,Debit Card,Returning
ORD-2026785,2025-09-17,CUST-1340,Aman Kapoor,South,Sports,Yoga Mat,3,699,20,1677.6,UPI,Returning
ORD-2026786,2025-09-17,CUST-1379,Divya Verma,East,Electronics,Smartwatch,3,2999,10,8097.3,UPI,Returning
ORD-2026787,2025-09-17,CUST-1064,Ankit Mehta,South,Apparel,Formal Shirt,1,899,0,899.0,Credit Card,Returning
ORD-2026788,2025-09-17,CUST-1144,Divya Mehta,Central,Electronics,Bluetooth Headphones,4,1799,15,6116.6,Credit Card,Returning
ORD-2026789,2025-09-18,CUST-1269,Kunal Verma,Central,Sports,Cricket Bat,1,1499,5,1424.05,Cash,New
ORD-2026790,2025-09-18,CUST-1276,Swati Joshi,North,Groceries,Basmati Rice 5kg,3,549,15,1399.95,Credit Card,Returning
ORD-2026791,2025-09-18,CUST-1004,Tanya Malhotra,East,Beauty,Face Wash 100ml,1,299,0,299.0,Cash,Returning
ORD-2026792,2025-09-18,CUST-1180,Muskan Joshi,West,Apparel,Formal Shirt,1,899,0,899.0,Debit Card,New
ORD-2026793,2025-09-18,CUST-1057,Tanya Malhotra,East,Electronics,Smartwatch,1,2999,5,2849.05,UPI,Returning
ORD-2026794,2025-09-19,CUST-1144,Divya Mehta,East,Sports,Yoga Mat,1,699,5,664.05,UPI,Returning
ORD-2026795,2025-09-19,CUST-1288,Aditya Mehta,North,Home & Kitchen,Non-stick Pan Set,1,1299,10,1169.1,UPI,Returning
ORD-2026796,2025-09-19,CUST-1138,Tanya Singh,Central,Home & Kitchen,LED Desk Lamp,3,799,0,2397.0,UPI,New
ORD-2026797,2025-09-19,CUST-1020,Rohan Malhotra,North,Beauty,Herbal Shampoo,3,249,5,709.65,Cash,Returning
ORD-2026798,2025-09-19,CUST-1355,Aditya Joshi,Central,Home & Kitchen,LED Desk Lamp,2,799,10,1438.2,Debit Card,Returning
ORD-2026799,2025-09-19,CUST-1339,Aarav Patel,West,Electronics,Bluetooth Headphones,1,1799,0,1799.0,Cash,Returning
ORD-2026800,2025-09-19,CUST-1222,Sakshi Sharma,Central,Home & Kitchen,LED Desk Lamp,1,799,0,799.0,Debit Card,Returning
ORD-2026801,2025-09-19,CUST-1172,Nandini Saxena,East,Electronics,Wireless Mouse,3,599,0,1797.0,Debit Card,New
ORD-2026802,2025-09-19,CUST-1152,Kabir Gupta,South,Electronics,Smartwatch,3,2999,0,8997.0,Credit Card,Returning
ORD-2026803,2025-09-19,CUST-1233,Rahul Joshi,West,Stationery,Notebook Set,1,199,20,159.2,UPI,Returning
ORD-2026804,2025-09-19,CUST-1108,Kunal Patel,West,Apparel,Formal Shirt,1,899,15,764.15,UPI,Returning
ORD-2026805,2025-09-20,CUST-1009,Shreya Gupta,East,Groceries,Basmati Rice 5kg,3,549,0,1647.0,UPI,New
ORD-2026806,2025-09-20,CUST-1136,Kunal Patel,West,Sports,Cricket Bat,3,1499,20,3597.6,Cash,Returning
ORD-2026807,2025-09-20,CUST-1315,Muskan Singh,East,Beauty,Herbal Shampoo,1,249,5,236.55,UPI,Returning
ORD-2026808,2025-09-20,CUST-1376,Kunal Kapoor,North,Stationery,Notebook Set,1,199,20,159.2,Net Banking,Returning
ORD-2026809,2025-09-20,CUST-1327,Kunal Malhotra,South,Electronics,Wireless Mouse,1,599,0,599.0,Credit Card,Returning
ORD-2026810,2025-09-20,CUST-1283,Aditya Mehta,East,Apparel,Cotton T-Shirt,1,499,10,449.1,UPI,Returning
ORD-2026811,2025-09-20,CUST-1162,Aarav Kapoor,North,Electronics,Wireless Mouse,3,599,5,1707.15,Cash,Returning
ORD-2026812,2025-09-20,CUST-1278,Meera Verma,West,Groceries,Organic Honey 500g,1,349,0,349.0,Credit Card,Returning
ORD-2026813,2025-09-20,CUST-1004,Tanya Malhotra,Central,Electronics,Bluetooth Headphones,3,1799,0,5397.0,UPI,Returning
ORD-2026814,2025-09-20,CUST-1226,Tanya Joshi,East,Groceries,Organic Honey 500g,2,349,5,663.1,Credit Card,Returning
ORD-2026815,2025-09-20,CUST-1226,Tanya Joshi,South,Beauty,Herbal Shampoo,3,249,0,747.0,Credit Card,New
ORD-2026816,2025-09-20,CUST-1145,Kunal Joshi,Central,Home & Kitchen,Non-stick Pan Set,1,1299,10,1169.1,UPI,New
ORD-2026817,2025-09-20,CUST-1251,Aarav Singh,North,Electronics,Smartwatch,4,2999,0,11996.0,Debit Card,Returning
ORD-2026818,2025-09-21,CUST-1262,Kunal Joshi,South,Apparel,Cotton T-Shirt,4,499,20,1596.8,Cash,Returning
ORD-2026819,2025-09-21,CUST-1350,Isha Kapoor,East,Apparel,Denim Jacket,1,1999,0,1999.0,Credit Card,New
ORD-2026820,2025-09-21,CUST-1244,Meera Gupta,Central,Stationery,Gel Pen Pack,1,99,5,94.05,Credit Card,Returning
ORD-2026821,2025-09-21,CUST-1393,Nandini Singh,East,Groceries,Organic Honey 500g,1,349,20,279.2,Credit Card,Returning
ORD-2026822,2025-09-21,CUST-1203,Ankit Verma,West,Sports,Cricket Bat,1,1499,20,1199.2,Credit Card,New
ORD-2026823,2025-09-21,CUST-1391,Kunal Gupta,Central,Electronics,Smartwatch,5,2999,10,13495.5,Credit Card,Returning
ORD-2026824,2025-09-21,CUST-1371,Rahul Verma,East,Electronics,Bluetooth Headphones,2,1799,0,3598.0,Credit Card,New
ORD-2026825,2025-09-21,CUST-1069,Kabir Joshi,West,Stationery,Notebook Set,1,199,0,199.0,Credit Card,Returning
ORD-2026826,2025-09-21,CUST-1331,Arjun Singh,East,Electronics,Smartwatch,1,2999,0,2999.0,Net Banking,New
ORD-2026827,2025-09-21,CUST-1122,Aditya Kapoor,East,Electronics,Smartwatch,1,2999,0,2999.0,Credit Card,New
ORD-2026828,2025-09-21,CUST-1052,Meera Verma,South,Groceries,Basmati Rice 5kg,4,549,0,2196.0,UPI,New
ORD-2026829,2025-09-21,CUST-1082,Aarav Mehta,West,Sports,Yoga Mat,1,699,0,699.0,Cash,Returning
ORD-2026830,2025-09-21,CUST-1369,Rohan Sharma,West,Sports,Cricket Bat,1,1499,0,1499.0,UPI,New
ORD-2026831,2025-09-22,CUST-1399,Vivaan Verma,West,Sports,Yoga Mat,2,699,20,1118.4,Credit Card,Returning
ORD-2026832,2025-09-22,CUST-1254,Meera Malhotra,East,Beauty,Herbal Shampoo,1,249,15,211.65,UPI,New
ORD-2026833,2025-09-22,CUST-1217,Ankit Patel,South,Beauty,Face Wash 100ml,1,299,15,254.15,Debit Card,Returning
ORD-2026834,2025-09-22,CUST-1362,Shreya Malhotra,Central,Groceries,Organic Honey 500g,1,349,15,296.65,Debit Card,Returning
ORD-2026835,2025-09-22,CUST-1313,Kunal Joshi,East,Stationery,Gel Pen Pack,2,99,20,158.4,UPI,Returning
ORD-2026836,2025-09-22,CUST-1300,Vivaan Mehta,West,Stationery,Notebook Set,1,199,5,189.05,Debit Card,Returning
ORD-2026837,2025-09-23,CUST-1307,Swati Kapoor,West,Home & Kitchen,Non-stick Pan Set,1,1299,15,1104.15,Credit Card,Returning
ORD-2026838,2025-09-23,CUST-1369,Rohan Sharma,Central,Stationery,Gel Pen Pack,1,99,0,99.0,Credit Card,New
ORD-2026839,2025-09-23,CUST-1125,Muskan Malhotra,Central,Stationery,Gel Pen Pack,3,99,0,297.0,Debit Card,Returning
ORD-2026840,2025-09-23,CUST-1315,Muskan Singh,North,Apparel,Denim Jacket,1,1999,15,1699.15,Net Banking,Returning
ORD-2026841,2025-09-23,CUST-1400,Aarav Gupta,Central,Apparel,Formal Shirt,1,899,0,899.0,Credit Card,Returning
ORD-2026842,2025-09-23,CUST-1038,Rohan Joshi,South,Stationery,Notebook Set,4,199,15,676.6,UPI,Returning
ORD-2026843,2025-09-23,CUST-1164,Kabir Malhotra,North,Groceries,Basmati Rice 5kg,3,549,5,1564.65,Debit Card,Returning
ORD-2026844,2025-09-24,CUST-1249,Kabir Sharma,Central,Electronics,Smartwatch,1,2999,10,2699.1,Credit Card,New
ORD-2026845,2025-09-24,CUST-1359,Arjun Mehta,East,Sports,Cricket Bat,1,1499,0,1499.0,Credit Card,Returning
ORD-2026846,2025-09-24,CUST-1398,Sakshi Patel,South,Beauty,Herbal Shampoo,1,249,20,199.2,Credit Card,New
ORD-2026847,2025-09-24,CUST-1252,Arjun Singh,South,Electronics,Bluetooth Headphones,1,1799,15,1529.15,UPI,Returning
ORD-2026848,2025-09-24,CUST-1198,Vivaan Joshi,South,Apparel,Cotton T-Shirt,1,499,0,499.0,Debit Card,New
ORD-2026849,2025-09-24,CUST-1204,Meera Mehta,Central,Apparel,Formal Shirt,2,899,20,1438.4,UPI,Returning
ORD-2026850,2025-09-24,CUST-1301,Shreya Sharma,South,Electronics,Smartwatch,2,2999,0,5998.0,Debit Card,Returning
ORD-2026851,2025-09-25,CUST-1350,Isha Kapoor,Central,Beauty,Face Wash 100ml,2,299,0,598.0,Credit Card,New
ORD-2026852,2025-09-25,CUST-1361,Vivaan Kapoor,West,Electronics,Wireless Mouse,3,599,0,1797.0,Credit Card,New
ORD-2026853,2025-09-25,CUST-1367,Aman Saxena,Central,Apparel,Cotton T-Shirt,2,499,0,998.0,Credit Card,Returning
ORD-2026854,2025-09-25,CUST-1068,Isha Verma,West,Beauty,Face Wash 100ml,1,299,0,299.0,Credit Card,New
ORD-2026855,2025-09-25,CUST-1099,Rahul Malhotra,Central,Sports,Yoga Mat,1,699,5,664.05,Credit Card,Returning
ORD-2026856,2025-09-25,CUST-1251,Aarav Singh,South,Groceries,Basmati Rice 5kg,5,549,10,2470.5,Debit Card,New
ORD-2026857,2025-09-25,CUST-1116,Sakshi Mehta,East,Groceries,Basmati Rice 5kg,1,549,0,549.0,Debit Card,New
ORD-2026858,2025-09-25,CUST-1248,Meera Saxena,North,Home & Kitchen,Non-stick Pan Set,4,1299,20,4156.8,Credit Card,Returning
ORD-2026859,2025-09-26,CUST-1008,Meera Saxena,Central,Apparel,Denim Jacket,2,1999,0,3998.0,Credit Card,New
ORD-2026860,2025-09-26,CUST-1147,Aman Saxena,Central,Apparel,Denim Jacket,2,1999,0,3998.0,Net Banking,Returning
ORD-2026861,2025-09-26,CUST-1321,Isha Mehta,South,Apparel,Denim Jacket,2,1999,0,3998.0,UPI,New
ORD-2026862,2025-09-26,CUST-1021,Isha Patel,East,Apparel,Cotton T-Shirt,1,499,15,424.15,Debit Card,New
ORD-2026863,2025-09-26,CUST-1083,Komal Kapoor,West,Sports,Cricket Bat,2,1499,15,2548.3,Debit Card,Returning
ORD-2026864,2025-09-26,CUST-1332,Rahul Malhotra,West,Groceries,Basmati Rice 5kg,2,549,0,1098.0,UPI,Returning
ORD-2026865,2025-09-26,CUST-1174,Rahul Singh,East,Apparel,Formal Shirt,1,899,0,899.0,Credit Card,Returning
ORD-2026866,2025-09-26,CUST-1250,Shreya Saxena,West,Electronics,Wireless Mouse,2,599,5,1138.1,Cash,New
ORD-2026867,2025-09-26,CUST-1377,Sakshi Patel,East,Beauty,Herbal Shampoo,2,249,5,473.1,Debit Card,New
ORD-2026868,2025-09-26,CUST-1184,Rahul Joshi,South,Electronics,Wireless Mouse,2,599,20,958.4,Credit Card,Returning
ORD-2026869,2025-09-26,CUST-1091,Kabir Gupta,North,Stationery,Notebook Set,4,199,0,796.0,Debit Card,Returning
ORD-2026870,2025-09-26,CUST-1377,Sakshi Patel,South,Electronics,Bluetooth Headphones,1,1799,0,1799.0,Net Banking,Returning
ORD-2026871,2025-09-27,CUST-1214,Rohan Sharma,North,Electronics,Bluetooth Headphones,2,1799,15,3058.3,UPI,New
ORD-2026872,2025-09-27,CUST-1332,Rahul Malhotra,North,Stationery,Notebook Set,2,199,5,378.1,Credit Card,Returning
ORD-2026873,2025-09-27,CUST-1099,Rahul Malhotra,East,Stationery,Gel Pen Pack,2,99,0,198.0,Debit Card,New
ORD-2026874,2025-09-27,CUST-1151,Aman Patel,South,Home & Kitchen,LED Desk Lamp,4,799,0,3196.0,UPI,Returning
ORD-2026875,2025-09-27,CUST-1059,Kunal Verma,North,Home & Kitchen,Non-stick Pan Set,2,1299,15,2208.3,Debit Card,Returning
ORD-2026876,2025-09-27,CUST-1262,Kunal Joshi,East,Beauty,Herbal Shampoo,2,249,0,498.0,Credit Card,Returning
ORD-2026877,2025-09-27,CUST-1149,Aarav Verma,Central,Stationery,Notebook Set,1,199,0,199.0,UPI,New
ORD-2026878,2025-09-27,CUST-1024,Tanya Singh,West,Groceries,Basmati Rice 5kg,1,549,5,521.55,Credit Card,Returning
ORD-2026879,2025-09-27,CUST-1072,Tanya Sharma,East,Electronics,Bluetooth Headphones,1,1799,10,1619.1,Credit Card,Returning
ORD-2026880,2025-09-27,CUST-1296,Vivaan Kapoor,East,Electronics,Wireless Mouse,1,599,0,599.0,Net Banking,New
ORD-2026881,2025-09-28,CUST-1069,Kabir Joshi,East,Groceries,Basmati Rice 5kg,3,549,15,1399.95,Credit Card,Returning
ORD-2026882,2025-09-28,CUST-1347,Ankit Joshi,North,Stationery,Notebook Set,1,199,0,199.0,Net Banking,Returning
ORD-2026883,2025-09-28,CUST-1016,Arjun Kapoor,South,Apparel,Formal Shirt,3,899,20,2157.6,Credit Card,New
ORD-2026884,2025-09-28,CUST-1111,Swati Joshi,North,Home & Kitchen,LED Desk Lamp,1,799,0,799.0,Debit Card,Returning
ORD-2026885,2025-09-28,CUST-1091,Kabir Gupta,East,Home & Kitchen,Non-stick Pan Set,1,1299,5,1234.05,Credit Card,New
ORD-2026886,2025-09-28,CUST-1064,Ankit Mehta,Central,Electronics,Bluetooth Headphones,4,1799,0,7196.0,Cash,New
ORD-2026887,2025-09-28,CUST-1205,Aman Sharma,East,Apparel,Formal Shirt,2,899,20,1438.4,UPI,Returning
ORD-2026888,2025-09-28,CUST-1379,Divya Verma,East,Home & Kitchen,LED Desk Lamp,2,799,10,1438.2,Cash,New
ORD-2026889,2025-09-28,CUST-1245,Kunal Patel,East,Beauty,Herbal Shampoo,4,249,10,896.4,Cash,Returning
ORD-2026890,2025-09-28,CUST-1089,Arjun Verma,South,Electronics,Wireless Mouse,2,599,0,1198.0,UPI,Returning
ORD-2026891,2025-09-28,CUST-1008,Meera Saxena,East,Electronics,Smartwatch,1,2999,10,2699.1,UPI,Returning
ORD-2026892,2025-09-28,CUST-1300,Vivaan Mehta,North,Apparel,Formal Shirt,2,899,0,1798.0,Debit Card,New
ORD-2026893,2025-09-29,CUST-1268,Aman Verma,North,Stationery,Gel Pen Pack,1,99,0,99.0,Credit Card,Returning
ORD-2026894,2025-09-29,CUST-1397,Aman Verma,Central,Electronics,Wireless Mouse,1,599,0,599.0,Cash,Returning
ORD-2026895,2025-09-29,CUST-1067,Nandini Gupta,South,Sports,Cricket Bat,1,1499,0,1499.0,Debit Card,New
ORD-2026896,2025-09-29,CUST-1025,Aditya Singh,North,Electronics,Bluetooth Headphones,1,1799,0,1799.0,Debit Card,New
ORD-2026897,2025-09-29,CUST-1270,Nandini Verma,East,Beauty,Face Wash 100ml,5,299,0,1495.0,UPI,Returning
ORD-2026898,2025-09-29,CUST-1316,Komal Saxena,West,Stationery,Notebook Set,3,199,15,507.45,Credit Card,Returning
ORD-2026899,2025-09-29,CUST-1393,Nandini Singh,Central,Beauty,Herbal Shampoo,1,249,5,236.55,Debit Card,New
ORD-2026900,2025-09-30,CUST-1258,Muskan Joshi,North,Groceries,Basmati Rice 5kg,1,549,0,549.0,Credit Card,New
ORD-2026901,2025-09-30,CUST-1197,Rahul Verma,East,Electronics,Bluetooth Headphones,3,1799,5,5127.15,Credit Card,Returning
ORD-2026902,2025-09-30,CUST-1120,Divya Kapoor,East,Beauty,Herbal Shampoo,3,249,15,634.95,Credit Card,New
ORD-2026903,2025-09-30,CUST-1325,Aarav Saxena,Central,Home & Kitchen,LED Desk Lamp,1,799,10,719.1,Credit Card,New
ORD-2026904,2025-09-30,CUST-1281,Nandini Saxena,West,Apparel,Formal Shirt,1,899,20,719.2,UPI,New
ORD-2026905,2025-09-30,CUST-1149,Aarav Verma,North,Electronics,Wireless Mouse,1,599,5,569.05,UPI,Returning
ORD-2026906,2025-10-01,CUST-1003,Tanya Singh,Central,Electronics,Bluetooth Headphones,2,1799,15,3058.3,UPI,Returning
ORD-2026907,2025-10-01,CUST-1164,Kabir Malhotra,South,Stationery,Notebook Set,1,199,30,139.3,UPI,New
ORD-2026908,2025-10-01,CUST-1234,Meera Sharma,East,Apparel,Denim Jacket,2,1999,15,3398.3,Debit Card,New
ORD-2026909,2025-10-01,CUST-1241,Rahul Singh,Central,Apparel,Denim Jacket,4,1999,25,5997.0,Credit Card,Returning
ORD-2026910,2025-10-01,CUST-1297,Sakshi Kapoor,South,Stationery,Gel Pen Pack,1,99,15,84.15,UPI,Returning
ORD-2026911,2025-10-01,CUST-1280,Muskan Kapoor,Central,Groceries,Organic Honey 500g,1,349,15,296.65,Credit Card,Returning
ORD-2026912,2025-10-01,CUST-1116,Sakshi Mehta,North,Sports,Cricket Bat,1,1499,30,1049.3,Debit Card,Returning
ORD-2026913,2025-10-01,CUST-1297,Sakshi Kapoor,South,Home & Kitchen,LED Desk Lamp,2,799,10,1438.2,Net Banking,New
ORD-2026914,2025-10-02,CUST-1392,Aarav Singh,South,Home & Kitchen,LED Desk Lamp,1,799,5,759.05,Cash,New
ORD-2026915,2025-10-02,CUST-1041,Divya Malhotra,Central,Beauty,Herbal Shampoo,1,249,0,249.0,Debit Card,New
ORD-2026916,2025-10-02,CUST-1122,Aditya Kapoor,South,Home & Kitchen,Non-stick Pan Set,1,1299,25,974.25,Net Banking,New
ORD-2026917,2025-10-02,CUST-1072,Tanya Sharma,Central,Apparel,Denim Jacket,2,1999,0,3998.0,Credit Card,New
ORD-2026918,2025-10-02,CUST-1331,Arjun Singh,North,Stationery,Gel Pen Pack,3,99,30,207.9,UPI,New
ORD-2026919,2025-10-02,CUST-1164,Kabir Malhotra,South,Stationery,Notebook Set,1,199,30,139.3,Debit Card,Returning
ORD-2026920,2025-10-02,CUST-1167,Nandini Verma,South,Sports,Yoga Mat,2,699,25,1048.5,Debit Card,New
ORD-2026921,2025-10-02,CUST-1328,Arjun Verma,South,Apparel,Formal Shirt,1,899,20,719.2,Debit Card,Returning
ORD-2026922,2025-10-02,CUST-1309,Meera Verma,South,Home & Kitchen,LED Desk Lamp,1,799,30,559.3,UPI,Returning
ORD-2026923,2025-10-03,CUST-1221,Kunal Singh,North,Sports,Cricket Bat,1,1499,10,1349.1,Debit Card,Returning
ORD-2026924,2025-10-03,CUST-1281,Nandini Saxena,South,Sports,Yoga Mat,1,699,30,489.3,Cash,Returning
ORD-2026925,2025-10-03,CUST-1234,Meera Sharma,North,Stationery,Gel Pen Pack,1,99,10,89.1,Cash,Returning
ORD-2026926,2025-10-03,CUST-1315,Muskan Singh,North,Stationery,Gel Pen Pack,1,99,15,84.15,Net Banking,New
ORD-2026927,2025-10-03,CUST-1087,Kabir Verma,East,Electronics,Smartwatch,2,2999,30,4198.6,UPI,New
ORD-2026928,2025-10-03,CUST-1339,Aarav Patel,West,Electronics,Wireless Mouse,1,599,0,599.0,Debit Card,Returning
ORD-2026929,2025-10-03,CUST-1040,Aditya Malhotra,East,Sports,Yoga Mat,5,699,5,3320.25,Cash,New
ORD-2026930,2025-10-03,CUST-1098,Rohan Patel,Central,Home & Kitchen,Non-stick Pan Set,1,1299,0,1299.0,Credit Card,Returning
ORD-2026931,2025-10-03,CUST-1054,Kunal Patel,West,Apparel,Formal Shirt,1,899,10,809.1,Cash,New
ORD-2026932,2025-10-03,CUST-1251,Aarav Singh,South,Home & Kitchen,Non-stick Pan Set,1,1299,10,1169.1,UPI,Returning
ORD-2026933,2025-10-03,CUST-1063,Aman Sharma,North,Groceries,Basmati Rice 5kg,2,549,25,823.5,Credit Card,New
ORD-2026934,2025-10-03,CUST-1069,Kabir Joshi,Central,Stationery,Gel Pen Pack,1,99,10,89.1,Cash,Returning
ORD-2026935,2025-10-03,CUST-1008,Meera Saxena,West,Sports,Cricket Bat,3,1499,30,3147.9,Net Banking,Returning
ORD-2026936,2025-10-04,CUST-1134,Komal Patel,Central,Sports,Yoga Mat,3,699,5,1992.15,Cash,New
ORD-2026937,2025-10-04,CUST-1344,Nandini Saxena,West,Beauty,Herbal Shampoo,5,249,30,871.5,Net Banking,Returning
ORD-2026938,2025-10-04,CUST-1391,Kunal Gupta,South,Sports,Cricket Bat,1,1499,30,1049.3,Cash,New
ORD-2026939,2025-10-04,CUST-1126,Divya Sharma,Central,Electronics,Wireless Mouse,3,599,25,1347.75,Credit Card,New
ORD-2026940,2025-10-04,CUST-1023,Rohan Sharma,South,Apparel,Cotton T-Shirt,1,499,25,374.25,UPI,Returning
ORD-2026941,2025-10-04,CUST-1132,Shreya Sharma,South,Apparel,Cotton T-Shirt,1,499,20,399.2,Net Banking,Returning
ORD-2026942,2025-10-04,CUST-1308,Shreya Sharma,East,Apparel,Denim Jacket,1,1999,30,1399.3,Credit Card,Returning
ORD-2026943,2025-10-04,CUST-1223,Meera Saxena,South,Stationery,Gel Pen Pack,3,99,25,222.75,Credit Card,Returning
ORD-2026944,2025-10-04,CUST-1184,Rahul Joshi,North,Apparel,Cotton T-Shirt,1,499,10,449.1,Debit Card,Returning
ORD-2026945,2025-10-04,CUST-1349,Rohan Mehta,East,Beauty,Herbal Shampoo,2,249,10,448.2,Credit Card,Returning
ORD-2026946,2025-10-04,CUST-1311,Muskan Joshi,East,Sports,Yoga Mat,1,699,5,664.05,Debit Card,New
ORD-2026947,2025-10-05,CUST-1321,Isha Mehta,Central,Electronics,Wireless Mouse,2,599,20,958.4,UPI,New
ORD-2026948,2025-10-05,CUST-1146,Tanya Patel,East,Beauty,Face Wash 100ml,1,299,10,269.1,Debit Card,Returning
ORD-2026949,2025-10-05,CUST-1015,Swati Joshi,North,Apparel,Formal Shirt,1,899,5,854.05,UPI,New
ORD-2026950,2025-10-05,CUST-1209,Meera Mehta,South,Sports,Yoga Mat,1,699,10,629.1,Credit Card,New
ORD-2026951,2025-10-05,CUST-1239,Rohan Malhotra,East,Home & Kitchen,Non-stick Pan Set,1,1299,5,1234.05,Cash,New
ORD-2026952,2025-10-05,CUST-1088,Arjun Patel,East,Electronics,Wireless Mouse,1,599,20,479.2,Credit Card,New
ORD-2026953,2025-10-05,CUST-1334,Kunal Singh,West,Electronics,Wireless Mouse,1,599,10,539.1,Credit Card,Returning
ORD-2026954,2025-10-05,CUST-1208,Arjun Singh,East,Home & Kitchen,LED Desk Lamp,2,799,0,1598.0,UPI,Returning
ORD-2026955,2025-10-05,CUST-1004,Tanya Malhotra,North,Stationery,Notebook Set,2,199,10,358.2,Debit Card,New
ORD-2026956,2025-10-05,CUST-1261,Shreya Patel,East,Sports,Yoga Mat,1,699,25,524.25,UPI,Returning
ORD-2026957,2025-10-06,CUST-1087,Kabir Verma,South,Apparel,Formal Shirt,1,899,25,674.25,Net Banking,Returning
ORD-2026958,2025-10-06,CUST-1039,Aarav Joshi,East,Electronics,Smartwatch,2,2999,25,4498.5,Cash,Returning
ORD-2026959,2025-10-06,CUST-1315,Muskan Singh,Central,Sports,Yoga Mat,1,699,5,664.05,Credit Card,Returning
ORD-2026960,2025-10-06,CUST-1245,Kunal Patel,North,Groceries,Basmati Rice 5kg,4,549,5,2086.2,Credit Card,New
ORD-2026961,2025-10-06,CUST-1296,Vivaan Kapoor,South,Sports,Cricket Bat,1,1499,25,1124.25,UPI,Returning
ORD-2026962,2025-10-06,CUST-1263,Tanya Mehta,North,Electronics,Smartwatch,2,2999,5,5698.1,Debit Card,Returning
ORD-2026963,2025-10-06,CUST-1297,Sakshi Kapoor,North,Groceries,Basmati Rice 5kg,2,549,25,823.5,Credit Card,Returning
ORD-2026964,2025-10-06,CUST-1325,Aarav Saxena,Central,Stationery,Gel Pen Pack,1,99,0,99.0,UPI,New
ORD-2026965,2025-10-06,CUST-1080,Kabir Sharma,Central,Beauty,Herbal Shampoo,5,249,0,1245.0,Debit Card,New
ORD-2026966,2025-10-06,CUST-1331,Arjun Singh,West,Groceries,Organic Honey 500g,2,349,5,663.1,Cash,New
ORD-2026967,2025-10-06,CUST-1235,Meera Verma,South,Sports,Cricket Bat,1,1499,25,1124.25,Credit Card,Returning
ORD-2026968,2025-10-06,CUST-1040,Aditya Malhotra,West,Groceries,Basmati Rice 5kg,1,549,15,466.65,Debit Card,Returning
ORD-2026969,2025-10-07,CUST-1113,Swati Saxena,East,Home & Kitchen,LED Desk Lamp,2,799,25,1198.5,Cash,New
ORD-2026970,2025-10-07,CUST-1274,Muskan Singh,South,Apparel,Cotton T-Shirt,1,499,0,499.0,Cash,Returning
ORD-2026971,2025-10-07,CUST-1030,Rahul Kapoor,Central,Stationery,Notebook Set,1,199,20,159.2,Debit Card,Returning
ORD-2026972,2025-10-07,CUST-1221,Kunal Singh,South,Home & Kitchen,Non-stick Pan Set,3,1299,0,3897.0,UPI,Returning
ORD-2026973,2025-10-07,CUST-1145,Kunal Joshi,North,Electronics,Bluetooth Headphones,1,1799,30,1259.3,Credit Card,Returning
ORD-2026974,2025-10-07,CUST-1306,Sakshi Malhotra,North,Home & Kitchen,LED Desk Lamp,2,799,10,1438.2,UPI,Returning
ORD-2026975,2025-10-07,CUST-1033,Meera Joshi,North,Home & Kitchen,LED Desk Lamp,1,799,20,639.2,UPI,Returning
ORD-2026976,2025-10-07,CUST-1294,Kabir Joshi,Central,Sports,Yoga Mat,2,699,15,1188.3,Net Banking,New
ORD-2026977,2025-10-07,CUST-1135,Shreya Joshi,North,Sports,Cricket Bat,2,1499,10,2698.2,UPI,Returning
ORD-2026978,2025-10-07,CUST-1183,Arjun Mehta,West,Stationery,Gel Pen Pack,3,99,5,282.15,Debit Card,Returning
ORD-2026979,2025-10-07,CUST-1355,Aditya Joshi,East,Home & Kitchen,LED Desk Lamp,1,799,5,759.05,UPI,New
ORD-2026980,2025-10-08,CUST-1047,Isha Kapoor,East,Stationery,Gel Pen Pack,1,99,0,99.0,UPI,New
ORD-2026981,2025-10-08,CUST-1118,Sakshi Malhotra,West,Apparel,Cotton T-Shirt,1,499,15,424.15,Net Banking,New
ORD-2026982,2025-10-08,CUST-1217,Ankit Patel,South,Electronics,Smartwatch,1,2999,25,2249.25,Credit Card,Returning
ORD-2026983,2025-10-08,CUST-1323,Muskan Verma,North,Sports,Cricket Bat,4,1499,5,5696.2,Debit Card,Returning
ORD-2026984,2025-10-08,CUST-1308,Shreya Sharma,West,Sports,Yoga Mat,1,699,0,699.0,Debit Card,New
ORD-2026985,2025-10-08,CUST-1335,Divya Saxena,East,Sports,Cricket Bat,1,1499,0,1499.0,Debit Card,New
ORD-2026986,2025-10-09,CUST-1186,Meera Verma,North,Apparel,Cotton T-Shirt,1,499,10,449.1,Cash,Returning
ORD-2026987,2025-10-09,CUST-1029,Swati Patel,South,Stationery,Gel Pen Pack,2,99,0,198.0,Debit Card,Returning
ORD-2026988,2025-10-09,CUST-1307,Swati Kapoor,West,Electronics,Bluetooth Headphones,2,1799,30,2518.6,Credit Card,Returning
ORD-2026989,2025-10-09,CUST-1384,Vivaan Singh,West,Home & Kitchen,Non-stick Pan Set,5,1299,15,5520.75,Debit Card,New
ORD-2026990,2025-10-09,CUST-1375,Kunal Joshi,East,Stationery,Notebook Set,2,199,20,318.4,Cash,Returning
ORD-2026991,2025-10-09,CUST-1368,Isha Patel,East,Electronics,Wireless Mouse,1,599,20,479.2,UPI,Returning
ORD-2026992,2025-10-09,CUST-1258,Muskan Joshi,Central,Stationery,Gel Pen Pack,1,99,20,79.2,UPI,Returning
ORD-2026993,2025-10-09,CUST-1041,Divya Malhotra,Central,Stationery,Notebook Set,1,199,10,179.1,Net Banking,Returning
ORD-2026994,2025-10-09,CUST-1003,Tanya Singh,East,Sports,Yoga Mat,3,699,10,1887.3,Net Banking,New
ORD-2026995,2025-10-09,CUST-1204,Meera Mehta,Central,Electronics,Wireless Mouse,2,599,15,1018.3,UPI,Returning
ORD-2026996,2025-10-09,CUST-1089,Arjun Verma,North,Home & Kitchen,Non-stick Pan Set,1,1299,5,1234.05,UPI,Returning
ORD-2026997,2025-10-09,CUST-1076,Tanya Saxena,South,Home & Kitchen,Non-stick Pan Set,2,1299,30,1818.6,Cash,Returning
ORD-2026998,2025-10-09,CUST-1298,Aarav Singh,West,Sports,Yoga Mat,3,699,10,1887.3,UPI,Returning
ORD-2026999,2025-10-10,CUST-1375,Kunal Joshi,West,Groceries,Basmati Rice 5kg,4,549,15,1866.6,Cash,Returning
ORD-2027000,2025-10-10,CUST-1313,Kunal Joshi,West,Stationery,Gel Pen Pack,1,99,0,99.0,Net Banking,Returning
ORD-2027001,2025-10-10,CUST-1213,Ankit Patel,East,Apparel,Formal Shirt,3,899,10,2427.3,Credit Card,Returning
ORD-2027002,2025-10-10,CUST-1262,Kunal Joshi,North,Home & Kitchen,LED Desk Lamp,1,799,10,719.1,Debit Card,New
ORD-2027003,2025-10-10,CUST-1017,Aarav Verma,Central,Electronics,Wireless Mouse,1,599,0,599.0,Debit Card,Returning
ORD-2027004,2025-10-10,CUST-1305,Muskan Joshi,Central,Electronics,Wireless Mouse,5,599,15,2545.75,Debit Card,Returning
ORD-2027005,2025-10-10,CUST-1098,Rohan Patel,West,Beauty,Herbal Shampoo,5,249,25,933.75,Cash,New
ORD-2027006,2025-10-10,CUST-1104,Nandini Saxena,Central,Sports,Yoga Mat,1,699,15,594.15,Credit Card,New
ORD-2027007,2025-10-11,CUST-1356,Isha Verma,South,Beauty,Face Wash 100ml,3,299,10,807.3,UPI,Returning
ORD-2027008,2025-10-11,CUST-1191,Nandini Malhotra,East,Groceries,Organic Honey 500g,3,349,0,1047.0,Net Banking,Returning
ORD-2027009,2025-10-11,CUST-1090,Aarav Joshi,North,Electronics,Wireless Mouse,2,599,5,1138.1,Credit Card,Returning
ORD-2027010,2025-10-11,CUST-1253,Swati Malhotra,South,Stationery,Notebook Set,1,199,15,169.15,Debit Card,Returning
ORD-2027011,2025-10-11,CUST-1159,Isha Kapoor,South,Stationery,Notebook Set,3,199,10,537.3,Credit Card,Returning
ORD-2027012,2025-10-11,CUST-1137,Nandini Kapoor,South,Stationery,Notebook Set,2,199,15,338.3,Cash,New
ORD-2027013,2025-10-11,CUST-1118,Sakshi Malhotra,Central,Stationery,Notebook Set,1,199,10,179.1,UPI,New
ORD-2027014,2025-10-11,CUST-1143,Muskan Saxena,West,Groceries,Basmati Rice 5kg,2,549,25,823.5,Credit Card,Returning
ORD-2027015,2025-10-11,CUST-1155,Aman Saxena,East,Electronics,Smartwatch,2,2999,10,5398.2,Cash,Returning
ORD-2027016,2025-10-11,CUST-1220,Aditya Kapoor,Central,Electronics,Wireless Mouse,2,599,20,958.4,Net Banking,Returning
ORD-2027017,2025-10-12,CUST-1260,Ankit Verma,West,Apparel,Cotton T-Shirt,4,499,0,1996.0,Credit Card,New
ORD-2027018,2025-10-12,CUST-1069,Kabir Joshi,North,Sports,Yoga Mat,1,699,30,489.3,Debit Card,Returning
ORD-2027019,2025-10-12,CUST-1224,Swati Verma,Central,Sports,Cricket Bat,1,1499,30,1049.3,UPI,Returning
ORD-2027020,2025-10-12,CUST-1055,Rohan Saxena,North,Sports,Yoga Mat,1,699,0,699.0,Credit Card,Returning
ORD-2027021,2025-10-12,CUST-1204,Meera Mehta,South,Home & Kitchen,LED Desk Lamp,1,799,30,559.3,Debit Card,New
ORD-2027022,2025-10-12,CUST-1152,Kabir Gupta,South,Apparel,Denim Jacket,2,1999,0,3998.0,UPI,Returning
ORD-2027023,2025-10-12,CUST-1090,Aarav Joshi,North,Stationery,Notebook Set,2,199,30,278.6,Debit Card,Returning
ORD-2027024,2025-10-12,CUST-1336,Arjun Singh,East,Beauty,Herbal Shampoo,1,249,5,236.55,Debit Card,New
ORD-2027025,2025-10-12,CUST-1334,Kunal Singh,South,Home & Kitchen,Non-stick Pan Set,4,1299,15,4416.6,UPI,Returning
ORD-2027026,2025-10-12,CUST-1293,Sakshi Singh,Central,Apparel,Cotton T-Shirt,3,499,10,1347.3,Cash,Returning
ORD-2027027,2025-10-12,CUST-1153,Swati Verma,Central,Electronics,Bluetooth Headphones,1,1799,20,1439.2,Debit Card,Returning
ORD-2027028,2025-10-12,CUST-1178,Komal Sharma,West,Sports,Cricket Bat,1,1499,10,1349.1,Debit Card,New
ORD-2027029,2025-10-12,CUST-1176,Meera Sharma,East,Apparel,Cotton T-Shirt,3,499,0,1497.0,Debit Card,Returning
ORD-2027030,2025-10-12,CUST-1072,Tanya Sharma,Central,Electronics,Bluetooth Headphones,4,1799,10,6476.4,UPI,Returning
ORD-2027031,2025-10-12,CUST-1132,Shreya Sharma,South,Electronics,Bluetooth Headphones,1,1799,25,1349.25,Debit Card,Returning
ORD-2027032,2025-10-12,CUST-1227,Rohan Joshi,Central,Electronics,Smartwatch,1,2999,25,2249.25,UPI,Returning
ORD-2027033,2025-10-13,CUST-1290,Kabir Mehta,North,Home & Kitchen,LED Desk Lamp,2,799,25,1198.5,Cash,New
ORD-2027034,2025-10-13,CUST-1175,Vivaan Kapoor,North,Apparel,Cotton T-Shirt,1,499,15,424.15,Credit Card,Returning
ORD-2027035,2025-10-13,CUST-1266,Vivaan Kapoor,South,Apparel,Formal Shirt,4,899,20,2876.8,UPI,New
ORD-2027036,2025-10-13,CUST-1098,Rohan Patel,Central,Apparel,Denim Jacket,1,1999,25,1499.25,Debit Card,Returning
ORD-2027037,2025-10-13,CUST-1258,Muskan Joshi,East,Groceries,Basmati Rice 5kg,2,549,10,988.2,UPI,Returning
ORD-2027038,2025-10-13,CUST-1381,Kabir Kapoor,North,Stationery,Gel Pen Pack,2,99,20,158.4,Credit Card,New
ORD-2027039,2025-10-13,CUST-1001,Rohan Patel,East,Beauty,Face Wash 100ml,3,299,0,897.0,Cash,New
ORD-2027040,2025-10-13,CUST-1240,Sakshi Patel,Central,Sports,Yoga Mat,2,699,5,1328.1,Debit Card,New
ORD-2027041,2025-10-14,CUST-1158,Shreya Singh,North,Stationery,Notebook Set,3,199,20,477.6,Credit Card,Returning
ORD-2027042,2025-10-14,CUST-1075,Divya Patel,West,Apparel,Denim Jacket,3,1999,5,5697.15,Debit Card,New
ORD-2027043,2025-10-14,CUST-1330,Nandini Gupta,East,Home & Kitchen,Non-stick Pan Set,1,1299,0,1299.0,Debit Card,New
ORD-2027044,2025-10-14,CUST-1284,Arjun Kapoor,East,Apparel,Denim Jacket,2,1999,30,2798.6,UPI,New
ORD-2027045,2025-10-14,CUST-1066,Kunal Verma,Central,Electronics,Smartwatch,2,2999,20,4798.4,Cash,Returning
ORD-2027046,2025-10-14,CUST-1280,Muskan Kapoor,South,Apparel,Formal Shirt,2,899,10,1618.2,UPI,Returning
ORD-2027047,2025-10-14,CUST-1362,Shreya Malhotra,East,Sports,Yoga Mat,2,699,15,1188.3,UPI,Returning
ORD-2027048,2025-10-14,CUST-1019,Aarav Joshi,North,Beauty,Face Wash 100ml,2,299,0,598.0,UPI,Returning
ORD-2027049,2025-10-14,CUST-1301,Shreya Sharma,South,Sports,Yoga Mat,1,699,0,699.0,UPI,New
ORD-2027050,2025-10-14,CUST-1285,Ankit Joshi,South,Electronics,Smartwatch,1,2999,15,2549.15,Debit Card,Returning
ORD-2027051,2025-10-14,CUST-1264,Vivaan Malhotra,Central,Beauty,Herbal Shampoo,1,249,10,224.1,Cash,New
ORD-2027052,2025-10-14,CUST-1067,Nandini Gupta,East,Electronics,Wireless Mouse,1,599,25,449.25,UPI,Returning
ORD-2027053,2025-10-14,CUST-1362,Shreya Malhotra,South,Apparel,Denim Jacket,1,1999,5,1899.05,Credit Card,Returning
ORD-2027054,2025-10-14,CUST-1049,Kunal Gupta,Central,Stationery,Gel Pen Pack,1,99,5,94.05,Credit Card,New
ORD-2027055,2025-10-14,CUST-1334,Kunal Singh,North,Electronics,Smartwatch,1,2999,0,2999.0,UPI,Returning
ORD-2027056,2025-10-14,CUST-1106,Ankit Saxena,East,Electronics,Bluetooth Headphones,4,1799,0,7196.0,Credit Card,Returning
ORD-2027057,2025-10-15,CUST-1011,Kunal Sharma,West,Home & Kitchen,LED Desk Lamp,1,799,0,799.0,Credit Card,New
ORD-2027058,2025-10-15,CUST-1156,Nandini Joshi,East,Stationery,Notebook Set,1,199,0,199.0,Credit Card,Returning
ORD-2027059,2025-10-15,CUST-1328,Arjun Verma,Central,Groceries,Basmati Rice 5kg,3,549,25,1235.25,Credit Card,Returning
ORD-2027060,2025-10-15,CUST-1009,Shreya Gupta,South,Sports,Yoga Mat,2,699,30,978.6,Net Banking,New
ORD-2027061,2025-10-15,CUST-1279,Tanya Kapoor,West,Home & Kitchen,Non-stick Pan Set,2,1299,0,2598.0,Credit Card,New
ORD-2027062,2025-10-15,CUST-1387,Rohan Patel,North,Apparel,Denim Jacket,1,1999,25,1499.25,Debit Card,Returning
ORD-2027063,2025-10-15,CUST-1184,Rahul Joshi,South,Groceries,Basmati Rice 5kg,1,549,30,384.3,Credit Card,New
ORD-2027064,2025-10-16,CUST-1329,Swati Gupta,North,Stationery,Notebook Set,1,199,10,179.1,Net Banking,Returning
ORD-2027065,2025-10-16,CUST-1241,Rahul Singh,North,Beauty,Herbal Shampoo,2,249,10,448.2,Debit Card,Returning
ORD-2027066,2025-10-16,CUST-1028,Swati Joshi,North,Home & Kitchen,LED Desk Lamp,2,799,20,1278.4,UPI,Returning
ORD-2027067,2025-10-16,CUST-1168,Nandini Joshi,West,Beauty,Herbal Shampoo,1,249,15,211.65,Net Banking,New
ORD-2027068,2025-10-16,CUST-1016,Arjun Kapoor,East,Home & Kitchen,Non-stick Pan Set,5,1299,20,5196.0,UPI,New
ORD-2027069,2025-10-16,CUST-1169,Nandini Patel,West,Beauty,Face Wash 100ml,4,299,0,1196.0,Net Banking,Returning
ORD-2027070,2025-10-16,CUST-1310,Meera Patel,West,Stationery,Gel Pen Pack,2,99,10,178.2,Net Banking,Returning
ORD-2027071,2025-10-16,CUST-1247,Meera Malhotra,South,Apparel,Formal Shirt,1,899,0,899.0,Cash,New
ORD-2027072,2025-10-16,CUST-1190,Rahul Patel,West,Sports,Yoga Mat,1,699,15,594.15,Debit Card,New
ORD-2027073,2025-10-16,CUST-1148,Nandini Malhotra,East,Beauty,Face Wash 100ml,1,299,5,284.05,UPI,New
ORD-2027074,2025-10-16,CUST-1306,Sakshi Malhotra,West,Apparel,Formal Shirt,1,899,20,719.2,Credit Card,Returning
ORD-2027075,2025-10-17,CUST-1168,Nandini Joshi,East,Sports,Cricket Bat,1,1499,5,1424.05,UPI,Returning
ORD-2027076,2025-10-17,CUST-1046,Rohan Kapoor,North,Groceries,Basmati Rice 5kg,3,549,20,1317.6,UPI,Returning
ORD-2027077,2025-10-17,CUST-1320,Ankit Kapoor,West,Stationery,Gel Pen Pack,1,99,5,94.05,UPI,Returning
ORD-2027078,2025-10-17,CUST-1331,Arjun Singh,North,Stationery,Gel Pen Pack,1,99,20,79.2,Debit Card,Returning
ORD-2027079,2025-10-17,CUST-1111,Swati Joshi,West,Stationery,Notebook Set,1,199,10,179.1,Credit Card,Returning
ORD-2027080,2025-10-17,CUST-1349,Rohan Mehta,North,Electronics,Smartwatch,2,2999,30,4198.6,Cash,Returning
ORD-2027081,2025-10-17,CUST-1332,Rahul Malhotra,West,Sports,Yoga Mat,1,699,0,699.0,UPI,Returning
ORD-2027082,2025-10-17,CUST-1232,Aman Patel,South,Sports,Cricket Bat,1,1499,25,1124.25,Net Banking,Returning
ORD-2027083,2025-10-17,CUST-1306,Sakshi Malhotra,Central,Sports,Yoga Mat,2,699,10,1258.2,Cash,New
ORD-2027084,2025-10-17,CUST-1168,Nandini Joshi,West,Beauty,Herbal Shampoo,1,249,30,174.3,Credit Card,Returning
ORD-2027085,2025-10-17,CUST-1185,Meera Sharma,North,Home & Kitchen,LED Desk Lamp,1,799,30,559.3,Cash,New
ORD-2027086,2025-10-17,CUST-1062,Tanya Sharma,North,Sports,Yoga Mat,3,699,5,1992.15,Cash,Returning
ORD-2027087,2025-10-17,CUST-1355,Aditya Joshi,South,Electronics,Smartwatch,3,2999,20,7197.6,UPI,New
ORD-2027088,2025-10-18,CUST-1252,Arjun Singh,East,Apparel,Formal Shirt,1,899,5,854.05,Credit Card,Returning
ORD-2027089,2025-10-18,CUST-1291,Arjun Saxena,East,Beauty,Herbal Shampoo,1,249,0,249.0,Cash,Returning
ORD-2027090,2025-10-18,CUST-1250,Shreya Saxena,East,Electronics,Smartwatch,2,2999,5,5698.1,Debit Card,New
ORD-2027091,2025-10-18,CUST-1174,Rahul Singh,East,Stationery,Notebook Set,4,199,25,597.0,Cash,Returning
ORD-2027092,2025-10-18,CUST-1032,Shreya Mehta,North,Apparel,Denim Jacket,3,1999,25,4497.75,Debit Card,Returning
ORD-2027093,2025-10-18,CUST-1139,Aditya Sharma,West,Electronics,Bluetooth Headphones,2,1799,0,3598.0,UPI,New
ORD-2027094,2025-10-18,CUST-1263,Tanya Mehta,Central,Home & Kitchen,Non-stick Pan Set,3,1299,5,3702.15,Credit Card,New
ORD-2027095,2025-10-18,CUST-1162,Aarav Kapoor,South,Stationery,Gel Pen Pack,3,99,20,237.6,Debit Card,Returning
ORD-2027096,2025-10-18,CUST-1359,Arjun Mehta,South,Electronics,Wireless Mouse,1,599,25,449.25,Debit Card,Returning
ORD-2027097,2025-10-18,CUST-1115,Divya Kapoor,South,Home & Kitchen,Non-stick Pan Set,2,1299,15,2208.3,Debit Card,New
ORD-2027098,2025-10-18,CUST-1328,Arjun Verma,West,Stationery,Notebook Set,1,199,5,189.05,UPI,Returning
ORD-2027099,2025-10-19,CUST-1367,Aman Saxena,Central,Sports,Yoga Mat,1,699,0,699.0,Net Banking,Returning
ORD-2027100,2025-10-19,CUST-1172,Nandini Saxena,West,Groceries,Basmati Rice 5kg,2,549,0,1098.0,Net Banking,New
ORD-2027101,2025-10-19,CUST-1174,Rahul Singh,West,Electronics,Wireless Mouse,1,599,15,509.15,Net Banking,Returning
ORD-2027102,2025-10-19,CUST-1244,Meera Gupta,Central,Sports,Cricket Bat,1,1499,10,1349.1,Debit Card,New
ORD-2027103,2025-10-19,CUST-1316,Komal Saxena,East,Beauty,Herbal Shampoo,4,249,20,796.8,UPI,Returning
ORD-2027104,2025-10-19,CUST-1350,Isha Kapoor,North,Home & Kitchen,LED Desk Lamp,4,799,10,2876.4,Credit Card,Returning
ORD-2027105,2025-10-19,CUST-1209,Meera Mehta,East,Electronics,Bluetooth Headphones,1,1799,10,1619.1,Cash,New
ORD-2027106,2025-10-19,CUST-1353,Vivaan Gupta,North,Apparel,Denim Jacket,1,1999,15,1699.15,Credit Card,New
ORD-2027107,2025-10-19,CUST-1342,Vivaan Saxena,East,Electronics,Wireless Mouse,1,599,10,539.1,Debit Card,New
ORD-2027108,2025-10-19,CUST-1147,Aman Saxena,North,Groceries,Organic Honey 500g,1,349,0,349.0,Debit Card,Returning
ORD-2027109,2025-10-19,CUST-1114,Vivaan Malhotra,West,Apparel,Cotton T-Shirt,2,499,5,948.1,Net Banking,Returning
ORD-2027110,2025-10-20,CUST-1046,Rohan Kapoor,East,Apparel,Denim Jacket,5,1999,10,8995.5,Cash,Returning
ORD-2027111,2025-10-20,CUST-1142,Divya Singh,East,Beauty,Face Wash 100ml,4,299,10,1076.4,UPI,Returning
ORD-2027112,2025-10-20,CUST-1333,Aarav Gupta,North,Beauty,Herbal Shampoo,2,249,20,398.4,Net Banking,New
ORD-2027113,2025-10-20,CUST-1392,Aarav Singh,East,Home & Kitchen,Non-stick Pan Set,1,1299,5,1234.05,Credit Card,Returning
ORD-2027114,2025-10-20,CUST-1376,Kunal Kapoor,Central,Sports,Yoga Mat,1,699,25,524.25,Credit Card,Returning
ORD-2027115,2025-10-20,CUST-1279,Tanya Kapoor,South,Apparel,Denim Jacket,1,1999,5,1899.05,UPI,New
ORD-2027116,2025-10-20,CUST-1301,Shreya Sharma,South,Beauty,Herbal Shampoo,1,249,0,249.0,Cash,Returning
ORD-2027117,2025-10-20,CUST-1233,Rahul Joshi,Central,Beauty,Face Wash 100ml,2,299,5,568.1,UPI,Returning
ORD-2027118,2025-10-20,CUST-1031,Kabir Malhotra,West,Home & Kitchen,Non-stick Pan Set,3,1299,0,3897.0,Cash,New
ORD-2027119,2025-10-20,CUST-1071,Kabir Malhotra,Central,Stationery,Notebook Set,1,199,10,179.1,UPI,Returning
ORD-2027120,2025-10-20,CUST-1180,Muskan Joshi,East,Home & Kitchen,Non-stick Pan Set,1,1299,10,1169.1,Cash,New
ORD-2027121,2025-10-20,CUST-1010,Kabir Singh,West,Groceries,Basmati Rice 5kg,1,549,20,439.2,Debit Card,New
ORD-2027122,2025-10-21,CUST-1258,Muskan Joshi,East,Home & Kitchen,LED Desk Lamp,4,799,20,2556.8,UPI,New
ORD-2027123,2025-10-21,CUST-1079,Komal Mehta,Central,Apparel,Formal Shirt,3,899,15,2292.45,Debit Card,Returning
ORD-2027124,2025-10-21,CUST-1010,Kabir Singh,South,Stationery,Notebook Set,1,199,30,139.3,Cash,Returning
ORD-2027125,2025-10-21,CUST-1248,Meera Saxena,North,Beauty,Herbal Shampoo,2,249,30,348.6,Debit Card,New
ORD-2027126,2025-10-21,CUST-1258,Muskan Joshi,East,Electronics,Wireless Mouse,1,599,0,599.0,UPI,Returning
ORD-2027127,2025-10-21,CUST-1398,Sakshi Patel,South,Electronics,Wireless Mouse,2,599,30,838.6,UPI,Returning
ORD-2027128,2025-10-21,CUST-1355,Aditya Joshi,West,Stationery,Notebook Set,1,199,5,189.05,UPI,Returning
ORD-2027129,2025-10-21,CUST-1319,Rohan Sharma,Central,Electronics,Bluetooth Headphones,4,1799,0,7196.0,Credit Card,New
ORD-2027130,2025-10-22,CUST-1341,Meera Patel,South,Stationery,Gel Pen Pack,1,99,5,94.05,Credit Card,New
ORD-2027131,2025-10-22,CUST-1022,Tanya Verma,South,Groceries,Basmati Rice 5kg,3,549,30,1152.9,Net Banking,Returning
ORD-2027132,2025-10-22,CUST-1057,Tanya Malhotra,South,Sports,Yoga Mat,1,699,5,664.05,UPI,Returning
ORD-2027133,2025-10-22,CUST-1038,Rohan Joshi,Central,Apparel,Formal Shirt,1,899,15,764.15,UPI,Returning
ORD-2027134,2025-10-22,CUST-1114,Vivaan Malhotra,East,Groceries,Basmati Rice 5kg,2,549,15,933.3,Cash,Returning
ORD-2027135,2025-10-22,CUST-1132,Shreya Sharma,East,Sports,Yoga Mat,1,699,0,699.0,Credit Card,Returning
ORD-2027136,2025-10-22,CUST-1263,Tanya Mehta,East,Groceries,Organic Honey 500g,1,349,30,244.3,Credit Card,Returning
ORD-2027137,2025-10-22,CUST-1182,Swati Verma,South,Apparel,Cotton T-Shirt,2,499,25,748.5,Credit Card,New
ORD-2027138,2025-10-22,CUST-1358,Aman Patel,East,Stationery,Notebook Set,1,199,0,199.0,Credit Card,Returning
ORD-2027139,2025-10-23,CUST-1303,Sakshi Sharma,East,Sports,Yoga Mat,1,699,20,559.2,UPI,Returning
ORD-2027140,2025-10-23,CUST-1128,Sakshi Malhotra,East,Electronics,Wireless Mouse,2,599,10,1078.2,Net Banking,Returning
ORD-2027141,2025-10-23,CUST-1236,Divya Mehta,West,Home & Kitchen,LED Desk Lamp,2,799,15,1358.3,UPI,Returning
ORD-2027142,2025-10-23,CUST-1290,Kabir Mehta,South,Electronics,Smartwatch,3,2999,25,6747.75,Cash,New
ORD-2027143,2025-10-23,CUST-1014,Vivaan Kapoor,South,Home & Kitchen,Non-stick Pan Set,1,1299,25,974.25,Debit Card,New
ORD-2027144,2025-10-23,CUST-1097,Rohan Verma,South,Beauty,Face Wash 100ml,1,299,0,299.0,Cash,New
ORD-2027145,2025-10-23,CUST-1320,Ankit Kapoor,North,Beauty,Herbal Shampoo,1,249,0,249.0,UPI,Returning
ORD-2027146,2025-10-23,CUST-1063,Aman Sharma,West,Home & Kitchen,LED Desk Lamp,1,799,25,599.25,Net Banking,New
ORD-2027147,2025-10-23,CUST-1020,Rohan Malhotra,West,Beauty,Face Wash 100ml,1,299,0,299.0,Net Banking,New
ORD-2027148,2025-10-23,CUST-1278,Meera Verma,Central,Stationery,Gel Pen Pack,4,99,10,356.4,Cash,Returning
ORD-2027149,2025-10-23,CUST-1247,Meera Malhotra,East,Apparel,Denim Jacket,1,1999,30,1399.3,Cash,New
ORD-2027150,2025-10-23,CUST-1169,Nandini Patel,West,Electronics,Wireless Mouse,1,599,10,539.1,Cash,Returning
ORD-2027151,2025-10-23,CUST-1078,Kabir Malhotra,South,Apparel,Denim Jacket,4,1999,5,7596.2,Cash,New
ORD-2027152,2025-10-23,CUST-1052,Meera Verma,South,Apparel,Formal Shirt,4,899,20,2876.8,Credit Card,Returning
ORD-2027153,2025-10-23,CUST-1233,Rahul Joshi,East,Groceries,Basmati Rice 5kg,2,549,15,933.3,UPI,Returning
ORD-2027154,2025-10-24,CUST-1055,Rohan Saxena,East,Apparel,Denim Jacket,2,1999,25,2998.5,Net Banking,Returning
ORD-2027155,2025-10-24,CUST-1362,Shreya Malhotra,Central,Electronics,Smartwatch,1,2999,15,2549.15,Debit Card,New
ORD-2027156,2025-10-24,CUST-1007,Aarav Sharma,South,Home & Kitchen,Non-stick Pan Set,3,1299,5,3702.15,Debit Card,New
ORD-2027157,2025-10-24,CUST-1227,Rohan Joshi,South,Home & Kitchen,LED Desk Lamp,1,799,25,599.25,Cash,New
ORD-2027158,2025-10-24,CUST-1113,Swati Saxena,North,Sports,Yoga Mat,1,699,25,524.25,Cash,Returning
ORD-2027159,2025-10-24,CUST-1090,Aarav Joshi,East,Stationery,Notebook Set,1,199,5,189.05,Net Banking,Returning
ORD-2027160,2025-10-24,CUST-1397,Aman Verma,Central,Apparel,Denim Jacket,2,1999,30,2798.6,UPI,Returning
ORD-2027161,2025-10-24,CUST-1372,Vivaan Singh,North,Beauty,Face Wash 100ml,2,299,30,418.6,Debit Card,New
ORD-2027162,2025-10-24,CUST-1099,Rahul Malhotra,North,Sports,Yoga Mat,1,699,15,594.15,Cash,Returning
ORD-2027163,2025-10-24,CUST-1033,Meera Joshi,North,Groceries,Organic Honey 500g,2,349,15,593.3,Credit Card,New
ORD-2027164,2025-10-24,CUST-1248,Meera Saxena,East,Groceries,Basmati Rice 5kg,1,549,30,384.3,Net Banking,Returning
ORD-2027165,2025-10-24,CUST-1058,Nandini Singh,West,Electronics,Bluetooth Headphones,1,1799,10,1619.1,Cash,Returning
ORD-2027166,2025-10-24,CUST-1397,Aman Verma,East,Apparel,Cotton T-Shirt,5,499,5,2370.25,Credit Card,New
ORD-2027167,2025-10-24,CUST-1052,Meera Verma,North,Beauty,Face Wash 100ml,1,299,30,209.3,Debit Card,New
ORD-2027168,2025-10-24,CUST-1025,Aditya Singh,Central,Electronics,Wireless Mouse,1,599,10,539.1,Net Banking,Returning
ORD-2027169,2025-10-25,CUST-1185,Meera Sharma,West,Apparel,Denim Jacket,1,1999,25,1499.25,Net Banking,Returning
ORD-2027170,2025-10-25,CUST-1284,Arjun Kapoor,North,Stationery,Gel Pen Pack,1,99,0,99.0,Credit Card,Returning
ORD-2027171,2025-10-25,CUST-1383,Aman Gupta,South,Electronics,Wireless Mouse,1,599,15,509.15,Debit Card,Returning
ORD-2027172,2025-10-25,CUST-1270,Nandini Verma,Central,Electronics,Smartwatch,5,2999,10,13495.5,UPI,New
ORD-2027173,2025-10-25,CUST-1299,Kabir Mehta,Central,Stationery,Gel Pen Pack,2,99,15,168.3,Credit Card,New
ORD-2027174,2025-10-25,CUST-1294,Kabir Joshi,North,Electronics,Bluetooth Headphones,1,1799,5,1709.05,UPI,New
ORD-2027175,2025-10-25,CUST-1155,Aman Saxena,East,Home & Kitchen,LED Desk Lamp,1,799,30,559.3,Debit Card,New
ORD-2027176,2025-10-25,CUST-1313,Kunal Joshi,West,Sports,Yoga Mat,1,699,0,699.0,Credit Card,New
ORD-2027177,2025-10-25,CUST-1035,Isha Joshi,West,Apparel,Denim Jacket,1,1999,0,1999.0,Debit Card,New
ORD-2027178,2025-10-25,CUST-1259,Rahul Singh,South,Electronics,Smartwatch,1,2999,20,2399.2,Net Banking,Returning
ORD-2027179,2025-10-25,CUST-1159,Isha Kapoor,North,Electronics,Bluetooth Headphones,2,1799,25,2698.5,UPI,Returning
ORD-2027180,2025-10-26,CUST-1379,Divya Verma,East,Stationery,Notebook Set,1,199,30,139.3,Debit Card,Returning
ORD-2027181,2025-10-26,CUST-1152,Kabir Gupta,Central,Apparel,Denim Jacket,1,1999,30,1399.3,Debit Card,Returning
ORD-2027182,2025-10-26,CUST-1103,Muskan Gupta,East,Sports,Yoga Mat,2,699,15,1188.3,Debit Card,Returning
ORD-2027183,2025-10-26,CUST-1207,Rohan Malhotra,North,Stationery,Notebook Set,1,199,5,189.05,Debit Card,Returning
ORD-2027184,2025-10-26,CUST-1276,Swati Joshi,East,Home & Kitchen,LED Desk Lamp,4,799,5,3036.2,Net Banking,Returning
ORD-2027185,2025-10-26,CUST-1181,Kunal Sharma,South,Sports,Yoga Mat,1,699,10,629.1,UPI,Returning
ORD-2027186,2025-10-26,CUST-1296,Vivaan Kapoor,South,Apparel,Formal Shirt,1,899,30,629.3,Credit Card,Returning
ORD-2027187,2025-10-26,CUST-1056,Aarav Kapoor,South,Stationery,Gel Pen Pack,2,99,20,158.4,Debit Card,Returning
ORD-2027188,2025-10-26,CUST-1051,Rohan Patel,East,Beauty,Herbal Shampoo,1,249,20,199.2,Credit Card,New
ORD-2027189,2025-10-26,CUST-1039,Aarav Joshi,North,Groceries,Basmati Rice 5kg,2,549,5,1043.1,Credit Card,Returning
ORD-2027190,2025-10-26,CUST-1239,Rohan Malhotra,North,Apparel,Formal Shirt,1,899,10,809.1,Net Banking,Returning
ORD-2027191,2025-10-27,CUST-1133,Kunal Mehta,Central,Apparel,Cotton T-Shirt,2,499,15,848.3,Cash,New
ORD-2027192,2025-10-27,CUST-1347,Ankit Joshi,West,Beauty,Herbal Shampoo,1,249,0,249.0,Credit Card,Returning
ORD-2027193,2025-10-27,CUST-1044,Swati Saxena,Central,Apparel,Formal Shirt,1,899,25,674.25,UPI,Returning
ORD-2027194,2025-10-27,CUST-1365,Meera Singh,East,Beauty,Face Wash 100ml,2,299,5,568.1,Debit Card,Returning
ORD-2027195,2025-10-28,CUST-1172,Nandini Saxena,North,Groceries,Basmati Rice 5kg,1,549,0,549.0,Credit Card,Returning
ORD-2027196,2025-10-28,CUST-1189,Vivaan Mehta,East,Home & Kitchen,LED Desk Lamp,2,799,25,1198.5,Credit Card,New
ORD-2027197,2025-10-28,CUST-1153,Swati Verma,East,Stationery,Notebook Set,2,199,10,358.2,Debit Card,Returning
ORD-2027198,2025-10-28,CUST-1074,Kabir Kapoor,Central,Apparel,Cotton T-Shirt,3,499,30,1047.9,Debit Card,New
ORD-2027199,2025-10-28,CUST-1235,Meera Verma,Central,Home & Kitchen,Non-stick Pan Set,1,1299,10,1169.1,Cash,Returning
ORD-2027200,2025-10-28,CUST-1006,Sakshi Singh,East,Groceries,Basmati Rice 5kg,3,549,5,1564.65,UPI,New
ORD-2027201,2025-10-28,CUST-1102,Aarav Patel,East,Groceries,Organic Honey 500g,2,349,10,628.2,UPI,New
ORD-2027202,2025-10-28,CUST-1165,Rahul Singh,East,Electronics,Wireless Mouse,1,599,15,509.15,Net Banking,Returning
ORD-2027203,2025-10-28,CUST-1261,Shreya Patel,West,Groceries,Organic Honey 500g,1,349,15,296.65,Cash,Returning
ORD-2027204,2025-10-29,CUST-1096,Kunal Saxena,South,Home & Kitchen,Non-stick Pan Set,4,1299,30,3637.2,Credit Card,Returning
ORD-2027205,2025-10-29,CUST-1231,Divya Gupta,West,Beauty,Herbal Shampoo,1,249,5,236.55,Debit Card,Returning
ORD-2027206,2025-10-29,CUST-1390,Rahul Saxena,South,Sports,Yoga Mat,3,699,0,2097.0,Debit Card,New
ORD-2027207,2025-10-29,CUST-1266,Vivaan Kapoor,West,Groceries,Basmati Rice 5kg,1,549,10,494.1,Credit Card,New
ORD-2027208,2025-10-29,CUST-1097,Rohan Verma,South,Apparel,Cotton T-Shirt,1,499,15,424.15,UPI,New
ORD-2027209,2025-10-29,CUST-1333,Aarav Gupta,South,Groceries,Basmati Rice 5kg,3,549,15,1399.95,Net Banking,Returning
ORD-2027210,2025-10-29,CUST-1225,Aarav Kapoor,North,Apparel,Cotton T-Shirt,2,499,25,748.5,Credit Card,Returning
ORD-2027211,2025-10-29,CUST-1090,Aarav Joshi,North,Beauty,Herbal Shampoo,5,249,20,996.0,Net Banking,New
ORD-2027212,2025-10-29,CUST-1105,Rohan Singh,East,Groceries,Basmati Rice 5kg,1,549,10,494.1,Credit Card,New
ORD-2027213,2025-10-29,CUST-1205,Aman Sharma,South,Electronics,Wireless Mouse,1,599,30,419.3,Credit Card,New
ORD-2027214,2025-10-29,CUST-1274,Muskan Singh,Central,Sports,Yoga Mat,1,699,0,699.0,Credit Card,Returning
ORD-2027215,2025-10-30,CUST-1090,Aarav Joshi,South,Apparel,Denim Jacket,2,1999,25,2998.5,Net Banking,Returning
ORD-2027216,2025-10-30,CUST-1371,Rahul Verma,South,Stationery,Notebook Set,5,199,30,696.5,Credit Card,Returning
ORD-2027217,2025-10-30,CUST-1131,Aarav Sharma,East,Sports,Cricket Bat,3,1499,10,4047.3,Credit Card,Returning
ORD-2027218,2025-10-30,CUST-1030,Rahul Kapoor,Central,Electronics,Smartwatch,1,2999,0,2999.0,Debit Card,New
ORD-2027219,2025-10-30,CUST-1153,Swati Verma,North,Sports,Yoga Mat,2,699,30,978.6,Credit Card,New
ORD-2027220,2025-10-30,CUST-1250,Shreya Saxena,Central,Stationery,Notebook Set,1,199,0,199.0,UPI,Returning
ORD-2027221,2025-10-30,CUST-1270,Nandini Verma,North,Apparel,Denim Jacket,1,1999,5,1899.05,Cash,Returning
ORD-2027222,2025-10-30,CUST-1268,Aman Verma,West,Apparel,Denim Jacket,1,1999,30,1399.3,UPI,Returning
ORD-2027223,2025-10-30,CUST-1166,Divya Mehta,North,Home & Kitchen,LED Desk Lamp,1,799,5,759.05,Credit Card,Returning
ORD-2027224,2025-10-30,CUST-1001,Rohan Patel,West,Electronics,Wireless Mouse,1,599,10,539.1,Net Banking,Returning
ORD-2027225,2025-10-30,CUST-1276,Swati Joshi,West,Sports,Yoga Mat,2,699,30,978.6,Credit Card,New
ORD-2027226,2025-10-30,CUST-1377,Sakshi Patel,East,Sports,Yoga Mat,1,699,10,629.1,Cash,New
ORD-2027227,2025-10-31,CUST-1387,Rohan Patel,North,Groceries,Organic Honey 500g,1,349,25,261.75,Credit Card,Returning
ORD-2027228,2025-10-31,CUST-1388,Aarav Saxena,South,Home & Kitchen,LED Desk Lamp,3,799,5,2277.15,UPI,Returning
ORD-2027229,2025-10-31,CUST-1142,Divya Singh,West,Groceries,Organic Honey 500g,3,349,15,889.95,UPI,New
ORD-2027230,2025-10-31,CUST-1150,Isha Singh,East,Apparel,Denim Jacket,2,1999,30,2798.6,Cash,Returning
ORD-2027231,2025-10-31,CUST-1315,Muskan Singh,East,Electronics,Wireless Mouse,1,599,25,449.25,UPI,New
ORD-2027232,2025-10-31,CUST-1186,Meera Verma,West,Sports,Cricket Bat,1,1499,25,1124.25,Debit Card,Returning
ORD-2027233,2025-10-31,CUST-1044,Swati Saxena,North,Beauty,Herbal Shampoo,1,249,25,186.75,Credit Card,Returning
ORD-2027234,2025-10-31,CUST-1216,Meera Malhotra,West,Home & Kitchen,Non-stick Pan Set,1,1299,30,909.3,Debit Card,Returning
ORD-2027235,2025-10-31,CUST-1074,Kabir Kapoor,North,Stationery,Notebook Set,1,199,15,169.15,UPI,Returning
ORD-2027236,2025-10-31,CUST-1276,Swati Joshi,West,Sports,Yoga Mat,1,699,5,664.05,Debit Card,New
ORD-2027237,2025-10-31,CUST-1370,Shreya Malhotra,Central,Stationery,Notebook Set,2,199,30,278.6,UPI,Returning
ORD-2027238,2025-10-31,CUST-1016,Arjun Kapoor,East,Stationery,Gel Pen Pack,1,99,25,74.25,UPI,New
ORD-2027239,2025-11-01,CUST-1084,Kunal Saxena,East,Beauty,Herbal Shampoo,1,249,15,211.65,Credit Card,Returning
ORD-2027240,2025-11-01,CUST-1130,Aditya Singh,North,Apparel,Cotton T-Shirt,1,499,20,399.2,Credit Card,New
ORD-2027241,2025-11-01,CUST-1325,Aarav Saxena,Central,Groceries,Basmati Rice 5kg,2,549,30,768.6,UPI,Returning
ORD-2027242,2025-11-01,CUST-1215,Arjun Singh,Central,Groceries,Basmati Rice 5kg,1,549,10,494.1,Net Banking,New
ORD-2027243,2025-11-01,CUST-1284,Arjun Kapoor,East,Apparel,Formal Shirt,1,899,15,764.15,Debit Card,Returning
ORD-2027244,2025-11-01,CUST-1007,Aarav Sharma,South,Apparel,Denim Jacket,2,1999,10,3598.2,Debit Card,Returning
ORD-2027245,2025-11-01,CUST-1244,Meera Gupta,West,Electronics,Bluetooth Headphones,1,1799,10,1619.1,UPI,New
ORD-2027246,2025-11-01,CUST-1286,Arjun Singh,North,Groceries,Organic Honey 500g,2,349,10,628.2,Credit Card,Returning
ORD-2027247,2025-11-01,CUST-1271,Nandini Sharma,South,Apparel,Cotton T-Shirt,1,499,25,374.25,Cash,Returning
ORD-2027248,2025-11-01,CUST-1321,Isha Mehta,East,Stationery,Gel Pen Pack,3,99,25,222.75,Cash,Returning
ORD-2027249,2025-11-01,CUST-1364,Rahul Malhotra,Central,Groceries,Organic Honey 500g,2,349,25,523.5,UPI,Returning
ORD-2027250,2025-11-01,CUST-1375,Kunal Joshi,East,Stationery,Notebook Set,2,199,30,278.6,Cash,Returning
ORD-2027251,2025-11-01,CUST-1054,Kunal Patel,North,Home & Kitchen,LED Desk Lamp,1,799,15,679.15,Credit Card,New
ORD-2027252,2025-11-01,CUST-1087,Kabir Verma,West,Sports,Yoga Mat,1,699,25,524.25,UPI,Returning
ORD-2027253,2025-11-01,CUST-1182,Swati Verma,South,Apparel,Cotton T-Shirt,2,499,30,698.6,Credit Card,Returning
ORD-2027254,2025-11-02,CUST-1078,Kabir Malhotra,North,Beauty,Herbal Shampoo,2,249,20,398.4,UPI,New
ORD-2027255,2025-11-02,CUST-1006,Sakshi Singh,North,Apparel,Cotton T-Shirt,3,499,25,1122.75,Debit Card,Returning
ORD-2027256,2025-11-02,CUST-1287,Divya Kapoor,Central,Beauty,Face Wash 100ml,3,299,20,717.6,Credit Card,Returning
ORD-2027257,2025-11-02,CUST-1011,Kunal Sharma,Central,Groceries,Basmati Rice 5kg,3,549,15,1399.95,Net Banking,Returning
ORD-2027258,2025-11-02,CUST-1107,Isha Sharma,South,Stationery,Notebook Set,2,199,0,398.0,Debit Card,Returning
ORD-2027259,2025-11-02,CUST-1093,Kabir Mehta,South,Stationery,Gel Pen Pack,1,99,30,69.3,Cash,Returning
ORD-2027260,2025-11-02,CUST-1262,Kunal Joshi,East,Stationery,Gel Pen Pack,1,99,10,89.1,Credit Card,Returning
ORD-2027261,2025-11-02,CUST-1229,Vivaan Singh,South,Sports,Yoga Mat,2,699,0,1398.0,UPI,Returning
ORD-2027262,2025-11-02,CUST-1040,Aditya Malhotra,North,Home & Kitchen,Non-stick Pan Set,4,1299,5,4936.2,Cash,New
ORD-2027263,2025-11-02,CUST-1388,Aarav Saxena,West,Beauty,Face Wash 100ml,1,299,30,209.3,UPI,Returning
ORD-2027264,2025-11-02,CUST-1091,Kabir Gupta,Central,Electronics,Smartwatch,1,2999,10,2699.1,Cash,New
ORD-2027265,2025-11-02,CUST-1079,Komal Mehta,Central,Stationery,Gel Pen Pack,3,99,10,267.3,Cash,New
ORD-2027266,2025-11-03,CUST-1367,Aman Saxena,East,Electronics,Wireless Mouse,1,599,20,479.2,Net Banking,Returning
ORD-2027267,2025-11-03,CUST-1275,Tanya Singh,South,Apparel,Cotton T-Shirt,2,499,15,848.3,UPI,New
ORD-2027268,2025-11-03,CUST-1390,Rahul Saxena,West,Electronics,Smartwatch,3,2999,0,8997.0,Net Banking,Returning
ORD-2027269,2025-11-03,CUST-1343,Tanya Sharma,East,Home & Kitchen,LED Desk Lamp,1,799,15,679.15,Debit Card,Returning
ORD-2027270,2025-11-03,CUST-1057,Tanya Malhotra,West,Home & Kitchen,Non-stick Pan Set,3,1299,30,2727.9,UPI,Returning
ORD-2027271,2025-11-03,CUST-1035,Isha Joshi,Central,Apparel,Denim Jacket,1,1999,0,1999.0,Credit Card,Returning
ORD-2027272,2025-11-03,CUST-1066,Kunal Verma,South,Apparel,Denim Jacket,1,1999,15,1699.15,Cash,Returning
ORD-2027273,2025-11-03,CUST-1336,Arjun Singh,South,Sports,Cricket Bat,2,1499,25,2248.5,UPI,New
ORD-2027274,2025-11-03,CUST-1264,Vivaan Malhotra,South,Sports,Yoga Mat,1,699,5,664.05,Net Banking,New
ORD-2027275,2025-11-03,CUST-1043,Divya Kapoor,Central,Sports,Cricket Bat,2,1499,25,2248.5,UPI,Returning
ORD-2027276,2025-11-03,CUST-1172,Nandini Saxena,Central,Groceries,Basmati Rice 5kg,2,549,5,1043.1,Credit Card,New
ORD-2027277,2025-11-03,CUST-1325,Aarav Saxena,West,Electronics,Wireless Mouse,1,599,25,449.25,UPI,Returning
ORD-2027278,2025-11-03,CUST-1110,Aman Malhotra,North,Electronics,Smartwatch,1,2999,10,2699.1,UPI,Returning
ORD-2027279,2025-11-03,CUST-1020,Rohan Malhotra,North,Groceries,Organic Honey 500g,1,349,25,261.75,Debit Card,Returning
ORD-2027280,2025-11-03,CUST-1194,Muskan Sharma,Central,Groceries,Organic Honey 500g,5,349,0,1745.0,Net Banking,Returning
ORD-2027281,2025-11-04,CUST-1357,Kabir Mehta,East,Groceries,Organic Honey 500g,1,349,15,296.65,Debit Card,New
ORD-2027282,2025-11-04,CUST-1152,Kabir Gupta,Central,Apparel,Denim Jacket,3,1999,10,5397.3,Credit Card,Returning
ORD-2027283,2025-11-04,CUST-1107,Isha Sharma,South,Sports,Cricket Bat,1,1499,5,1424.05,Cash,New
ORD-2027284,2025-11-04,CUST-1161,Ankit Gupta,South,Groceries,Organic Honey 500g,1,349,15,296.65,Net Banking,New
ORD-2027285,2025-11-04,CUST-1058,Nandini Singh,West,Apparel,Denim Jacket,1,1999,0,1999.0,Credit Card,Returning
ORD-2027286,2025-11-04,CUST-1189,Vivaan Mehta,Central,Sports,Cricket Bat,1,1499,25,1124.25,Debit Card,New
ORD-2027287,2025-11-04,CUST-1107,Isha Sharma,Central,Stationery,Gel Pen Pack,2,99,20,158.4,UPI,New
ORD-2027288,2025-11-04,CUST-1048,Divya Mehta,East,Apparel,Denim Jacket,2,1999,15,3398.3,UPI,Returning
ORD-2027289,2025-11-04,CUST-1350,Isha Kapoor,East,Groceries,Organic Honey 500g,4,349,15,1186.6,Net Banking,Returning
ORD-2027290,2025-11-04,CUST-1338,Komal Malhotra,East,Electronics,Bluetooth Headphones,3,1799,20,4317.6,Debit Card,Returning
ORD-2027291,2025-11-05,CUST-1152,Kabir Gupta,North,Groceries,Basmati Rice 5kg,1,549,5,521.55,Credit Card,New
ORD-2027292,2025-11-05,CUST-1219,Sakshi Patel,North,Home & Kitchen,Non-stick Pan Set,2,1299,30,1818.6,UPI,Returning
ORD-2027293,2025-11-05,CUST-1110,Aman Malhotra,North,Stationery,Gel Pen Pack,1,99,30,69.3,Debit Card,Returning
ORD-2027294,2025-11-05,CUST-1284,Arjun Kapoor,Central,Apparel,Cotton T-Shirt,5,499,0,2495.0,UPI,Returning
ORD-2027295,2025-11-05,CUST-1140,Tanya Verma,Central,Stationery,Notebook Set,3,199,10,537.3,UPI,New
ORD-2027296,2025-11-05,CUST-1351,Tanya Mehta,West,Electronics,Bluetooth Headphones,1,1799,25,1349.25,Debit Card,Returning
ORD-2027297,2025-11-05,CUST-1027,Aditya Gupta,East,Electronics,Bluetooth Headphones,4,1799,10,6476.4,Credit Card,Returning
ORD-2027298,2025-11-05,CUST-1264,Vivaan Malhotra,North,Sports,Cricket Bat,2,1499,15,2548.3,Credit Card,New
ORD-2027299,2025-11-05,CUST-1115,Divya Kapoor,East,Electronics,Wireless Mouse,1,599,20,479.2,Credit Card,Returning
ORD-2027300,2025-11-06,CUST-1045,Arjun Verma,South,Sports,Yoga Mat,2,699,25,1048.5,UPI,Returning
ORD-2027301,2025-11-06,CUST-1284,Arjun Kapoor,West,Stationery,Gel Pen Pack,5,99,5,470.25,Cash,Returning
ORD-2027302,2025-11-06,CUST-1239,Rohan Malhotra,Central,Electronics,Smartwatch,1,2999,30,2099.3,UPI,New
ORD-2027303,2025-11-06,CUST-1387,Rohan Patel,East,Home & Kitchen,LED Desk Lamp,2,799,25,1198.5,Credit Card,Returning
ORD-2027304,2025-11-06,CUST-1208,Arjun Singh,Central,Apparel,Formal Shirt,1,899,20,719.2,UPI,Returning
ORD-2027305,2025-11-06,CUST-1150,Isha Singh,West,Home & Kitchen,Non-stick Pan Set,2,1299,20,2078.4,UPI,New
ORD-2027306,2025-11-06,CUST-1318,Tanya Verma,Central,Groceries,Organic Honey 500g,2,349,15,593.3,Credit Card,Returning
ORD-2027307,2025-11-06,CUST-1310,Meera Patel,Central,Apparel,Denim Jacket,1,1999,10,1799.1,Debit Card,Returning
ORD-2027308,2025-11-06,CUST-1175,Vivaan Kapoor,Central,Beauty,Herbal Shampoo,1,249,30,174.3,Debit Card,Returning
ORD-2027309,2025-11-06,CUST-1030,Rahul Kapoor,South,Apparel,Formal Shirt,3,899,25,2022.75,Debit Card,New
ORD-2027310,2025-11-06,CUST-1036,Nandini Mehta,West,Stationery,Gel Pen Pack,2,99,30,138.6,UPI,Returning
ORD-2027311,2025-11-06,CUST-1280,Muskan Kapoor,East,Groceries,Organic Honey 500g,1,349,0,349.0,Cash,Returning
ORD-2027312,2025-11-07,CUST-1083,Komal Kapoor,East,Home & Kitchen,Non-stick Pan Set,5,1299,30,4546.5,Net Banking,Returning
ORD-2027313,2025-11-07,CUST-1121,Rahul Kapoor,North,Electronics,Bluetooth Headphones,1,1799,25,1349.25,Cash,Returning
ORD-2027314,2025-11-07,CUST-1137,Nandini Kapoor,East,Sports,Yoga Mat,5,699,0,3495.0,Debit Card,New
ORD-2027315,2025-11-07,CUST-1368,Isha Patel,West,Beauty,Face Wash 100ml,1,299,25,224.25,Credit Card,Returning
ORD-2027316,2025-11-07,CUST-1290,Kabir Mehta,East,Apparel,Denim Jacket,2,1999,15,3398.3,Debit Card,New
ORD-2027317,2025-11-07,CUST-1329,Swati Gupta,Central,Stationery,Notebook Set,1,199,15,169.15,UPI,Returning
ORD-2027318,2025-11-07,CUST-1169,Nandini Patel,East,Apparel,Denim Jacket,1,1999,20,1599.2,Debit Card,New
ORD-2027319,2025-11-07,CUST-1048,Divya Mehta,North,Apparel,Formal Shirt,1,899,0,899.0,Net Banking,Returning
ORD-2027320,2025-11-07,CUST-1183,Arjun Mehta,South,Apparel,Cotton T-Shirt,1,499,25,374.25,UPI,Returning
ORD-2027321,2025-11-08,CUST-1138,Tanya Singh,South,Stationery,Notebook Set,3,199,0,597.0,Credit Card,Returning
ORD-2027322,2025-11-08,CUST-1136,Kunal Patel,Central,Stationery,Notebook Set,4,199,15,676.6,Net Banking,Returning
ORD-2027323,2025-11-08,CUST-1027,Aditya Gupta,Central,Stationery,Notebook Set,1,199,10,179.1,UPI,Returning
ORD-2027324,2025-11-08,CUST-1043,Divya Kapoor,South,Stationery,Gel Pen Pack,3,99,15,252.45,Debit Card,Returning
ORD-2027325,2025-11-08,CUST-1386,Swati Patel,West,Home & Kitchen,LED Desk Lamp,1,799,10,719.1,Credit Card,Returning
ORD-2027326,2025-11-08,CUST-1266,Vivaan Kapoor,South,Beauty,Face Wash 100ml,2,299,10,538.2,Net Banking,Returning
ORD-2027327,2025-11-08,CUST-1226,Tanya Joshi,East,Electronics,Bluetooth Headphones,2,1799,15,3058.3,Debit Card,Returning
ORD-2027328,2025-11-08,CUST-1269,Kunal Verma,South,Home & Kitchen,LED Desk Lamp,3,799,10,2157.3,Credit Card,Returning
ORD-2027329,2025-11-08,CUST-1182,Swati Verma,North,Electronics,Smartwatch,1,2999,10,2699.1,Debit Card,Returning
ORD-2027330,2025-11-08,CUST-1012,Shreya Patel,West,Electronics,Smartwatch,1,2999,15,2549.15,UPI,Returning
ORD-2027331,2025-11-08,CUST-1174,Rahul Singh,West,Home & Kitchen,LED Desk Lamp,2,799,25,1198.5,Net Banking,New
ORD-2027332,2025-11-09,CUST-1391,Kunal Gupta,Central,Electronics,Smartwatch,1,2999,10,2699.1,UPI,New
ORD-2027333,2025-11-09,CUST-1380,Meera Joshi,Central,Groceries,Organic Honey 500g,1,349,5,331.55,UPI,Returning
ORD-2027334,2025-11-09,CUST-1015,Swati Joshi,West,Apparel,Cotton T-Shirt,1,499,25,374.25,UPI,New
ORD-2027335,2025-11-09,CUST-1288,Aditya Mehta,West,Beauty,Face Wash 100ml,2,299,5,568.1,UPI,Returning
ORD-2027336,2025-11-09,CUST-1280,Muskan Kapoor,South,Stationery,Gel Pen Pack,1,99,30,69.3,Credit Card,Returning
ORD-2027337,2025-11-09,CUST-1038,Rohan Joshi,West,Groceries,Organic Honey 500g,2,349,25,523.5,Debit Card,New
ORD-2027338,2025-11-09,CUST-1365,Meera Singh,Central,Sports,Yoga Mat,1,699,25,524.25,Cash,New
ORD-2027339,2025-11-09,CUST-1037,Aarav Gupta,East,Stationery,Gel Pen Pack,1,99,5,94.05,Debit Card,Returning
ORD-2027340,2025-11-09,CUST-1261,Shreya Patel,West,Apparel,Denim Jacket,2,1999,30,2798.6,UPI,Returning
ORD-2027341,2025-11-09,CUST-1131,Aarav Sharma,North,Apparel,Cotton T-Shirt,3,499,30,1047.9,Credit Card,New
ORD-2027342,2025-11-09,CUST-1164,Kabir Malhotra,East,Apparel,Denim Jacket,1,1999,30,1399.3,UPI,Returning
ORD-2027343,2025-11-10,CUST-1040,Aditya Malhotra,Central,Beauty,Herbal Shampoo,1,249,5,236.55,Credit Card,Returning
ORD-2027344,2025-11-10,CUST-1225,Aarav Kapoor,Central,Home & Kitchen,LED Desk Lamp,3,799,30,1677.9,Credit Card,Returning
ORD-2027345,2025-11-10,CUST-1152,Kabir Gupta,South,Groceries,Organic Honey 500g,1,349,10,314.1,Credit Card,Returning
ORD-2027346,2025-11-10,CUST-1011,Kunal Sharma,Central,Home & Kitchen,LED Desk Lamp,1,799,15,679.15,UPI,Returning
ORD-2027347,2025-11-10,CUST-1106,Ankit Saxena,East,Apparel,Cotton T-Shirt,1,499,15,424.15,Net Banking,Returning
ORD-2027348,2025-11-10,CUST-1199,Sakshi Saxena,Central,Electronics,Smartwatch,3,2999,25,6747.75,UPI,New
ORD-2027349,2025-11-10,CUST-1023,Rohan Sharma,Central,Beauty,Herbal Shampoo,2,249,20,398.4,Credit Card,Returning
ORD-2027350,2025-11-10,CUST-1313,Kunal Joshi,West,Beauty,Herbal Shampoo,1,249,10,224.1,Cash,Returning
ORD-2027351,2025-11-11,CUST-1121,Rahul Kapoor,North,Electronics,Smartwatch,2,2999,25,4498.5,Net Banking,Returning
ORD-2027352,2025-11-11,CUST-1379,Divya Verma,North,Stationery,Gel Pen Pack,2,99,10,178.2,Credit Card,New
ORD-2027353,2025-11-11,CUST-1296,Vivaan Kapoor,North,Stationery,Gel Pen Pack,3,99,0,297.0,Credit Card,Returning
ORD-2027354,2025-11-11,CUST-1365,Meera Singh,Central,Sports,Cricket Bat,1,1499,25,1124.25,Credit Card,Returning
ORD-2027355,2025-11-11,CUST-1320,Ankit Kapoor,South,Home & Kitchen,Non-stick Pan Set,2,1299,25,1948.5,Debit Card,New
ORD-2027356,2025-11-11,CUST-1018,Aditya Gupta,South,Apparel,Denim Jacket,3,1999,30,4197.9,Cash,Returning
ORD-2027357,2025-11-11,CUST-1311,Muskan Joshi,North,Electronics,Bluetooth Headphones,1,1799,30,1259.3,Credit Card,Returning
ORD-2027358,2025-11-11,CUST-1056,Aarav Kapoor,South,Sports,Yoga Mat,1,699,30,489.3,Net Banking,New
ORD-2027359,2025-11-11,CUST-1053,Vivaan Malhotra,North,Home & Kitchen,Non-stick Pan Set,1,1299,5,1234.05,Cash,Returning
ORD-2027360,2025-11-12,CUST-1344,Nandini Saxena,East,Electronics,Wireless Mouse,1,599,15,509.15,Debit Card,New
ORD-2027361,2025-11-12,CUST-1260,Ankit Verma,East,Electronics,Wireless Mouse,1,599,0,599.0,UPI,New
ORD-2027362,2025-11-12,CUST-1131,Aarav Sharma,West,Beauty,Herbal Shampoo,2,249,15,423.3,Debit Card,New
ORD-2027363,2025-11-12,CUST-1174,Rahul Singh,South,Apparel,Cotton T-Shirt,3,499,15,1272.45,Credit Card,New
ORD-2027364,2025-11-12,CUST-1280,Muskan Kapoor,West,Electronics,Wireless Mouse,1,599,20,479.2,UPI,Returning
ORD-2027365,2025-11-12,CUST-1291,Arjun Saxena,East,Stationery,Notebook Set,1,199,15,169.15,UPI,Returning
ORD-2027366,2025-11-12,CUST-1211,Rohan Sharma,Central,Home & Kitchen,LED Desk Lamp,1,799,30,559.3,Net Banking,Returning
ORD-2027367,2025-11-12,CUST-1099,Rahul Malhotra,West,Electronics,Smartwatch,1,2999,30,2099.3,Net Banking,New
ORD-2027368,2025-11-12,CUST-1348,Ankit Malhotra,South,Beauty,Herbal Shampoo,5,249,25,933.75,Debit Card,Returning
ORD-2027369,2025-11-12,CUST-1373,Rahul Verma,North,Electronics,Bluetooth Headphones,2,1799,10,3238.2,UPI,New
ORD-2027370,2025-11-12,CUST-1377,Sakshi Patel,West,Sports,Yoga Mat,1,699,15,594.15,UPI,Returning
ORD-2027371,2025-11-12,CUST-1328,Arjun Verma,South,Sports,Yoga Mat,2,699,25,1048.5,UPI,Returning
ORD-2027372,2025-11-13,CUST-1050,Rohan Gupta,North,Electronics,Wireless Mouse,4,599,25,1797.0,Cash,Returning
ORD-2027373,2025-11-13,CUST-1288,Aditya Mehta,West,Sports,Cricket Bat,3,1499,30,3147.9,Cash,Returning
ORD-2027374,2025-11-13,CUST-1085,Shreya Mehta,West,Electronics,Smartwatch,4,2999,5,11396.2,Credit Card,Returning
ORD-2027375,2025-11-13,CUST-1308,Shreya Sharma,North,Sports,Cricket Bat,1,1499,5,1424.05,Debit Card,Returning
ORD-2027376,2025-11-13,CUST-1061,Muskan Patel,East,Stationery,Notebook Set,2,199,5,378.1,Credit Card,New
ORD-2027377,2025-11-13,CUST-1371,Rahul Verma,West,Apparel,Formal Shirt,2,899,5,1708.1,Debit Card,New
ORD-2027378,2025-11-13,CUST-1372,Vivaan Singh,East,Electronics,Wireless Mouse,1,599,25,449.25,Cash,Returning
ORD-2027379,2025-11-13,CUST-1151,Aman Patel,East,Sports,Cricket Bat,2,1499,25,2248.5,Debit Card,New
ORD-2027380,2025-11-13,CUST-1246,Divya Verma,Central,Groceries,Organic Honey 500g,2,349,10,628.2,Net Banking,New
ORD-2027381,2025-11-13,CUST-1169,Nandini Patel,East,Groceries,Organic Honey 500g,4,349,0,1396.0,UPI,Returning
ORD-2027382,2025-11-13,CUST-1387,Rohan Patel,Central,Electronics,Bluetooth Headphones,1,1799,10,1619.1,Debit Card,Returning
ORD-2027383,2025-11-13,CUST-1347,Ankit Joshi,Central,Apparel,Denim Jacket,2,1999,25,2998.5,Credit Card,New
ORD-2027384,2025-11-13,CUST-1208,Arjun Singh,North,Beauty,Face Wash 100ml,3,299,5,852.15,Cash,Returning
ORD-2027385,2025-11-14,CUST-1061,Muskan Patel,South,Apparel,Cotton T-Shirt,2,499,25,748.5,Cash,Returning
ORD-2027386,2025-11-14,CUST-1077,Tanya Mehta,East,Groceries,Organic Honey 500g,2,349,30,488.6,Debit Card,Returning
ORD-2027387,2025-11-14,CUST-1358,Aman Patel,East,Home & Kitchen,Non-stick Pan Set,2,1299,20,2078.4,Net Banking,Returning
ORD-2027388,2025-11-14,CUST-1313,Kunal Joshi,West,Electronics,Bluetooth Headphones,4,1799,25,5397.0,Net Banking,Returning
ORD-2027389,2025-11-14,CUST-1184,Rahul Joshi,South,Groceries,Organic Honey 500g,1,349,10,314.1,UPI,New
ORD-2027390,2025-11-14,CUST-1083,Komal Kapoor,Central,Apparel,Formal Shirt,1,899,10,809.1,Debit Card,New
ORD-2027391,2025-11-14,CUST-1299,Kabir Mehta,North,Apparel,Denim Jacket,1,1999,30,1399.3,UPI,New
ORD-2027392,2025-11-14,CUST-1333,Aarav Gupta,North,Apparel,Formal Shirt,3,899,0,2697.0,Credit Card,Returning
ORD-2027393,2025-11-14,CUST-1322,Rahul Sharma,South,Apparel,Denim Jacket,2,1999,10,3598.2,Net Banking,New
ORD-2027394,2025-11-14,CUST-1203,Ankit Verma,South,Apparel,Denim Jacket,3,1999,25,4497.75,UPI,Returning
ORD-2027395,2025-11-14,CUST-1283,Aditya Mehta,Central,Electronics,Wireless Mouse,1,599,25,449.25,UPI,Returning
ORD-2027396,2025-11-14,CUST-1048,Divya Mehta,East,Home & Kitchen,LED Desk Lamp,2,799,0,1598.0,UPI,Returning
ORD-2027397,2025-11-14,CUST-1369,Rohan Sharma,Central,Electronics,Smartwatch,2,2999,5,5698.1,Credit Card,Returning
ORD-2027398,2025-11-14,CUST-1209,Meera Mehta,East,Electronics,Bluetooth Headphones,4,1799,10,6476.4,Credit Card,Returning
ORD-2027399,2025-11-14,CUST-1111,Swati Joshi,Central,Sports,Cricket Bat,1,1499,0,1499.0,Debit Card,Returning
ORD-2027400,2025-11-15,CUST-1353,Vivaan Gupta,West,Home & Kitchen,LED Desk Lamp,1,799,30,559.3,Debit Card,Returning
ORD-2027401,2025-11-15,CUST-1264,Vivaan Malhotra,West,Apparel,Denim Jacket,2,1999,15,3398.3,Cash,New
ORD-2027402,2025-11-15,CUST-1335,Divya Saxena,South,Home & Kitchen,LED Desk Lamp,5,799,10,3595.5,UPI,New
ORD-2027403,2025-11-15,CUST-1111,Swati Joshi,West,Electronics,Bluetooth Headphones,1,1799,0,1799.0,UPI,Returning
ORD-2027404,2025-11-15,CUST-1318,Tanya Verma,East,Electronics,Bluetooth Headphones,4,1799,10,6476.4,Cash,Returning
ORD-2027405,2025-11-15,CUST-1378,Rahul Mehta,Central,Apparel,Formal Shirt,2,899,5,1708.1,Net Banking,New
ORD-2027406,2025-11-15,CUST-1036,Nandini Mehta,West,Beauty,Face Wash 100ml,2,299,20,478.4,Debit Card,Returning
ORD-2027407,2025-11-15,CUST-1028,Swati Joshi,Central,Sports,Yoga Mat,1,699,10,629.1,Debit Card,New
ORD-2027408,2025-11-15,CUST-1036,Nandini Mehta,North,Stationery,Gel Pen Pack,1,99,25,74.25,Debit Card,New
ORD-2027409,2025-11-15,CUST-1206,Aditya Gupta,South,Electronics,Wireless Mouse,2,599,20,958.4,UPI,Returning
ORD-2027410,2025-11-15,CUST-1085,Shreya Mehta,South,Home & Kitchen,LED Desk Lamp,1,799,0,799.0,Debit Card,Returning
ORD-2027411,2025-11-15,CUST-1182,Swati Verma,East,Groceries,Basmati Rice 5kg,1,549,5,521.55,Credit Card,Returning
ORD-2027412,2025-11-16,CUST-1313,Kunal Joshi,North,Groceries,Organic Honey 500g,3,349,0,1047.0,Cash,Returning
ORD-2027413,2025-11-16,CUST-1079,Komal Mehta,North,Home & Kitchen,Non-stick Pan Set,2,1299,5,2468.1,Debit Card,Returning
ORD-2027414,2025-11-16,CUST-1099,Rahul Malhotra,Central,Electronics,Bluetooth Headphones,3,1799,10,4857.3,Credit Card,New
ORD-2027415,2025-11-16,CUST-1179,Nandini Saxena,East,Electronics,Wireless Mouse,3,599,30,1257.9,Debit Card,New
ORD-2027416,2025-11-16,CUST-1118,Sakshi Malhotra,East,Beauty,Herbal Shampoo,3,249,10,672.3,UPI,Returning
ORD-2027417,2025-11-16,CUST-1360,Muskan Singh,South,Electronics,Wireless Mouse,1,599,25,449.25,Net Banking,Returning
ORD-2027418,2025-11-16,CUST-1302,Arjun Saxena,East,Apparel,Cotton T-Shirt,2,499,25,748.5,Credit Card,Returning
ORD-2027419,2025-11-16,CUST-1302,Arjun Saxena,West,Groceries,Basmati Rice 5kg,1,549,10,494.1,Cash,New
ORD-2027420,2025-11-16,CUST-1137,Nandini Kapoor,Central,Beauty,Face Wash 100ml,3,299,25,672.75,Credit Card,New
ORD-2027421,2025-11-16,CUST-1381,Kabir Kapoor,North,Home & Kitchen,LED Desk Lamp,2,799,10,1438.2,Cash,Returning
ORD-2027422,2025-11-16,CUST-1054,Kunal Patel,Central,Stationery,Notebook Set,1,199,0,199.0,Debit Card,Returning
ORD-2027423,2025-11-16,CUST-1312,Sakshi Saxena,East,Electronics,Wireless Mouse,1,599,10,539.1,Credit Card,New
ORD-2027424,2025-11-16,CUST-1244,Meera Gupta,East,Electronics,Wireless Mouse,3,599,20,1437.6,Credit Card,New
ORD-2027425,2025-11-17,CUST-1247,Meera Malhotra,South,Beauty,Face Wash 100ml,1,299,15,254.15,Debit Card,Returning
ORD-2027426,2025-11-17,CUST-1043,Divya Kapoor,North,Electronics,Wireless Mouse,1,599,20,479.2,Credit Card,Returning
ORD-2027427,2025-11-17,CUST-1190,Rahul Patel,Central,Beauty,Herbal Shampoo,2,249,0,498.0,Net Banking,Returning
ORD-2027428,2025-11-17,CUST-1308,Shreya Sharma,West,Home & Kitchen,Non-stick Pan Set,2,1299,15,2208.3,Debit Card,Returning
ORD-2027429,2025-11-17,CUST-1280,Muskan Kapoor,West,Home & Kitchen,Non-stick Pan Set,3,1299,5,3702.15,Credit Card,Returning
ORD-2027430,2025-11-17,CUST-1274,Muskan Singh,North,Electronics,Smartwatch,1,2999,10,2699.1,Net Banking,New
ORD-2027431,2025-11-17,CUST-1253,Swati Malhotra,South,Home & Kitchen,LED Desk Lamp,4,799,5,3036.2,UPI,Returning
ORD-2027432,2025-11-17,CUST-1320,Ankit Kapoor,North,Apparel,Formal Shirt,2,899,10,1618.2,Debit Card,Returning
ORD-2027433,2025-11-17,CUST-1227,Rohan Joshi,South,Electronics,Smartwatch,1,2999,20,2399.2,Credit Card,Returning
ORD-2027434,2025-11-17,CUST-1283,Aditya Mehta,South,Groceries,Organic Honey 500g,2,349,10,628.2,Net Banking,Returning
ORD-2027435,2025-11-18,CUST-1322,Rahul Sharma,North,Stationery,Notebook Set,1,199,10,179.1,Debit Card,Returning
ORD-2027436,2025-11-18,CUST-1338,Komal Malhotra,North,Stationery,Gel Pen Pack,2,99,15,168.3,Credit Card,Returning
ORD-2027437,2025-11-18,CUST-1126,Divya Sharma,North,Electronics,Wireless Mouse,1,599,5,569.05,Debit Card,New
ORD-2027438,2025-11-18,CUST-1212,Komal Joshi,Central,Electronics,Bluetooth Headphones,1,1799,10,1619.1,Credit Card,Returning
ORD-2027439,2025-11-18,CUST-1145,Kunal Joshi,North,Home & Kitchen,LED Desk Lamp,1,799,10,719.1,Debit Card,Returning
ORD-2027440,2025-11-18,CUST-1361,Vivaan Kapoor,South,Sports,Cricket Bat,5,1499,10,6745.5,Cash,Returning
ORD-2027441,2025-11-18,CUST-1265,Muskan Singh,South,Beauty,Herbal Shampoo,1,249,15,211.65,Credit Card,Returning
ORD-2027442,2025-11-18,CUST-1299,Kabir Mehta,West,Apparel,Cotton T-Shirt,2,499,15,848.3,Debit Card,Returning
ORD-2027443,2025-11-18,CUST-1376,Kunal Kapoor,North,Beauty,Herbal Shampoo,1,249,0,249.0,Credit Card,Returning
ORD-2027444,2025-11-18,CUST-1129,Nandini Patel,Central,Electronics,Smartwatch,2,2999,20,4798.4,Cash,Returning
ORD-2027445,2025-11-18,CUST-1265,Muskan Singh,South,Apparel,Formal Shirt,3,899,15,2292.45,UPI,Returning
ORD-2027446,2025-11-19,CUST-1331,Arjun Singh,North,Apparel,Denim Jacket,4,1999,15,6796.6,Credit Card,Returning
ORD-2027447,2025-11-19,CUST-1127,Muskan Joshi,East,Groceries,Organic Honey 500g,1,349,20,279.2,Net Banking,Returning
ORD-2027448,2025-11-19,CUST-1170,Muskan Saxena,South,Beauty,Face Wash 100ml,1,299,5,284.05,UPI,Returning
ORD-2027449,2025-11-19,CUST-1332,Rahul Malhotra,North,Sports,Yoga Mat,1,699,30,489.3,Credit Card,Returning
ORD-2027450,2025-11-19,CUST-1054,Kunal Patel,South,Beauty,Face Wash 100ml,1,299,0,299.0,Credit Card,Returning
ORD-2027451,2025-11-19,CUST-1396,Shreya Patel,Central,Stationery,Notebook Set,2,199,5,378.1,Net Banking,Returning
ORD-2027452,2025-11-19,CUST-1101,Sakshi Sharma,North,Apparel,Cotton T-Shirt,1,499,15,424.15,Debit Card,Returning
ORD-2027453,2025-11-19,CUST-1258,Muskan Joshi,West,Sports,Cricket Bat,3,1499,15,3822.45,Cash,Returning
ORD-2027454,2025-11-19,CUST-1056,Aarav Kapoor,South,Electronics,Bluetooth Headphones,4,1799,15,6116.6,Debit Card,Returning
ORD-2027455,2025-11-19,CUST-1115,Divya Kapoor,North,Groceries,Basmati Rice 5kg,1,549,30,384.3,Credit Card,New
ORD-2027456,2025-11-20,CUST-1242,Sakshi Malhotra,North,Home & Kitchen,Non-stick Pan Set,2,1299,0,2598.0,Debit Card,Returning
ORD-2027457,2025-11-20,CUST-1354,Aman Saxena,East,Beauty,Herbal Shampoo,1,249,25,186.75,Credit Card,New
ORD-2027458,2025-11-20,CUST-1146,Tanya Patel,North,Beauty,Herbal Shampoo,1,249,5,236.55,Debit Card,Returning
ORD-2027459,2025-11-20,CUST-1339,Aarav Patel,North,Apparel,Cotton T-Shirt,2,499,10,898.2,Debit Card,Returning
ORD-2027460,2025-11-20,CUST-1076,Tanya Saxena,East,Groceries,Basmati Rice 5kg,1,549,10,494.1,Debit Card,Returning
ORD-2027461,2025-11-20,CUST-1139,Aditya Sharma,East,Apparel,Cotton T-Shirt,2,499,5,948.1,UPI,New
ORD-2027462,2025-11-20,CUST-1274,Muskan Singh,Central,Apparel,Cotton T-Shirt,1,499,15,424.15,UPI,New
ORD-2027463,2025-11-21,CUST-1045,Arjun Verma,East,Home & Kitchen,LED Desk Lamp,2,799,0,1598.0,Debit Card,Returning
ORD-2027464,2025-11-21,CUST-1205,Aman Sharma,South,Stationery,Gel Pen Pack,2,99,20,158.4,UPI,Returning
ORD-2027465,2025-11-21,CUST-1185,Meera Sharma,East,Groceries,Basmati Rice 5kg,2,549,30,768.6,Net Banking,New
ORD-2027466,2025-11-21,CUST-1068,Isha Verma,East,Groceries,Basmati Rice 5kg,1,549,20,439.2,Debit Card,Returning
ORD-2027467,2025-11-21,CUST-1023,Rohan Sharma,South,Apparel,Formal Shirt,1,899,0,899.0,UPI,New
ORD-2027468,2025-11-21,CUST-1346,Vivaan Gupta,East,Apparel,Formal Shirt,4,899,15,3056.6,UPI,Returning
ORD-2027469,2025-11-21,CUST-1322,Rahul Sharma,East,Beauty,Herbal Shampoo,1,249,15,211.65,Credit Card,Returning
ORD-2027470,2025-11-21,CUST-1114,Vivaan Malhotra,Central,Electronics,Smartwatch,1,2999,20,2399.2,Net Banking,New
ORD-2027471,2025-11-21,CUST-1119,Rahul Gupta,Central,Sports,Cricket Bat,2,1499,10,2698.2,Cash,Returning
ORD-2027472,2025-11-21,CUST-1247,Meera Malhotra,West,Groceries,Basmati Rice 5kg,3,549,20,1317.6,UPI,New
ORD-2027473,2025-11-21,CUST-1017,Aarav Verma,West,Electronics,Bluetooth Headphones,4,1799,10,6476.4,Credit Card,Returning
ORD-2027474,2025-11-21,CUST-1231,Divya Gupta,West,Electronics,Wireless Mouse,1,599,10,539.1,Credit Card,New
ORD-2027475,2025-11-21,CUST-1305,Muskan Joshi,Central,Groceries,Basmati Rice 5kg,1,549,20,439.2,Cash,Returning
ORD-2027476,2025-11-22,CUST-1188,Shreya Malhotra,South,Electronics,Wireless Mouse,2,599,20,958.4,Credit Card,New
ORD-2027477,2025-11-22,CUST-1384,Vivaan Singh,South,Stationery,Gel Pen Pack,1,99,25,74.25,UPI,New
ORD-2027478,2025-11-22,CUST-1276,Swati Joshi,Central,Groceries,Organic Honey 500g,4,349,20,1116.8,Net Banking,Returning
ORD-2027479,2025-11-22,CUST-1124,Aditya Gupta,South,Beauty,Herbal Shampoo,1,249,30,174.3,UPI,New
ORD-2027480,2025-11-22,CUST-1300,Vivaan Mehta,North,Apparel,Denim Jacket,3,1999,5,5697.15,Credit Card,Returning
ORD-2027481,2025-11-22,CUST-1032,Shreya Mehta,North,Electronics,Smartwatch,2,2999,25,4498.5,UPI,Returning
ORD-2027482,2025-11-22,CUST-1167,Nandini Verma,Central,Groceries,Basmati Rice 5kg,1,549,30,384.3,Cash,Returning
ORD-2027483,2025-11-22,CUST-1335,Divya Saxena,West,Home & Kitchen,Non-stick Pan Set,2,1299,30,1818.6,Net Banking,Returning
ORD-2027484,2025-11-22,CUST-1078,Kabir Malhotra,South,Groceries,Organic Honey 500g,1,349,25,261.75,UPI,Returning
ORD-2027485,2025-11-22,CUST-1323,Muskan Verma,East,Electronics,Wireless Mouse,1,599,25,449.25,Credit Card,Returning
ORD-2027486,2025-11-22,CUST-1396,Shreya Patel,West,Apparel,Formal Shirt,1,899,15,764.15,Debit Card,New
ORD-2027487,2025-11-22,CUST-1099,Rahul Malhotra,East,Sports,Cricket Bat,2,1499,20,2398.4,UPI,Returning
ORD-2027488,2025-11-23,CUST-1127,Muskan Joshi,East,Apparel,Denim Jacket,1,1999,30,1399.3,Credit Card,Returning
ORD-2027489,2025-11-23,CUST-1238,Nandini Verma,Central,Electronics,Bluetooth Headphones,1,1799,15,1529.15,UPI,Returning
ORD-2027490,2025-11-23,CUST-1147,Aman Saxena,West,Groceries,Organic Honey 500g,4,349,25,1047.0,Debit Card,Returning
ORD-2027491,2025-11-23,CUST-1283,Aditya Mehta,East,Sports,Yoga Mat,2,699,15,1188.3,Credit Card,Returning
ORD-2027492,2025-11-23,CUST-1075,Divya Patel,North,Sports,Cricket Bat,2,1499,25,2248.5,UPI,Returning
ORD-2027493,2025-11-23,CUST-1210,Meera Sharma,West,Groceries,Organic Honey 500g,3,349,20,837.6,Credit Card,Returning
ORD-2027494,2025-11-23,CUST-1359,Arjun Mehta,North,Beauty,Herbal Shampoo,1,249,25,186.75,Debit Card,New
ORD-2027495,2025-11-23,CUST-1125,Muskan Malhotra,North,Apparel,Denim Jacket,2,1999,0,3998.0,Credit Card,New
ORD-2027496,2025-11-23,CUST-1018,Aditya Gupta,East,Beauty,Herbal Shampoo,1,249,0,249.0,Debit Card,Returning
ORD-2027497,2025-11-23,CUST-1199,Sakshi Saxena,Central,Beauty,Face Wash 100ml,3,299,25,672.75,Debit Card,Returning
ORD-2027498,2025-11-24,CUST-1345,Tanya Verma,North,Electronics,Wireless Mouse,2,599,25,898.5,UPI,New
ORD-2027499,2025-11-24,CUST-1275,Tanya Singh,West,Electronics,Smartwatch,3,2999,25,6747.75,Cash,Returning
ORD-2027500,2025-11-24,CUST-1291,Arjun Saxena,South,Sports,Cricket Bat,3,1499,15,3822.45,Credit Card,Returning
ORD-2027501,2025-11-24,CUST-1206,Aditya Gupta,West,Apparel,Formal Shirt,1,899,5,854.05,Debit Card,Returning
ORD-2027502,2025-11-24,CUST-1120,Divya Kapoor,North,Home & Kitchen,Non-stick Pan Set,1,1299,20,1039.2,Credit Card,Returning
ORD-2027503,2025-11-24,CUST-1320,Ankit Kapoor,East,Electronics,Smartwatch,1,2999,25,2249.25,UPI,Returning
ORD-2027504,2025-11-24,CUST-1254,Meera Malhotra,South,Groceries,Organic Honey 500g,4,349,10,1256.4,UPI,Returning
ORD-2027505,2025-11-25,CUST-1380,Meera Joshi,Central,Electronics,Bluetooth Headphones,2,1799,30,2518.6,Debit Card,Returning
ORD-2027506,2025-11-25,CUST-1134,Komal Patel,Central,Apparel,Denim Jacket,1,1999,10,1799.1,Credit Card,New
ORD-2027507,2025-11-25,CUST-1257,Shreya Saxena,Central,Stationery,Gel Pen Pack,2,99,5,188.1,Debit Card,Returning
ORD-2027508,2025-11-25,CUST-1019,Aarav Joshi,South,Stationery,Notebook Set,2,199,25,298.5,Debit Card,Returning
ORD-2027509,2025-11-25,CUST-1342,Vivaan Saxena,South,Beauty,Face Wash 100ml,2,299,30,418.6,Debit Card,New
ORD-2027510,2025-11-25,CUST-1014,Vivaan Kapoor,East,Electronics,Wireless Mouse,2,599,15,1018.3,Debit Card,Returning
ORD-2027511,2025-11-25,CUST-1168,Nandini Joshi,Central,Groceries,Basmati Rice 5kg,3,549,5,1564.65,UPI,Returning
ORD-2027512,2025-11-25,CUST-1184,Rahul Joshi,West,Electronics,Smartwatch,1,2999,10,2699.1,Credit Card,Returning
ORD-2027513,2025-11-25,CUST-1051,Rohan Patel,North,Beauty,Herbal Shampoo,1,249,20,199.2,Cash,Returning
ORD-2027514,2025-11-26,CUST-1341,Meera Patel,South,Apparel,Denim Jacket,2,1999,25,2998.5,Credit Card,Returning
ORD-2027515,2025-11-26,CUST-1155,Aman Saxena,Central,Sports,Cricket Bat,1,1499,30,1049.3,UPI,Returning
ORD-2027516,2025-11-26,CUST-1290,Kabir Mehta,South,Electronics,Smartwatch,1,2999,20,2399.2,Debit Card,Returning
ORD-2027517,2025-11-26,CUST-1177,Aditya Malhotra,South,Stationery,Notebook Set,1,199,10,179.1,Net Banking,New
ORD-2027518,2025-11-26,CUST-1169,Nandini Patel,South,Groceries,Organic Honey 500g,1,349,0,349.0,Debit Card,Returning
ORD-2027519,2025-11-26,CUST-1077,Tanya Mehta,West,Apparel,Denim Jacket,1,1999,5,1899.05,Net Banking,Returning
ORD-2027520,2025-11-26,CUST-1370,Shreya Malhotra,North,Groceries,Basmati Rice 5kg,1,549,10,494.1,Credit Card,Returning
ORD-2027521,2025-11-26,CUST-1040,Aditya Malhotra,North,Electronics,Wireless Mouse,3,599,15,1527.45,Credit Card,Returning
ORD-2027522,2025-11-26,CUST-1037,Aarav Gupta,Central,Sports,Yoga Mat,2,699,10,1258.2,Net Banking,Returning
ORD-2027523,2025-11-26,CUST-1141,Tanya Kapoor,East,Sports,Yoga Mat,1,699,30,489.3,Debit Card,Returning
ORD-2027524,2025-11-26,CUST-1259,Rahul Singh,West,Groceries,Basmati Rice 5kg,1,549,0,549.0,Net Banking,New
ORD-2027525,2025-11-26,CUST-1164,Kabir Malhotra,South,Beauty,Face Wash 100ml,1,299,0,299.0,UPI,Returning
ORD-2027526,2025-11-26,CUST-1173,Ankit Gupta,North,Beauty,Herbal Shampoo,3,249,5,709.65,Credit Card,New
ORD-2027527,2025-11-27,CUST-1385,Aman Kapoor,Central,Sports,Yoga Mat,2,699,25,1048.5,Credit Card,Returning
ORD-2027528,2025-11-27,CUST-1330,Nandini Gupta,West,Groceries,Basmati Rice 5kg,4,549,10,1976.4,Cash,Returning
ORD-2027529,2025-11-27,CUST-1262,Kunal Joshi,North,Electronics,Wireless Mouse,4,599,25,1797.0,UPI,Returning
ORD-2027530,2025-11-27,CUST-1044,Swati Saxena,North,Electronics,Bluetooth Headphones,2,1799,30,2518.6,UPI,Returning
ORD-2027531,2025-11-27,CUST-1374,Isha Sharma,Central,Home & Kitchen,Non-stick Pan Set,1,1299,10,1169.1,Debit Card,Returning
ORD-2027532,2025-11-27,CUST-1331,Arjun Singh,Central,Electronics,Bluetooth Headphones,1,1799,20,1439.2,UPI,Returning
ORD-2027533,2025-11-27,CUST-1240,Sakshi Patel,East,Apparel,Cotton T-Shirt,1,499,15,424.15,Credit Card,New
ORD-2027534,2025-11-27,CUST-1193,Komal Saxena,North,Apparel,Cotton T-Shirt,3,499,30,1047.9,Debit Card,Returning
ORD-2027535,2025-11-27,CUST-1317,Aditya Kapoor,Central,Apparel,Formal Shirt,1,899,20,719.2,Credit Card,Returning
ORD-2027536,2025-11-27,CUST-1015,Swati Joshi,North,Electronics,Wireless Mouse,1,599,5,569.05,Credit Card,Returning
ORD-2027537,2025-11-27,CUST-1229,Vivaan Singh,North,Apparel,Denim Jacket,3,1999,10,5397.3,UPI,New
ORD-2027538,2025-11-27,CUST-1061,Muskan Patel,South,Sports,Cricket Bat,1,1499,15,1274.15,Debit Card,Returning
ORD-2027539,2025-11-28,CUST-1293,Sakshi Singh,South,Sports,Cricket Bat,1,1499,5,1424.05,Debit Card,New
ORD-2027540,2025-11-28,CUST-1294,Kabir Joshi,West,Home & Kitchen,LED Desk Lamp,1,799,0,799.0,Cash,Returning
ORD-2027541,2025-11-28,CUST-1115,Divya Kapoor,South,Apparel,Denim Jacket,3,1999,10,5397.3,Cash,Returning
ORD-2027542,2025-11-28,CUST-1153,Swati Verma,East,Apparel,Formal Shirt,1,899,15,764.15,Cash,Returning
ORD-2027543,2025-11-28,CUST-1183,Arjun Mehta,West,Groceries,Organic Honey 500g,1,349,20,279.2,Debit Card,Returning
ORD-2027544,2025-11-28,CUST-1302,Arjun Saxena,East,Apparel,Cotton T-Shirt,1,499,0,499.0,Cash,New
ORD-2027545,2025-11-28,CUST-1029,Swati Patel,Central,Sports,Cricket Bat,1,1499,15,1274.15,Debit Card,New
ORD-2027546,2025-11-28,CUST-1181,Kunal Sharma,North,Stationery,Gel Pen Pack,2,99,20,158.4,Cash,Returning
ORD-2027547,2025-11-28,CUST-1001,Rohan Patel,East,Groceries,Basmati Rice 5kg,2,549,0,1098.0,UPI,Returning
ORD-2027548,2025-11-28,CUST-1268,Aman Verma,East,Electronics,Smartwatch,1,2999,30,2099.3,Debit Card,New
ORD-2027549,2025-11-29,CUST-1004,Tanya Malhotra,South,Home & Kitchen,Non-stick Pan Set,1,1299,20,1039.2,Debit Card,New
ORD-2027550,2025-11-29,CUST-1036,Nandini Mehta,Central,Home & Kitchen,LED Desk Lamp,1,799,5,759.05,Credit Card,New
ORD-2027551,2025-11-29,CUST-1120,Divya Kapoor,Central,Sports,Cricket Bat,3,1499,25,3372.75,Cash,New
ORD-2027552,2025-11-29,CUST-1374,Isha Sharma,East,Electronics,Wireless Mouse,1,599,20,479.2,Credit Card,New
ORD-2027553,2025-11-29,CUST-1042,Kunal Saxena,South,Electronics,Bluetooth Headphones,1,1799,0,1799.0,UPI,New
ORD-2027554,2025-11-29,CUST-1305,Muskan Joshi,East,Beauty,Herbal Shampoo,5,249,20,996.0,Net Banking,Returning
ORD-2027555,2025-11-29,CUST-1381,Kabir Kapoor,West,Electronics,Wireless Mouse,1,599,15,509.15,Debit Card,New
ORD-2027556,2025-11-29,CUST-1166,Divya Mehta,East,Sports,Yoga Mat,1,699,20,559.2,UPI,New
ORD-2027557,2025-11-29,CUST-1157,Arjun Verma,South,Apparel,Denim Jacket,3,1999,15,5097.45,Debit Card,New
ORD-2027558,2025-11-29,CUST-1104,Nandini Saxena,West,Beauty,Face Wash 100ml,3,299,10,807.3,Debit Card,Returning
ORD-2027559,2025-11-29,CUST-1206,Aditya Gupta,Central,Sports,Yoga Mat,3,699,25,1572.75,Credit Card,Returning
ORD-2027560,2025-11-29,CUST-1166,Divya Mehta,South,Sports,Yoga Mat,1,699,25,524.25,Credit Card,Returning
ORD-2027561,2025-11-29,CUST-1242,Sakshi Malhotra,West,Groceries,Organic Honey 500g,2,349,15,593.3,Net Banking,New
ORD-2027562,2025-11-30,CUST-1175,Vivaan Kapoor,West,Beauty,Face Wash 100ml,1,299,5,284.05,Credit Card,New
ORD-2027563,2025-11-30,CUST-1342,Vivaan Saxena,Central,Stationery,Gel Pen Pack,1,99,5,94.05,Net Banking,Returning
ORD-2027564,2025-11-30,CUST-1061,Muskan Patel,East,Groceries,Organic Honey 500g,1,349,30,244.3,Cash,New
ORD-2027565,2025-11-30,CUST-1189,Vivaan Mehta,Central,Sports,Cricket Bat,3,1499,25,3372.75,Debit Card,Returning
ORD-2027566,2025-11-30,CUST-1083,Komal Kapoor,South,Apparel,Formal Shirt,1,899,25,674.25,UPI,Returning
ORD-2027567,2025-11-30,CUST-1318,Tanya Verma,Central,Sports,Cricket Bat,1,1499,25,1124.25,UPI,New
ORD-2027568,2025-11-30,CUST-1322,Rahul Sharma,North,Stationery,Notebook Set,1,199,30,139.3,UPI,Returning
ORD-2027569,2025-11-30,CUST-1098,Rohan Patel,Central,Groceries,Basmati Rice 5kg,2,549,0,1098.0,Credit Card,New
ORD-2027570,2025-11-30,CUST-1143,Muskan Saxena,West,Home & Kitchen,LED Desk Lamp,1,799,5,759.05,UPI,Returning
ORD-2027571,2025-11-30,CUST-1220,Aditya Kapoor,North,Apparel,Cotton T-Shirt,1,499,15,424.15,UPI,New
ORD-2027572,2025-11-30,CUST-1202,Isha Verma,North,Stationery,Gel Pen Pack,1,99,20,79.2,Credit Card,New
ORD-2027573,2025-11-30,CUST-1236,Divya Mehta,North,Groceries,Organic Honey 500g,1,349,10,314.1,UPI,Returning
ORD-2027574,2025-11-30,CUST-1030,Rahul Kapoor,East,Sports,Yoga Mat,2,699,30,978.6,Credit Card,New
ORD-2027575,2025-11-30,CUST-1139,Aditya Sharma,West,Electronics,Smartwatch,4,2999,0,11996.0,Debit Card,New
ORD-2027576,2025-11-30,CUST-1271,Nandini Sharma,East,Beauty,Face Wash 100ml,3,299,0,897.0,Debit Card,Returning
ORD-2027577,2025-11-30,CUST-1020,Rohan Malhotra,East,Groceries,Basmati Rice 5kg,2,549,0,1098.0,Credit Card,Returning
ORD-2027578,2025-12-01,CUST-1295,Tanya Singh,East,Apparel,Cotton T-Shirt,1,499,0,499.0,Cash,Returning
ORD-2027579,2025-12-01,CUST-1328,Arjun Verma,West,Sports,Yoga Mat,1,699,0,699.0,Credit Card,Returning
ORD-2027580,2025-12-01,CUST-1321,Isha Mehta,South,Electronics,Smartwatch,1,2999,20,2399.2,UPI,New
ORD-2027581,2025-12-01,CUST-1294,Kabir Joshi,West,Electronics,Smartwatch,2,2999,30,4198.6,Net Banking,New
ORD-2027582,2025-12-01,CUST-1138,Tanya Singh,East,Groceries,Basmati Rice 5kg,2,549,20,878.4,Net Banking,New
ORD-2027583,2025-12-01,CUST-1076,Tanya Saxena,Central,Sports,Cricket Bat,1,1499,25,1124.25,Net Banking,Returning
ORD-2027584,2025-12-01,CUST-1328,Arjun Verma,East,Apparel,Formal Shirt,5,899,25,3371.25,Credit Card,Returning
ORD-2027585,2025-12-01,CUST-1149,Aarav Verma,South,Electronics,Wireless Mouse,2,599,10,1078.2,UPI,Returning
ORD-2027586,2025-12-01,CUST-1052,Meera Verma,Central,Beauty,Face Wash 100ml,1,299,10,269.1,Net Banking,Returning
ORD-2027587,2025-12-01,CUST-1388,Aarav Saxena,South,Beauty,Herbal Shampoo,3,249,5,709.65,Credit Card,New
ORD-2027588,2025-12-01,CUST-1096,Kunal Saxena,South,Stationery,Gel Pen Pack,1,99,30,69.3,Credit Card,Returning
ORD-2027589,2025-12-01,CUST-1109,Kabir Mehta,East,Electronics,Wireless Mouse,1,599,30,419.3,UPI,New
ORD-2027590,2025-12-01,CUST-1076,Tanya Saxena,East,Sports,Cricket Bat,1,1499,30,1049.3,Debit Card,Returning
ORD-2027591,2025-12-01,CUST-1179,Nandini Saxena,Central,Stationery,Notebook Set,1,199,25,149.25,Net Banking,Returning
ORD-2027592,2025-12-01,CUST-1159,Isha Kapoor,East,Groceries,Organic Honey 500g,1,349,15,296.65,Credit Card,Returning
ORD-2027593,2025-12-02,CUST-1149,Aarav Verma,North,Stationery,Notebook Set,2,199,0,398.0,Net Banking,Returning
ORD-2027594,2025-12-02,CUST-1250,Shreya Saxena,North,Groceries,Organic Honey 500g,1,349,20,279.2,UPI,New
ORD-2027595,2025-12-02,CUST-1371,Rahul Verma,South,Sports,Yoga Mat,4,699,15,2376.6,UPI,Returning
ORD-2027596,2025-12-02,CUST-1202,Isha Verma,North,Groceries,Organic Honey 500g,2,349,15,593.3,UPI,Returning
ORD-2027597,2025-12-02,CUST-1287,Divya Kapoor,South,Apparel,Denim Jacket,3,1999,20,4797.6,Net Banking,New
ORD-2027598,2025-12-02,CUST-1012,Shreya Patel,South,Sports,Yoga Mat,1,699,25,524.25,Credit Card,Returning
ORD-2027599,2025-12-03,CUST-1207,Rohan Malhotra,West,Apparel,Denim Jacket,5,1999,15,8495.75,Debit Card,Returning
ORD-2027600,2025-12-03,CUST-1178,Komal Sharma,North,Stationery,Gel Pen Pack,2,99,30,138.6,Net Banking,New
ORD-2027601,2025-12-03,CUST-1267,Komal Joshi,Central,Beauty,Herbal Shampoo,4,249,30,697.2,UPI,Returning
ORD-2027602,2025-12-03,CUST-1378,Rahul Mehta,East,Apparel,Denim Jacket,1,1999,10,1799.1,Credit Card,Returning
ORD-2027603,2025-12-03,CUST-1261,Shreya Patel,North,Home & Kitchen,LED Desk Lamp,2,799,20,1278.4,UPI,New
ORD-2027604,2025-12-03,CUST-1300,Vivaan Mehta,South,Electronics,Smartwatch,2,2999,30,4198.6,Cash,New
ORD-2027605,2025-12-03,CUST-1287,Divya Kapoor,North,Beauty,Herbal Shampoo,4,249,10,896.4,Credit Card,Returning
ORD-2027606,2025-12-03,CUST-1276,Swati Joshi,West,Beauty,Face Wash 100ml,1,299,15,254.15,Credit Card,Returning
ORD-2027607,2025-12-03,CUST-1019,Aarav Joshi,Central,Groceries,Organic Honey 500g,2,349,25,523.5,UPI,Returning
ORD-2027608,2025-12-03,CUST-1263,Tanya Mehta,Central,Sports,Yoga Mat,1,699,15,594.15,UPI,Returning
ORD-2027609,2025-12-03,CUST-1178,Komal Sharma,East,Apparel,Formal Shirt,1,899,10,809.1,Debit Card,Returning
ORD-2027610,2025-12-03,CUST-1247,Meera Malhotra,West,Apparel,Formal Shirt,4,899,5,3416.2,Credit Card,Returning
ORD-2027611,2025-12-03,CUST-1234,Meera Sharma,South,Apparel,Denim Jacket,2,1999,15,3398.3,UPI,Returning
ORD-2027612,2025-12-03,CUST-1365,Meera Singh,Central,Home & Kitchen,Non-stick Pan Set,2,1299,15,2208.3,Cash,Returning
ORD-2027613,2025-12-03,CUST-1126,Divya Sharma,West,Stationery,Gel Pen Pack,4,99,30,277.2,UPI,Returning
ORD-2027614,2025-12-03,CUST-1231,Divya Gupta,North,Apparel,Cotton T-Shirt,5,499,30,1746.5,Debit Card,Returning
ORD-2027615,2025-12-04,CUST-1089,Arjun Verma,West,Apparel,Denim Jacket,2,1999,20,3198.4,UPI,New
ORD-2027616,2025-12-04,CUST-1063,Aman Sharma,East,Beauty,Face Wash 100ml,4,299,30,837.2,Cash,Returning
ORD-2027617,2025-12-04,CUST-1361,Vivaan Kapoor,South,Sports,Yoga Mat,2,699,30,978.6,Credit Card,Returning
ORD-2027618,2025-12-04,CUST-1130,Aditya Singh,North,Beauty,Face Wash 100ml,2,299,30,418.6,Net Banking,Returning
ORD-2027619,2025-12-04,CUST-1168,Nandini Joshi,East,Apparel,Formal Shirt,1,899,5,854.05,Cash,Returning
ORD-2027620,2025-12-04,CUST-1050,Rohan Gupta,South,Stationery,Notebook Set,2,199,10,358.2,UPI,Returning
ORD-2027621,2025-12-04,CUST-1018,Aditya Gupta,Central,Stationery,Notebook Set,2,199,10,358.2,Credit Card,Returning
ORD-2027622,2025-12-04,CUST-1041,Divya Malhotra,North,Apparel,Formal Shirt,3,899,10,2427.3,UPI,New
ORD-2027623,2025-12-04,CUST-1185,Meera Sharma,West,Groceries,Organic Honey 500g,1,349,25,261.75,Cash,Returning
ORD-2027624,2025-12-04,CUST-1356,Isha Verma,Central,Sports,Cricket Bat,2,1499,10,2698.2,Credit Card,Returning
ORD-2027625,2025-12-04,CUST-1005,Rohan Malhotra,Central,Apparel,Formal Shirt,4,899,5,3416.2,Debit Card,Returning
ORD-2027626,2025-12-04,CUST-1145,Kunal Joshi,East,Groceries,Organic Honey 500g,3,349,20,837.6,UPI,New
ORD-2027627,2025-12-04,CUST-1145,Kunal Joshi,West,Apparel,Denim Jacket,2,1999,30,2798.6,UPI,Returning
ORD-2027628,2025-12-04,CUST-1284,Arjun Kapoor,Central,Sports,Yoga Mat,1,699,5,664.05,Debit Card,Returning
ORD-2027629,2025-12-04,CUST-1202,Isha Verma,West,Groceries,Basmati Rice 5kg,3,549,15,1399.95,Debit Card,Returning
ORD-2027630,2025-12-05,CUST-1235,Meera Verma,South,Apparel,Denim Jacket,3,1999,0,5997.0,Debit Card,Returning
ORD-2027631,2025-12-05,CUST-1323,Muskan Verma,Central,Groceries,Basmati Rice 5kg,1,549,15,466.65,Credit Card,New
ORD-2027632,2025-12-05,CUST-1367,Aman Saxena,West,Home & Kitchen,LED Desk Lamp,1,799,20,639.2,Debit Card,Returning
ORD-2027633,2025-12-05,CUST-1131,Aarav Sharma,South,Apparel,Denim Jacket,1,1999,0,1999.0,Net Banking,Returning
ORD-2027634,2025-12-05,CUST-1282,Muskan Saxena,Central,Beauty,Face Wash 100ml,3,299,0,897.0,Credit Card,New
ORD-2027635,2025-12-05,CUST-1116,Sakshi Mehta,South,Beauty,Herbal Shampoo,2,249,25,373.5,UPI,Returning
ORD-2027636,2025-12-05,CUST-1167,Nandini Verma,Central,Home & Kitchen,Non-stick Pan Set,3,1299,25,2922.75,UPI,Returning
ORD-2027637,2025-12-05,CUST-1303,Sakshi Sharma,Central,Sports,Cricket Bat,1,1499,0,1499.0,Net Banking,New
ORD-2027638,2025-12-05,CUST-1107,Isha Sharma,South,Beauty,Herbal Shampoo,1,249,5,236.55,Cash,Returning
ORD-2027639,2025-12-05,CUST-1358,Aman Patel,North,Beauty,Face Wash 100ml,1,299,30,209.3,Credit Card,Returning
ORD-2027640,2025-12-05,CUST-1006,Sakshi Singh,South,Apparel,Formal Shirt,2,899,25,1348.5,Net Banking,Returning
ORD-2027641,2025-12-05,CUST-1350,Isha Kapoor,North,Home & Kitchen,LED Desk Lamp,2,799,5,1518.1,Debit Card,Returning
ORD-2027642,2025-12-05,CUST-1096,Kunal Saxena,East,Stationery,Gel Pen Pack,1,99,5,94.05,Net Banking,Returning
ORD-2027643,2025-12-05,CUST-1030,Rahul Kapoor,East,Home & Kitchen,Non-stick Pan Set,1,1299,15,1104.15,UPI,Returning
ORD-2027644,2025-12-05,CUST-1088,Arjun Patel,West,Electronics,Smartwatch,2,2999,20,4798.4,Debit Card,New
ORD-2027645,2025-12-05,CUST-1110,Aman Malhotra,Central,Sports,Yoga Mat,2,699,15,1188.3,UPI,Returning
ORD-2027646,2025-12-06,CUST-1007,Aarav Sharma,West,Home & Kitchen,LED Desk Lamp,1,799,30,559.3,Cash,New
ORD-2027647,2025-12-06,CUST-1384,Vivaan Singh,West,Sports,Cricket Bat,3,1499,10,4047.3,Net Banking,New
ORD-2027648,2025-12-06,CUST-1064,Ankit Mehta,West,Apparel,Cotton T-Shirt,1,499,0,499.0,UPI,New
ORD-2027649,2025-12-06,CUST-1274,Muskan Singh,East,Stationery,Gel Pen Pack,4,99,10,356.4,Debit Card,New
ORD-2027650,2025-12-06,CUST-1377,Sakshi Patel,East,Apparel,Formal Shirt,2,899,0,1798.0,Debit Card,New
ORD-2027651,2025-12-06,CUST-1157,Arjun Verma,East,Home & Kitchen,LED Desk Lamp,1,799,25,599.25,Credit Card,Returning
ORD-2027652,2025-12-06,CUST-1283,Aditya Mehta,North,Electronics,Smartwatch,1,2999,20,2399.2,Credit Card,Returning
ORD-2027653,2025-12-06,CUST-1042,Kunal Saxena,West,Electronics,Smartwatch,2,2999,0,5998.0,UPI,New
ORD-2027654,2025-12-06,CUST-1236,Divya Mehta,West,Apparel,Formal Shirt,1,899,0,899.0,Debit Card,Returning
ORD-2027655,2025-12-06,CUST-1230,Divya Malhotra,South,Groceries,Organic Honey 500g,2,349,0,698.0,Cash,New
ORD-2027656,2025-12-06,CUST-1081,Nandini Verma,West,Apparel,Formal Shirt,1,899,30,629.3,Cash,Returning
ORD-2027657,2025-12-06,CUST-1081,Nandini Verma,Central,Apparel,Cotton T-Shirt,1,499,30,349.3,UPI,New
ORD-2027658,2025-12-07,CUST-1178,Komal Sharma,South,Beauty,Face Wash 100ml,2,299,20,478.4,UPI,New
ORD-2027659,2025-12-07,CUST-1381,Kabir Kapoor,West,Apparel,Formal Shirt,1,899,30,629.3,UPI,Returning
ORD-2027660,2025-12-07,CUST-1275,Tanya Singh,West,Sports,Cricket Bat,1,1499,30,1049.3,Credit Card,Returning
ORD-2027661,2025-12-07,CUST-1101,Sakshi Sharma,East,Groceries,Basmati Rice 5kg,1,549,0,549.0,Debit Card,Returning
ORD-2027662,2025-12-07,CUST-1276,Swati Joshi,South,Apparel,Cotton T-Shirt,3,499,15,1272.45,UPI,Returning
ORD-2027663,2025-12-07,CUST-1050,Rohan Gupta,West,Stationery,Notebook Set,4,199,10,716.4,Debit Card,Returning
ORD-2027664,2025-12-07,CUST-1207,Rohan Malhotra,East,Sports,Cricket Bat,2,1499,10,2698.2,Credit Card,Returning
ORD-2027665,2025-12-07,CUST-1196,Aditya Patel,East,Sports,Yoga Mat,1,699,20,559.2,Debit Card,New
ORD-2027666,2025-12-07,CUST-1281,Nandini Saxena,South,Apparel,Formal Shirt,3,899,25,2022.75,UPI,Returning
ORD-2027667,2025-12-07,CUST-1263,Tanya Mehta,East,Apparel,Formal Shirt,3,899,15,2292.45,Credit Card,Returning
ORD-2027668,2025-12-07,CUST-1202,Isha Verma,Central,Apparel,Cotton T-Shirt,1,499,5,474.05,Cash,New
ORD-2027669,2025-12-07,CUST-1276,Swati Joshi,West,Apparel,Denim Jacket,1,1999,15,1699.15,Net Banking,Returning
ORD-2027670,2025-12-07,CUST-1035,Isha Joshi,Central,Sports,Cricket Bat,2,1499,0,2998.0,Debit Card,New
ORD-2027671,2025-12-07,CUST-1331,Arjun Singh,Central,Beauty,Face Wash 100ml,5,299,10,1345.5,Credit Card,Returning
ORD-2027672,2025-12-07,CUST-1026,Rahul Saxena,Central,Stationery,Notebook Set,1,199,5,189.05,Credit Card,Returning
ORD-2027673,2025-12-07,CUST-1001,Rohan Patel,East,Stationery,Notebook Set,5,199,15,845.75,Net Banking,Returning
ORD-2027674,2025-12-08,CUST-1126,Divya Sharma,South,Apparel,Formal Shirt,4,899,30,2517.2,UPI,Returning
ORD-2027675,2025-12-08,CUST-1392,Aarav Singh,East,Electronics,Wireless Mouse,1,599,20,479.2,Cash,New
ORD-2027676,2025-12-08,CUST-1191,Nandini Malhotra,Central,Electronics,Wireless Mouse,3,599,15,1527.45,UPI,Returning
ORD-2027677,2025-12-08,CUST-1264,Vivaan Malhotra,North,Stationery,Notebook Set,4,199,30,557.2,Debit Card,Returning
ORD-2027678,2025-12-08,CUST-1002,Shreya Mehta,North,Electronics,Bluetooth Headphones,1,1799,15,1529.15,Net Banking,Returning
ORD-2027679,2025-12-08,CUST-1107,Isha Sharma,East,Stationery,Gel Pen Pack,1,99,20,79.2,Cash,Returning
ORD-2027680,2025-12-08,CUST-1031,Kabir Malhotra,South,Electronics,Wireless Mouse,1,599,25,449.25,Debit Card,Returning
ORD-2027681,2025-12-08,CUST-1043,Divya Kapoor,East,Beauty,Herbal Shampoo,4,249,5,946.2,Cash,Returning
ORD-2027682,2025-12-08,CUST-1127,Muskan Joshi,South,Electronics,Wireless Mouse,5,599,5,2845.25,Debit Card,Returning
ORD-2027683,2025-12-08,CUST-1220,Aditya Kapoor,Central,Stationery,Gel Pen Pack,5,99,15,420.75,Debit Card,New
ORD-2027684,2025-12-08,CUST-1104,Nandini Saxena,North,Apparel,Cotton T-Shirt,3,499,30,1047.9,Net Banking,Returning
ORD-2027685,2025-12-08,CUST-1015,Swati Joshi,North,Apparel,Formal Shirt,4,899,10,3236.4,Credit Card,Returning
ORD-2027686,2025-12-08,CUST-1297,Sakshi Kapoor,North,Home & Kitchen,Non-stick Pan Set,2,1299,25,1948.5,Credit Card,New
ORD-2027687,2025-12-08,CUST-1105,Rohan Singh,North,Home & Kitchen,LED Desk Lamp,2,799,30,1118.6,UPI,Returning
ORD-2027688,2025-12-08,CUST-1280,Muskan Kapoor,East,Beauty,Face Wash 100ml,3,299,15,762.45,Debit Card,Returning
ORD-2027689,2025-12-08,CUST-1181,Kunal Sharma,North,Stationery,Gel Pen Pack,3,99,30,207.9,Debit Card,Returning
ORD-2027690,2025-12-08,CUST-1359,Arjun Mehta,West,Groceries,Organic Honey 500g,2,349,25,523.5,Debit Card,New
ORD-2027691,2025-12-08,CUST-1288,Aditya Mehta,North,Groceries,Organic Honey 500g,1,349,20,279.2,Debit Card,Returning
ORD-2027692,2025-12-09,CUST-1200,Swati Saxena,East,Groceries,Basmati Rice 5kg,1,549,10,494.1,Debit Card,Returning
ORD-2027693,2025-12-09,CUST-1338,Komal Malhotra,Central,Electronics,Wireless Mouse,1,599,30,419.3,UPI,Returning
ORD-2027694,2025-12-09,CUST-1040,Aditya Malhotra,East,Stationery,Notebook Set,1,199,0,199.0,Credit Card,New
ORD-2027695,2025-12-09,CUST-1354,Aman Saxena,Central,Beauty,Face Wash 100ml,1,299,20,239.2,UPI,New
ORD-2027696,2025-12-09,CUST-1141,Tanya Kapoor,West,Home & Kitchen,LED Desk Lamp,1,799,30,559.3,Cash,New
ORD-2027697,2025-12-09,CUST-1102,Aarav Patel,South,Sports,Cricket Bat,1,1499,25,1124.25,Cash,New
ORD-2027698,2025-12-09,CUST-1246,Divya Verma,South,Home & Kitchen,LED Desk Lamp,3,799,10,2157.3,Cash,Returning
ORD-2027699,2025-12-09,CUST-1362,Shreya Malhotra,Central,Apparel,Denim Jacket,1,1999,10,1799.1,Debit Card,New
ORD-2027700,2025-12-09,CUST-1341,Meera Patel,West,Groceries,Organic Honey 500g,2,349,20,558.4,Debit Card,New
ORD-2027701,2025-12-10,CUST-1252,Arjun Singh,North,Beauty,Face Wash 100ml,1,299,15,254.15,Net Banking,Returning
ORD-2027702,2025-12-10,CUST-1362,Shreya Malhotra,North,Apparel,Formal Shirt,1,899,15,764.15,UPI,Returning
ORD-2027703,2025-12-10,CUST-1191,Nandini Malhotra,West,Stationery,Gel Pen Pack,2,99,30,138.6,Credit Card,Returning
ORD-2027704,2025-12-10,CUST-1006,Sakshi Singh,East,Stationery,Gel Pen Pack,1,99,5,94.05,Credit Card,Returning
ORD-2027705,2025-12-10,CUST-1204,Meera Mehta,South,Stationery,Notebook Set,3,199,20,477.6,Debit Card,Returning
ORD-2027706,2025-12-10,CUST-1377,Sakshi Patel,Central,Sports,Yoga Mat,2,699,20,1118.4,Credit Card,Returning
ORD-2027707,2025-12-10,CUST-1248,Meera Saxena,West,Electronics,Smartwatch,1,2999,10,2699.1,Credit Card,Returning
ORD-2027708,2025-12-11,CUST-1351,Tanya Mehta,North,Apparel,Denim Jacket,3,1999,15,5097.45,Credit Card,Returning
ORD-2027709,2025-12-11,CUST-1365,Meera Singh,East,Stationery,Notebook Set,1,199,20,159.2,Credit Card,Returning
ORD-2027710,2025-12-11,CUST-1004,Tanya Malhotra,North,Beauty,Face Wash 100ml,3,299,20,717.6,Cash,New
ORD-2027711,2025-12-11,CUST-1282,Muskan Saxena,North,Electronics,Bluetooth Headphones,1,1799,20,1439.2,Net Banking,Returning
ORD-2027712,2025-12-11,CUST-1248,Meera Saxena,South,Electronics,Wireless Mouse,1,599,5,569.05,Debit Card,Returning
ORD-2027713,2025-12-11,CUST-1396,Shreya Patel,North,Apparel,Denim Jacket,1,1999,20,1599.2,Net Banking,New
ORD-2027714,2025-12-11,CUST-1306,Sakshi Malhotra,East,Apparel,Formal Shirt,3,899,5,2562.15,Debit Card,New
ORD-2027715,2025-12-11,CUST-1019,Aarav Joshi,West,Electronics,Wireless Mouse,2,599,0,1198.0,Credit Card,Returning
ORD-2027716,2025-12-11,CUST-1108,Kunal Patel,East,Groceries,Organic Honey 500g,1,349,15,296.65,Cash,Returning
ORD-2027717,2025-12-11,CUST-1075,Divya Patel,West,Stationery,Notebook Set,1,199,30,139.3,Credit Card,Returning
ORD-2027718,2025-12-12,CUST-1015,Swati Joshi,East,Beauty,Face Wash 100ml,5,299,5,1420.25,UPI,Returning
ORD-2027719,2025-12-12,CUST-1225,Aarav Kapoor,North,Stationery,Notebook Set,4,199,5,756.2,Debit Card,Returning
ORD-2027720,2025-12-12,CUST-1194,Muskan Sharma,West,Apparel,Denim Jacket,3,1999,30,4197.9,UPI,Returning
ORD-2027721,2025-12-12,CUST-1052,Meera Verma,South,Home & Kitchen,Non-stick Pan Set,1,1299,10,1169.1,Debit Card,Returning
ORD-2027722,2025-12-12,CUST-1184,Rahul Joshi,South,Apparel,Cotton T-Shirt,2,499,25,748.5,Cash,Returning
ORD-2027723,2025-12-12,CUST-1024,Tanya Singh,East,Apparel,Denim Jacket,1,1999,15,1699.15,Cash,Returning
ORD-2027724,2025-12-12,CUST-1111,Swati Joshi,West,Electronics,Smartwatch,2,2999,10,5398.2,Net Banking,New
ORD-2027725,2025-12-12,CUST-1094,Swati Kapoor,Central,Electronics,Bluetooth Headphones,1,1799,10,1619.1,Debit Card,Returning
ORD-2027726,2025-12-12,CUST-1256,Rohan Singh,South,Groceries,Organic Honey 500g,1,349,5,331.55,Cash,New
ORD-2027727,2025-12-12,CUST-1369,Rohan Sharma,North,Sports,Cricket Bat,2,1499,20,2398.4,Credit Card,New
ORD-2027728,2025-12-12,CUST-1102,Aarav Patel,East,Beauty,Face Wash 100ml,4,299,15,1016.6,Debit Card,New
ORD-2027729,2025-12-13,CUST-1315,Muskan Singh,West,Sports,Yoga Mat,3,699,30,1467.9,Debit Card,Returning
ORD-2027730,2025-12-13,CUST-1045,Arjun Verma,East,Stationery,Notebook Set,3,199,10,537.3,Credit Card,Returning
ORD-2027731,2025-12-13,CUST-1124,Aditya Gupta,North,Home & Kitchen,Non-stick Pan Set,1,1299,0,1299.0,Credit Card,Returning
ORD-2027732,2025-12-13,CUST-1376,Kunal Kapoor,North,Stationery,Notebook Set,3,199,5,567.15,Credit Card,New
ORD-2027733,2025-12-13,CUST-1120,Divya Kapoor,West,Apparel,Formal Shirt,1,899,0,899.0,Cash,New
ORD-2027734,2025-12-13,CUST-1365,Meera Singh,East,Home & Kitchen,Non-stick Pan Set,1,1299,15,1104.15,Debit Card,New
ORD-2027735,2025-12-13,CUST-1071,Kabir Malhotra,Central,Home & Kitchen,Non-stick Pan Set,1,1299,5,1234.05,Cash,New
ORD-2027736,2025-12-13,CUST-1074,Kabir Kapoor,North,Apparel,Cotton T-Shirt,4,499,5,1896.2,Credit Card,New
ORD-2027737,2025-12-13,CUST-1095,Nandini Joshi,Central,Sports,Cricket Bat,1,1499,30,1049.3,Cash,Returning
ORD-2027738,2025-12-13,CUST-1096,Kunal Saxena,East,Home & Kitchen,Non-stick Pan Set,2,1299,5,2468.1,Debit Card,Returning
ORD-2027739,2025-12-13,CUST-1088,Arjun Patel,North,Electronics,Smartwatch,3,2999,20,7197.6,Cash,Returning
ORD-2027740,2025-12-13,CUST-1118,Sakshi Malhotra,East,Electronics,Bluetooth Headphones,1,1799,10,1619.1,Credit Card,Returning
ORD-2027741,2025-12-13,CUST-1069,Kabir Joshi,West,Home & Kitchen,LED Desk Lamp,1,799,5,759.05,Credit Card,Returning
ORD-2027742,2025-12-13,CUST-1187,Kabir Saxena,West,Stationery,Notebook Set,2,199,30,278.6,Net Banking,New
ORD-2027743,2025-12-13,CUST-1204,Meera Mehta,East,Electronics,Bluetooth Headphones,3,1799,0,5397.0,Credit Card,Returning
ORD-2027744,2025-12-14,CUST-1111,Swati Joshi,South,Apparel,Cotton T-Shirt,2,499,25,748.5,UPI,Returning
ORD-2027745,2025-12-14,CUST-1267,Komal Joshi,South,Home & Kitchen,LED Desk Lamp,1,799,15,679.15,Debit Card,Returning
ORD-2027746,2025-12-14,CUST-1196,Aditya Patel,North,Home & Kitchen,LED Desk Lamp,2,799,0,1598.0,Credit Card,New
ORD-2027747,2025-12-14,CUST-1037,Aarav Gupta,East,Sports,Cricket Bat,3,1499,10,4047.3,Debit Card,Returning
ORD-2027748,2025-12-14,CUST-1062,Tanya Sharma,North,Apparel,Formal Shirt,1,899,5,854.05,Net Banking,New
ORD-2027749,2025-12-14,CUST-1216,Meera Malhotra,Central,Home & Kitchen,Non-stick Pan Set,1,1299,15,1104.15,Credit Card,Returning
ORD-2027750,2025-12-14,CUST-1036,Nandini Mehta,North,Electronics,Smartwatch,1,2999,15,2549.15,Debit Card,Returning
ORD-2027751,2025-12-14,CUST-1251,Aarav Singh,West,Apparel,Cotton T-Shirt,3,499,25,1122.75,Net Banking,Returning
ORD-2027752,2025-12-14,CUST-1014,Vivaan Kapoor,Central,Apparel,Denim Jacket,1,1999,30,1399.3,Debit Card,Returning
ORD-2027753,2025-12-14,CUST-1116,Sakshi Mehta,South,Groceries,Basmati Rice 5kg,5,549,15,2333.25,UPI,Returning
ORD-2027754,2025-12-14,CUST-1267,Komal Joshi,Central,Electronics,Wireless Mouse,2,599,15,1018.3,Net Banking,New
ORD-2027755,2025-12-14,CUST-1306,Sakshi Malhotra,North,Apparel,Formal Shirt,1,899,20,719.2,Credit Card,Returning
ORD-2027756,2025-12-14,CUST-1220,Aditya Kapoor,West,Electronics,Smartwatch,4,2999,15,10196.6,Debit Card,Returning
ORD-2027757,2025-12-14,CUST-1193,Komal Saxena,East,Sports,Cricket Bat,3,1499,10,4047.3,Cash,New
ORD-2027758,2025-12-14,CUST-1322,Rahul Sharma,North,Stationery,Gel Pen Pack,3,99,0,297.0,Credit Card,Returning
ORD-2027759,2025-12-15,CUST-1377,Sakshi Patel,Central,Home & Kitchen,LED Desk Lamp,1,799,25,599.25,UPI,Returning
ORD-2027760,2025-12-15,CUST-1219,Sakshi Patel,Central,Sports,Cricket Bat,3,1499,25,3372.75,Debit Card,Returning
ORD-2027761,2025-12-15,CUST-1064,Ankit Mehta,North,Home & Kitchen,LED Desk Lamp,1,799,15,679.15,Debit Card,New
ORD-2027762,2025-12-15,CUST-1151,Aman Patel,West,Apparel,Cotton T-Shirt,2,499,30,698.6,Credit Card,New
ORD-2027763,2025-12-15,CUST-1113,Swati Saxena,East,Home & Kitchen,LED Desk Lamp,1,799,20,639.2,Cash,New
ORD-2027764,2025-12-15,CUST-1122,Aditya Kapoor,South,Apparel,Cotton T-Shirt,5,499,10,2245.5,Debit Card,Returning
ORD-2027765,2025-12-15,CUST-1101,Sakshi Sharma,North,Beauty,Face Wash 100ml,1,299,5,284.05,Credit Card,Returning
ORD-2027766,2025-12-15,CUST-1145,Kunal Joshi,North,Electronics,Wireless Mouse,1,599,5,569.05,Credit Card,Returning
ORD-2027767,2025-12-15,CUST-1080,Kabir Sharma,North,Electronics,Smartwatch,3,2999,10,8097.3,Credit Card,Returning
ORD-2027768,2025-12-15,CUST-1235,Meera Verma,West,Sports,Cricket Bat,3,1499,5,4272.15,Debit Card,Returning
ORD-2027769,2025-12-15,CUST-1113,Swati Saxena,East,Stationery,Notebook Set,1,199,15,169.15,Debit Card,Returning
ORD-2027770,2025-12-16,CUST-1308,Shreya Sharma,South,Apparel,Cotton T-Shirt,3,499,20,1197.6,Credit Card,Returning
ORD-2027771,2025-12-16,CUST-1289,Kunal Verma,South,Groceries,Organic Honey 500g,2,349,15,593.3,Credit Card,New
ORD-2027772,2025-12-16,CUST-1246,Divya Verma,West,Groceries,Organic Honey 500g,1,349,15,296.65,Cash,Returning
ORD-2027773,2025-12-16,CUST-1038,Rohan Joshi,Central,Groceries,Organic Honey 500g,1,349,0,349.0,Debit Card,Returning
ORD-2027774,2025-12-16,CUST-1034,Sakshi Patel,West,Electronics,Bluetooth Headphones,1,1799,25,1349.25,Debit Card,Returning
ORD-2027775,2025-12-16,CUST-1097,Rohan Verma,South,Sports,Yoga Mat,1,699,15,594.15,Debit Card,Returning
ORD-2027776,2025-12-16,CUST-1058,Nandini Singh,South,Sports,Yoga Mat,1,699,15,594.15,Credit Card,New
ORD-2027777,2025-12-16,CUST-1344,Nandini Saxena,West,Electronics,Smartwatch,2,2999,25,4498.5,Credit Card,Returning
ORD-2027778,2025-12-16,CUST-1399,Vivaan Verma,West,Electronics,Smartwatch,2,2999,5,5698.1,UPI,Returning
ORD-2027779,2025-12-16,CUST-1137,Nandini Kapoor,Central,Apparel,Denim Jacket,2,1999,15,3398.3,Credit Card,Returning
ORD-2027780,2025-12-16,CUST-1396,Shreya Patel,East,Home & Kitchen,LED Desk Lamp,1,799,0,799.0,Cash,Returning
ORD-2027781,2025-12-16,CUST-1050,Rohan Gupta,North,Stationery,Notebook Set,2,199,20,318.4,Cash,New
ORD-2027782,2025-12-16,CUST-1356,Isha Verma,East,Electronics,Bluetooth Headphones,1,1799,20,1439.2,Cash,Returning
ORD-2027783,2025-12-16,CUST-1023,Rohan Sharma,West,Groceries,Organic Honey 500g,1,349,20,279.2,UPI,Returning
ORD-2027784,2025-12-17,CUST-1140,Tanya Verma,South,Electronics,Smartwatch,1,2999,10,2699.1,Credit Card,Returning
ORD-2027785,2025-12-17,CUST-1089,Arjun Verma,East,Home & Kitchen,Non-stick Pan Set,1,1299,20,1039.2,Net Banking,New
ORD-2027786,2025-12-17,CUST-1313,Kunal Joshi,North,Sports,Cricket Bat,1,1499,30,1049.3,Net Banking,Returning
ORD-2027787,2025-12-17,CUST-1285,Ankit Joshi,North,Home & Kitchen,Non-stick Pan Set,1,1299,20,1039.2,Debit Card,Returning
ORD-2027788,2025-12-17,CUST-1319,Rohan Sharma,South,Electronics,Bluetooth Headphones,1,1799,15,1529.15,Debit Card,New
ORD-2027789,2025-12-17,CUST-1114,Vivaan Malhotra,North,Groceries,Organic Honey 500g,1,349,15,296.65,Debit Card,Returning
ORD-2027790,2025-12-17,CUST-1277,Vivaan Sharma,West,Stationery,Notebook Set,2,199,0,398.0,Credit Card,New
ORD-2027791,2025-12-17,CUST-1270,Nandini Verma,South,Beauty,Face Wash 100ml,2,299,30,418.6,Debit Card,New
ORD-2027792,2025-12-17,CUST-1299,Kabir Mehta,South,Stationery,Notebook Set,2,199,15,338.3,Credit Card,Returning
ORD-2027793,2025-12-17,CUST-1393,Nandini Singh,West,Apparel,Denim Jacket,2,1999,15,3398.3,UPI,New
ORD-2027794,2025-12-17,CUST-1158,Shreya Singh,East,Electronics,Wireless Mouse,1,599,30,419.3,Debit Card,Returning
ORD-2027795,2025-12-17,CUST-1226,Tanya Joshi,East,Groceries,Organic Honey 500g,2,349,5,663.1,UPI,Returning
ORD-2027796,2025-12-17,CUST-1223,Meera Saxena,Central,Apparel,Cotton T-Shirt,2,499,15,848.3,UPI,Returning
ORD-2027797,2025-12-18,CUST-1145,Kunal Joshi,Central,Home & Kitchen,LED Desk Lamp,1,799,0,799.0,Credit Card,Returning
ORD-2027798,2025-12-18,CUST-1082,Aarav Mehta,South,Stationery,Notebook Set,3,199,15,507.45,UPI,Returning
ORD-2027799,2025-12-18,CUST-1371,Rahul Verma,North,Groceries,Organic Honey 500g,1,349,0,349.0,Credit Card,Returning
ORD-2027800,2025-12-18,CUST-1213,Ankit Patel,North,Electronics,Wireless Mouse,1,599,20,479.2,UPI,Returning
ORD-2027801,2025-12-18,CUST-1008,Meera Saxena,Central,Apparel,Denim Jacket,1,1999,20,1599.2,Cash,New
ORD-2027802,2025-12-18,CUST-1236,Divya Mehta,South,Groceries,Organic Honey 500g,3,349,5,994.65,Debit Card,Returning
ORD-2027803,2025-12-18,CUST-1372,Vivaan Singh,East,Electronics,Smartwatch,2,2999,5,5698.1,Cash,New
ORD-2027804,2025-12-18,CUST-1238,Nandini Verma,West,Stationery,Notebook Set,1,199,5,189.05,Cash,Returning
ORD-2027805,2025-12-18,CUST-1247,Meera Malhotra,North,Groceries,Basmati Rice 5kg,1,549,20,439.2,UPI,Returning
ORD-2027806,2025-12-18,CUST-1355,Aditya Joshi,Central,Stationery,Notebook Set,1,199,10,179.1,UPI,Returning
ORD-2027807,2025-12-18,CUST-1338,Komal Malhotra,North,Home & Kitchen,LED Desk Lamp,3,799,5,2277.15,UPI,Returning
ORD-2027808,2025-12-18,CUST-1354,Aman Saxena,East,Electronics,Bluetooth Headphones,1,1799,15,1529.15,Debit Card,New
ORD-2027809,2025-12-18,CUST-1345,Tanya Verma,East,Electronics,Bluetooth Headphones,1,1799,20,1439.2,Debit Card,New
ORD-2027810,2025-12-19,CUST-1220,Aditya Kapoor,North,Stationery,Notebook Set,4,199,10,716.4,Credit Card,Returning
ORD-2027811,2025-12-19,CUST-1373,Rahul Verma,South,Groceries,Organic Honey 500g,3,349,25,785.25,UPI,Returning
ORD-2027812,2025-12-19,CUST-1285,Ankit Joshi,Central,Home & Kitchen,Non-stick Pan Set,1,1299,0,1299.0,UPI,Returning
ORD-2027813,2025-12-19,CUST-1041,Divya Malhotra,North,Sports,Cricket Bat,1,1499,0,1499.0,UPI,New
ORD-2027814,2025-12-19,CUST-1271,Nandini Sharma,Central,Stationery,Gel Pen Pack,1,99,25,74.25,Cash,New
ORD-2027815,2025-12-19,CUST-1011,Kunal Sharma,North,Home & Kitchen,LED Desk Lamp,1,799,5,759.05,Credit Card,Returning
ORD-2027816,2025-12-19,CUST-1206,Aditya Gupta,West,Electronics,Smartwatch,1,2999,0,2999.0,Credit Card,Returning
ORD-2027817,2025-12-19,CUST-1099,Rahul Malhotra,Central,Groceries,Organic Honey 500g,1,349,25,261.75,UPI,New
ORD-2027818,2025-12-19,CUST-1153,Swati Verma,West,Apparel,Formal Shirt,1,899,30,629.3,Credit Card,Returning
ORD-2027819,2025-12-19,CUST-1218,Rahul Singh,East,Sports,Yoga Mat,1,699,25,524.25,Debit Card,Returning
ORD-2027820,2025-12-19,CUST-1151,Aman Patel,Central,Beauty,Herbal Shampoo,1,249,0,249.0,Credit Card,Returning
ORD-2027821,2025-12-19,CUST-1242,Sakshi Malhotra,Central,Beauty,Herbal Shampoo,5,249,15,1058.25,Credit Card,Returning
ORD-2027822,2025-12-19,CUST-1198,Vivaan Joshi,North,Stationery,Notebook Set,3,199,20,477.6,Debit Card,Returning
ORD-2027823,2025-12-19,CUST-1153,Swati Verma,West,Apparel,Cotton T-Shirt,1,499,20,399.2,UPI,Returning
ORD-2027824,2025-12-20,CUST-1006,Sakshi Singh,North,Stationery,Notebook Set,2,199,10,358.2,UPI,Returning
ORD-2027825,2025-12-20,CUST-1129,Nandini Patel,North,Sports,Cricket Bat,3,1499,20,3597.6,Debit Card,New
ORD-2027826,2025-12-20,CUST-1122,Aditya Kapoor,North,Sports,Cricket Bat,1,1499,10,1349.1,Debit Card,Returning
ORD-2027827,2025-12-20,CUST-1252,Arjun Singh,West,Apparel,Denim Jacket,2,1999,0,3998.0,Debit Card,Returning
ORD-2027828,2025-12-20,CUST-1067,Nandini Gupta,Central,Stationery,Gel Pen Pack,3,99,10,267.3,Credit Card,Returning
ORD-2027829,2025-12-20,CUST-1368,Isha Patel,West,Stationery,Gel Pen Pack,1,99,15,84.15,Debit Card,Returning
ORD-2027830,2025-12-20,CUST-1020,Rohan Malhotra,North,Groceries,Organic Honey 500g,1,349,0,349.0,Credit Card,Returning
ORD-2027831,2025-12-20,CUST-1305,Muskan Joshi,Central,Stationery,Notebook Set,2,199,5,378.1,UPI,Returning
ORD-2027832,2025-12-20,CUST-1129,Nandini Patel,East,Sports,Yoga Mat,1,699,15,594.15,Debit Card,Returning
ORD-2027833,2025-12-20,CUST-1098,Rohan Patel,East,Stationery,Notebook Set,2,199,0,398.0,Debit Card,Returning
ORD-2027834,2025-12-20,CUST-1218,Rahul Singh,North,Groceries,Organic Honey 500g,2,349,5,663.1,Cash,Returning
ORD-2027835,2025-12-20,CUST-1173,Ankit Gupta,West,Stationery,Notebook Set,2,199,10,358.2,Credit Card,Returning
ORD-2027836,2025-12-20,CUST-1215,Arjun Singh,West,Groceries,Basmati Rice 5kg,3,549,25,1235.25,UPI,Returning
ORD-2027837,2025-12-20,CUST-1022,Tanya Verma,West,Home & Kitchen,Non-stick Pan Set,1,1299,30,909.3,Debit Card,Returning
ORD-2027838,2025-12-20,CUST-1084,Kunal Saxena,East,Beauty,Face Wash 100ml,2,299,0,598.0,Cash,New
ORD-2027839,2025-12-20,CUST-1288,Aditya Mehta,East,Stationery,Notebook Set,1,199,30,139.3,Cash,Returning
ORD-2027840,2025-12-20,CUST-1302,Arjun Saxena,West,Electronics,Bluetooth Headphones,1,1799,25,1349.25,Debit Card,New
ORD-2027841,2025-12-20,CUST-1297,Sakshi Kapoor,Central,Beauty,Herbal Shampoo,3,249,10,672.3,UPI,Returning
ORD-2027842,2025-12-21,CUST-1307,Swati Kapoor,Central,Electronics,Wireless Mouse,1,599,30,419.3,Credit Card,Returning
ORD-2027843,2025-12-21,CUST-1131,Aarav Sharma,Central,Groceries,Basmati Rice 5kg,1,549,15,466.65,Credit Card,Returning
ORD-2027844,2025-12-21,CUST-1167,Nandini Verma,Central,Apparel,Formal Shirt,1,899,25,674.25,Debit Card,New
ORD-2027845,2025-12-21,CUST-1326,Rohan Verma,Central,Home & Kitchen,LED Desk Lamp,1,799,5,759.05,Credit Card,Returning
ORD-2027846,2025-12-21,CUST-1262,Kunal Joshi,West,Home & Kitchen,LED Desk Lamp,1,799,0,799.0,Cash,Returning
ORD-2027847,2025-12-21,CUST-1100,Vivaan Saxena,North,Stationery,Gel Pen Pack,1,99,10,89.1,UPI,Returning
ORD-2027848,2025-12-21,CUST-1095,Nandini Joshi,Central,Beauty,Herbal Shampoo,2,249,20,398.4,Credit Card,Returning
ORD-2027849,2025-12-21,CUST-1048,Divya Mehta,Central,Electronics,Bluetooth Headphones,2,1799,15,3058.3,Cash,Returning
ORD-2027850,2025-12-21,CUST-1300,Vivaan Mehta,South,Electronics,Bluetooth Headphones,1,1799,0,1799.0,Credit Card,Returning
ORD-2027851,2025-12-21,CUST-1262,Kunal Joshi,North,Beauty,Face Wash 100ml,2,299,10,538.2,UPI,Returning
ORD-2027852,2025-12-21,CUST-1326,Rohan Verma,Central,Home & Kitchen,LED Desk Lamp,1,799,20,639.2,Debit Card,Returning
ORD-2027853,2025-12-21,CUST-1076,Tanya Saxena,West,Electronics,Bluetooth Headphones,1,1799,15,1529.15,Credit Card,Returning
ORD-2027854,2025-12-21,CUST-1175,Vivaan Kapoor,West,Beauty,Herbal Shampoo,2,249,30,348.6,UPI,New
ORD-2027855,2025-12-21,CUST-1366,Vivaan Joshi,East,Beauty,Face Wash 100ml,2,299,30,418.6,Debit Card,New
ORD-2027856,2025-12-21,CUST-1256,Rohan Singh,Central,Electronics,Smartwatch,4,2999,10,10796.4,Cash,Returning
ORD-2027857,2025-12-21,CUST-1145,Kunal Joshi,West,Home & Kitchen,Non-stick Pan Set,2,1299,20,2078.4,Debit Card,Returning
ORD-2027858,2025-12-21,CUST-1074,Kabir Kapoor,West,Groceries,Organic Honey 500g,1,349,5,331.55,Net Banking,Returning
ORD-2027859,2025-12-21,CUST-1222,Sakshi Sharma,East,Electronics,Bluetooth Headphones,1,1799,5,1709.05,Net Banking,Returning
ORD-2027860,2025-12-21,CUST-1067,Nandini Gupta,Central,Electronics,Wireless Mouse,2,599,15,1018.3,UPI,Returning
ORD-2027861,2025-12-22,CUST-1139,Aditya Sharma,South,Apparel,Denim Jacket,1,1999,30,1399.3,Credit Card,Returning
ORD-2027862,2025-12-22,CUST-1313,Kunal Joshi,West,Apparel,Cotton T-Shirt,2,499,20,798.4,Debit Card,Returning
ORD-2027863,2025-12-22,CUST-1381,Kabir Kapoor,South,Beauty,Herbal Shampoo,2,249,25,373.5,Credit Card,Returning
ORD-2027864,2025-12-22,CUST-1179,Nandini Saxena,North,Groceries,Basmati Rice 5kg,3,549,20,1317.6,Credit Card,Returning
ORD-2027865,2025-12-22,CUST-1242,Sakshi Malhotra,North,Apparel,Formal Shirt,1,899,15,764.15,Credit Card,Returning
ORD-2027866,2025-12-22,CUST-1254,Meera Malhotra,Central,Electronics,Wireless Mouse,1,599,0,599.0,UPI,Returning
ORD-2027867,2025-12-22,CUST-1007,Aarav Sharma,South,Home & Kitchen,LED Desk Lamp,1,799,30,559.3,UPI,Returning
ORD-2027868,2025-12-22,CUST-1161,Ankit Gupta,East,Apparel,Cotton T-Shirt,1,499,0,499.0,Debit Card,New
ORD-2027869,2025-12-22,CUST-1059,Kunal Verma,East,Sports,Cricket Bat,1,1499,0,1499.0,Debit Card,Returning
ORD-2027870,2025-12-22,CUST-1024,Tanya Singh,North,Electronics,Smartwatch,1,2999,10,2699.1,Cash,Returning
ORD-2027871,2025-12-22,CUST-1133,Kunal Mehta,South,Home & Kitchen,LED Desk Lamp,1,799,30,559.3,Debit Card,Returning
ORD-2027872,2025-12-22,CUST-1278,Meera Verma,Central,Home & Kitchen,Non-stick Pan Set,1,1299,0,1299.0,Debit Card,Returning
ORD-2027873,2025-12-22,CUST-1159,Isha Kapoor,South,Home & Kitchen,LED Desk Lamp,2,799,25,1198.5,Net Banking,New
ORD-2027874,2025-12-22,CUST-1343,Tanya Sharma,West,Stationery,Gel Pen Pack,1,99,5,94.05,Credit Card,New
ORD-2027875,2025-12-23,CUST-1369,Rohan Sharma,Central,Electronics,Wireless Mouse,2,599,15,1018.3,Debit Card,Returning
ORD-2027876,2025-12-23,CUST-1180,Muskan Joshi,West,Groceries,Organic Honey 500g,1,349,5,331.55,Debit Card,Returning
ORD-2027877,2025-12-23,CUST-1103,Muskan Gupta,North,Apparel,Formal Shirt,1,899,15,764.15,UPI,Returning
ORD-2027878,2025-12-23,CUST-1094,Swati Kapoor,North,Sports,Cricket Bat,1,1499,0,1499.0,UPI,New
ORD-2027879,2025-12-23,CUST-1252,Arjun Singh,Central,Stationery,Gel Pen Pack,3,99,5,282.15,Debit Card,Returning
ORD-2027880,2025-12-23,CUST-1045,Arjun Verma,Central,Apparel,Denim Jacket,1,1999,20,1599.2,Cash,New
ORD-2027881,2025-12-23,CUST-1221,Kunal Singh,South,Electronics,Smartwatch,1,2999,25,2249.25,UPI,New
ORD-2027882,2025-12-23,CUST-1295,Tanya Singh,West,Stationery,Gel Pen Pack,2,99,5,188.1,Credit Card,Returning
ORD-2027883,2025-12-23,CUST-1042,Kunal Saxena,East,Stationery,Notebook Set,1,199,20,159.2,Cash,New
ORD-2027884,2025-12-24,CUST-1278,Meera Verma,East,Groceries,Organic Honey 500g,2,349,5,663.1,Net Banking,New
ORD-2027885,2025-12-24,CUST-1090,Aarav Joshi,East,Apparel,Formal Shirt,1,899,0,899.0,Credit Card,Returning
ORD-2027886,2025-12-24,CUST-1364,Rahul Malhotra,West,Home & Kitchen,Non-stick Pan Set,1,1299,15,1104.15,Credit Card,Returning
ORD-2027887,2025-12-24,CUST-1326,Rohan Verma,East,Stationery,Gel Pen Pack,1,99,25,74.25,Debit Card,Returning
ORD-2027888,2025-12-24,CUST-1036,Nandini Mehta,South,Beauty,Face Wash 100ml,1,299,5,284.05,UPI,Returning
ORD-2027889,2025-12-24,CUST-1102,Aarav Patel,South,Electronics,Smartwatch,3,2999,5,8547.15,Net Banking,New
ORD-2027890,2025-12-24,CUST-1237,Divya Sharma,East,Home & Kitchen,LED Desk Lamp,5,799,20,3196.0,Cash,Returning
ORD-2027891,2025-12-24,CUST-1131,Aarav Sharma,East,Home & Kitchen,LED Desk Lamp,3,799,15,2037.45,Cash,Returning
ORD-2027892,2025-12-24,CUST-1164,Kabir Malhotra,South,Sports,Yoga Mat,4,699,0,2796.0,Debit Card,Returning
ORD-2027893,2025-12-24,CUST-1053,Vivaan Malhotra,East,Groceries,Organic Honey 500g,1,349,10,314.1,Debit Card,Returning
ORD-2027894,2025-12-24,CUST-1375,Kunal Joshi,East,Beauty,Face Wash 100ml,2,299,30,418.6,Credit Card,Returning
ORD-2027895,2025-12-24,CUST-1257,Shreya Saxena,East,Groceries,Organic Honey 500g,2,349,30,488.6,UPI,Returning
ORD-2027896,2025-12-24,CUST-1231,Divya Gupta,East,Electronics,Wireless Mouse,2,599,0,1198.0,UPI,New
ORD-2027897,2025-12-25,CUST-1252,Arjun Singh,North,Stationery,Gel Pen Pack,4,99,30,277.2,UPI,Returning
ORD-2027898,2025-12-25,CUST-1171,Ankit Verma,West,Sports,Cricket Bat,1,1499,5,1424.05,Credit Card,Returning
ORD-2027899,2025-12-25,CUST-1048,Divya Mehta,West,Sports,Cricket Bat,4,1499,0,5996.0,Cash,New
ORD-2027900,2025-12-25,CUST-1383,Aman Gupta,Central,Stationery,Gel Pen Pack,3,99,0,297.0,Debit Card,New
ORD-2027901,2025-12-25,CUST-1294,Kabir Joshi,North,Electronics,Smartwatch,3,2999,15,7647.45,UPI,Returning
ORD-2027902,2025-12-25,CUST-1109,Kabir Mehta,Central,Apparel,Denim Jacket,2,1999,20,3198.4,UPI,Returning
ORD-2027903,2025-12-25,CUST-1338,Komal Malhotra,West,Apparel,Formal Shirt,3,899,5,2562.15,UPI,Returning
ORD-2027904,2025-12-25,CUST-1239,Rohan Malhotra,East,Stationery,Notebook Set,4,199,15,676.6,Cash,New
ORD-2027905,2025-12-25,CUST-1333,Aarav Gupta,West,Apparel,Formal Shirt,1,899,20,719.2,UPI,Returning
ORD-2027906,2025-12-25,CUST-1188,Shreya Malhotra,Central,Apparel,Formal Shirt,1,899,30,629.3,Net Banking,New
ORD-2027907,2025-12-25,CUST-1339,Aarav Patel,West,Home & Kitchen,Non-stick Pan Set,1,1299,30,909.3,Debit Card,Returning
ORD-2027908,2025-12-25,CUST-1350,Isha Kapoor,South,Groceries,Basmati Rice 5kg,2,549,10,988.2,Credit Card,Returning
ORD-2027909,2025-12-25,CUST-1114,Vivaan Malhotra,East,Sports,Cricket Bat,3,1499,0,4497.0,Debit Card,Returning
ORD-2027910,2025-12-26,CUST-1153,Swati Verma,North,Stationery,Notebook Set,2,199,15,338.3,Debit Card,Returning
ORD-2027911,2025-12-26,CUST-1091,Kabir Gupta,North,Home & Kitchen,Non-stick Pan Set,1,1299,15,1104.15,Debit Card,Returning
ORD-2027912,2025-12-26,CUST-1059,Kunal Verma,Central,Stationery,Notebook Set,2,199,30,278.6,Credit Card,Returning
ORD-2027913,2025-12-26,CUST-1205,Aman Sharma,North,Groceries,Organic Honey 500g,3,349,20,837.6,Debit Card,Returning
ORD-2027914,2025-12-26,CUST-1091,Kabir Gupta,North,Stationery,Notebook Set,1,199,20,159.2,Cash,Returning
ORD-2027915,2025-12-26,CUST-1075,Divya Patel,Central,Home & Kitchen,LED Desk Lamp,2,799,10,1438.2,Cash,New
ORD-2027916,2025-12-26,CUST-1204,Meera Mehta,Central,Beauty,Herbal Shampoo,1,249,10,224.1,Net Banking,Returning
ORD-2027917,2025-12-26,CUST-1382,Meera Verma,East,Apparel,Denim Jacket,1,1999,30,1399.3,Debit Card,Returning
ORD-2027918,2025-12-26,CUST-1052,Meera Verma,South,Beauty,Face Wash 100ml,3,299,25,672.75,UPI,Returning
ORD-2027919,2025-12-26,CUST-1249,Kabir Sharma,West,Sports,Cricket Bat,1,1499,10,1349.1,Debit Card,Returning
ORD-2027920,2025-12-26,CUST-1384,Vivaan Singh,West,Groceries,Basmati Rice 5kg,1,549,10,494.1,UPI,New
ORD-2027921,2025-12-26,CUST-1125,Muskan Malhotra,East,Electronics,Bluetooth Headphones,2,1799,20,2878.4,Debit Card,New
ORD-2027922,2025-12-26,CUST-1338,Komal Malhotra,West,Electronics,Wireless Mouse,4,599,20,1916.8,Cash,Returning
ORD-2027923,2025-12-26,CUST-1156,Nandini Joshi,South,Beauty,Herbal Shampoo,1,249,15,211.65,Credit Card,Returning
ORD-2027924,2025-12-27,CUST-1120,Divya Kapoor,East,Electronics,Wireless Mouse,2,599,15,1018.3,UPI,Returning
ORD-2027925,2025-12-27,CUST-1247,Meera Malhotra,Central,Electronics,Smartwatch,1,2999,20,2399.2,UPI,Returning
ORD-2027926,2025-12-27,CUST-1326,Rohan Verma,South,Home & Kitchen,LED Desk Lamp,1,799,5,759.05,Debit Card,Returning
ORD-2027927,2025-12-27,CUST-1089,Arjun Verma,West,Electronics,Bluetooth Headphones,1,1799,30,1259.3,Cash,Returning
ORD-2027928,2025-12-27,CUST-1389,Ankit Mehta,South,Stationery,Notebook Set,4,199,25,597.0,Cash,New
ORD-2027929,2025-12-27,CUST-1009,Shreya Gupta,North,Beauty,Herbal Shampoo,3,249,25,560.25,Debit Card,Returning
ORD-2027930,2025-12-27,CUST-1038,Rohan Joshi,East,Electronics,Bluetooth Headphones,3,1799,15,4587.45,UPI,Returning
ORD-2027931,2025-12-27,CUST-1290,Kabir Mehta,East,Groceries,Basmati Rice 5kg,1,549,20,439.2,Debit Card,New
ORD-2027932,2025-12-27,CUST-1089,Arjun Verma,North,Sports,Cricket Bat,3,1499,0,4497.0,Debit Card,New
ORD-2027933,2025-12-27,CUST-1018,Aditya Gupta,East,Stationery,Gel Pen Pack,2,99,5,188.1,Credit Card,New
ORD-2027934,2025-12-27,CUST-1009,Shreya Gupta,South,Electronics,Smartwatch,2,2999,5,5698.1,UPI,Returning
ORD-2027935,2025-12-27,CUST-1018,Aditya Gupta,East,Groceries,Organic Honey 500g,1,349,20,279.2,Debit Card,Returning
ORD-2027936,2025-12-27,CUST-1251,Aarav Singh,North,Electronics,Smartwatch,2,2999,0,5998.0,Net Banking,Returning
ORD-2027937,2025-12-27,CUST-1389,Ankit Mehta,West,Home & Kitchen,Non-stick Pan Set,1,1299,10,1169.1,Net Banking,Returning
ORD-2027938,2025-12-28,CUST-1109,Kabir Mehta,East,Sports,Cricket Bat,1,1499,30,1049.3,UPI,Returning
ORD-2027939,2025-12-28,CUST-1145,Kunal Joshi,North,Groceries,Basmati Rice 5kg,2,549,20,878.4,Debit Card,Returning
ORD-2027940,2025-12-28,CUST-1127,Muskan Joshi,West,Apparel,Formal Shirt,5,899,5,4270.25,Net Banking,Returning
ORD-2027941,2025-12-28,CUST-1282,Muskan Saxena,South,Stationery,Gel Pen Pack,3,99,25,222.75,Credit Card,Returning
ORD-2027942,2025-12-28,CUST-1050,Rohan Gupta,North,Electronics,Bluetooth Headphones,3,1799,20,4317.6,Debit Card,Returning
ORD-2027943,2025-12-28,CUST-1136,Kunal Patel,South,Stationery,Gel Pen Pack,1,99,25,74.25,UPI,New
ORD-2027944,2025-12-28,CUST-1271,Nandini Sharma,Central,Electronics,Bluetooth Headphones,2,1799,25,2698.5,UPI,New
ORD-2027945,2025-12-28,CUST-1157,Arjun Verma,East,Beauty,Herbal Shampoo,2,249,25,373.5,Cash,Returning
ORD-2027946,2025-12-28,CUST-1019,Aarav Joshi,East,Electronics,Smartwatch,2,2999,20,4798.4,Cash,New
ORD-2027947,2025-12-28,CUST-1194,Muskan Sharma,South,Stationery,Notebook Set,1,199,0,199.0,Credit Card,Returning
ORD-2027948,2025-12-28,CUST-1155,Aman Saxena,East,Apparel,Formal Shirt,1,899,10,809.1,Credit Card,Returning
ORD-2027949,2025-12-28,CUST-1353,Vivaan Gupta,South,Groceries,Organic Honey 500g,1,349,20,279.2,Debit Card,Returning
ORD-2027950,2025-12-28,CUST-1083,Komal Kapoor,South,Electronics,Smartwatch,1,2999,30,2099.3,Debit Card,New
ORD-2027951,2025-12-28,CUST-1379,Divya Verma,East,Sports,Cricket Bat,1,1499,25,1124.25,Credit Card,Returning
ORD-2027952,2025-12-28,CUST-1243,Aman Joshi,South,Beauty,Herbal Shampoo,1,249,15,211.65,Cash,New
ORD-2027953,2025-12-29,CUST-1217,Ankit Patel,West,Electronics,Smartwatch,4,2999,0,11996.0,UPI,Returning
ORD-2027954,2025-12-29,CUST-1043,Divya Kapoor,North,Beauty,Face Wash 100ml,1,299,0,299.0,Debit Card,New
ORD-2027955,2025-12-29,CUST-1379,Divya Verma,South,Groceries,Organic Honey 500g,1,349,15,296.65,Credit Card,New
ORD-2027956,2025-12-29,CUST-1327,Kunal Malhotra,East,Sports,Yoga Mat,1,699,5,664.05,Credit Card,New
ORD-2027957,2025-12-29,CUST-1282,Muskan Saxena,East,Electronics,Bluetooth Headphones,5,1799,20,7196.0,Debit Card,New
ORD-2027958,2025-12-29,CUST-1101,Sakshi Sharma,West,Sports,Yoga Mat,1,699,10,629.1,Debit Card,Returning
ORD-2027959,2025-12-29,CUST-1289,Kunal Verma,East,Apparel,Cotton T-Shirt,3,499,20,1197.6,Cash,New
ORD-2027960,2025-12-29,CUST-1068,Isha Verma,West,Groceries,Basmati Rice 5kg,3,549,25,1235.25,Cash,New
ORD-2027961,2025-12-29,CUST-1269,Kunal Verma,West,Electronics,Bluetooth Headphones,2,1799,5,3418.1,UPI,New
ORD-2027962,2025-12-29,CUST-1128,Sakshi Malhotra,East,Home & Kitchen,LED Desk Lamp,2,799,5,1518.1,Debit Card,New
ORD-2027963,2025-12-29,CUST-1135,Shreya Joshi,Central,Apparel,Denim Jacket,4,1999,5,7596.2,UPI,Returning
ORD-2027964,2025-12-29,CUST-1175,Vivaan Kapoor,West,Groceries,Organic Honey 500g,1,349,30,244.3,Cash,Returning
ORD-2027965,2025-12-30,CUST-1127,Muskan Joshi,Central,Electronics,Wireless Mouse,1,599,0,599.0,Debit Card,Returning
ORD-2027966,2025-12-30,CUST-1102,Aarav Patel,West,Home & Kitchen,LED Desk Lamp,1,799,10,719.1,Debit Card,Returning
ORD-2027967,2025-12-30,CUST-1230,Divya Malhotra,South,Apparel,Cotton T-Shirt,4,499,25,1497.0,Net Banking,Returning
ORD-2027968,2025-12-30,CUST-1375,Kunal Joshi,Central,Stationery,Notebook Set,1,199,10,179.1,Cash,Returning
ORD-2027969,2025-12-30,CUST-1233,Rahul Joshi,North,Home & Kitchen,LED Desk Lamp,4,799,10,2876.4,Cash,New
ORD-2027970,2025-12-30,CUST-1397,Aman Verma,East,Beauty,Face Wash 100ml,3,299,5,852.15,UPI,New
ORD-2027971,2025-12-30,CUST-1347,Ankit Joshi,Central,Beauty,Herbal Shampoo,2,249,30,348.6,Net Banking,New
ORD-2027972,2025-12-30,CUST-1202,Isha Verma,East,Electronics,Bluetooth Headphones,1,1799,20,1439.2,Debit Card,Returning
ORD-2027973,2025-12-30,CUST-1243,Aman Joshi,South,Home & Kitchen,LED Desk Lamp,2,799,25,1198.5,Credit Card,Returning
ORD-2027974,2025-12-30,CUST-1056,Aarav Kapoor,Central,Stationery,Notebook Set,1,199,30,139.3,UPI,New
ORD-2027975,2025-12-30,CUST-1385,Aman Kapoor,East,Groceries,Basmati Rice 5kg,2,549,25,823.5,UPI,Returning
ORD-2027976,2025-12-30,CUST-1216,Meera Malhotra,North,Home & Kitchen,LED Desk Lamp,1,799,5,759.05,Cash,Returning
ORD-2027977,2025-12-30,CUST-1063,Aman Sharma,West,Groceries,Organic Honey 500g,1,349,15,296.65,Debit Card,New
ORD-2027978,2025-12-31,CUST-1222,Sakshi Sharma,Central,Sports,Cricket Bat,1,1499,0,1499.0,UPI,Returning
ORD-2027979,2025-12-31,CUST-1329,Swati Gupta,South,Home & Kitchen,LED Desk Lamp,3,799,25,1797.75,Debit Card,Returning
ORD-2027980,2025-12-31,CUST-1145,Kunal Joshi,West,Stationery,Notebook Set,3,199,30,417.9,Debit Card,New
ORD-2027981,2025-12-31,CUST-1029,Swati Patel,West,Home & Kitchen,LED Desk Lamp,4,799,15,2716.6,Debit Card,Returning
ORD-2027982,2025-12-31,CUST-1278,Meera Verma,East,Beauty,Herbal Shampoo,3,249,15,634.95,Debit Card,Returning
ORD-2027983,2025-12-31,CUST-1103,Muskan Gupta,Central,Home & Kitchen,LED Desk Lamp,1,799,5,759.05,UPI,Returning
ORD-2027984,2025-12-31,CUST-1160,Komal Singh,South,Home & Kitchen,LED Desk Lamp,3,799,5,2277.15,UPI,New
ORD-2027985,2025-12-31,CUST-1195,Komal Gupta,East,Beauty,Face Wash 100ml,2,299,10,538.2,Credit Card,New
ORD-2027986,2025-12-31,CUST-1387,Rohan Patel,North,Sports,Cricket Bat,1,1499,15,1274.15,Cash,Returning
ORD-2027987,2025-12-31,CUST-1233,Rahul Joshi,South,Groceries,Basmati Rice 5kg,2,549,0,1098.0,Credit Card,Returning
ORD-2027988,2025-12-31,CUST-1033,Meera Joshi,East,Beauty,Herbal Shampoo,1,249,5,236.55,UPI,Returning
